-- phpMyAdmin SQL Dump
-- version 4.2.13.1
-- http://www.phpmyadmin.net
--
-- Хост: localhost
-- Время создания: Фев 18 2015 г., 09:02
-- Версия сервера: 10.0.13-MariaDB
-- Версия PHP: 5.6.1

SET SQL_MODE = "NO_AUTO_VALUE_ON_ZERO";
SET time_zone = "+00:00";


/*!40101 SET @OLD_CHARACTER_SET_CLIENT=@@CHARACTER_SET_CLIENT */;
/*!40101 SET @OLD_CHARACTER_SET_RESULTS=@@CHARACTER_SET_RESULTS */;
/*!40101 SET @OLD_COLLATION_CONNECTION=@@COLLATION_CONNECTION */;
/*!40101 SET NAMES utf8 */;

--
-- База данных: `apelsin_shop_db`
--
CREATE DATABASE IF NOT EXISTS `apelsin_shop_db` DEFAULT CHARACTER SET utf8 COLLATE utf8_general_ci;
USE `apelsin_shop_db`;

-- --------------------------------------------------------

--
-- Структура таблицы `Components`
--

CREATE TABLE IF NOT EXISTS `Components` (
  `alias` varchar(50) NOT NULL,
  `name` varchar(100) NOT NULL,
  `author` varchar(100) NOT NULL,
  `version` varchar(100) NOT NULL,
  `description` text,
  `adminDir` varchar(200) NOT NULL,
  `admin` varchar(100) DEFAULT NULL
) ENGINE=InnoDB DEFAULT CHARSET=utf8;

--
-- Дамп данных таблицы `Components`
--

INSERT INTO `Components` (`alias`, `name`, `author`, `version`, `description`, `adminDir`, `admin`) VALUES
('Adminpanel', 'Adminpanel', 'Compu Project', '1.0', 'Панель администрирования', 'admin', 'index.php'),
('Materials', 'Материалы сайта', 'Compu Project', '1.0', 'Компонент для размещение материалов на сайте.', 'admin', 'index.php'),
('Users', 'Пользователи', 'Compu Project', '1.0', 'Компонент для работы с пользователями.', 'admin', 'index.php');

-- --------------------------------------------------------

--
-- Структура таблицы `ComponentsDepends`
--

CREATE TABLE IF NOT EXISTS `ComponentsDepends` (
`id` bigint(20) unsigned NOT NULL,
  `elementType` varchar(50) NOT NULL,
  `component` varchar(50) NOT NULL,
  `depends` varchar(50) NOT NULL,
  `versionStart` varchar(100) DEFAULT NULL,
  `versionEnd` varchar(100) DEFAULT NULL
) ENGINE=InnoDB AUTO_INCREMENT=4 DEFAULT CHARSET=utf8;

--
-- Дамп данных таблицы `ComponentsDepends`
--

INSERT INTO `ComponentsDepends` (`id`, `elementType`, `component`, `depends`, `versionStart`, `versionEnd`) VALUES
(1, 'Plugins', 'Materials', 'appearingBox', '1.0', '1.0'),
(2, 'Modules', 'Materials', 'captcha', '1.0', '1.0'),
(3, 'Modules', 'Users', 'captcha', '1.0', '1.0');

-- --------------------------------------------------------

--
-- Структура таблицы `ComponentsDependsElementsType`
--

CREATE TABLE IF NOT EXISTS `ComponentsDependsElementsType` (
  `elementType` varchar(50) NOT NULL,
  `tableName` varchar(50) NOT NULL
) ENGINE=InnoDB DEFAULT CHARSET=utf8;

--
-- Дамп данных таблицы `ComponentsDependsElementsType`
--

INSERT INTO `ComponentsDependsElementsType` (`elementType`, `tableName`) VALUES
('Components', 'Components'),
('Modules', 'Modules'),
('Plugins', 'Plugins');

-- --------------------------------------------------------

--
-- Структура таблицы `ComponentsElements`
--

CREATE TABLE IF NOT EXISTS `ComponentsElements` (
`id` bigint(20) unsigned NOT NULL,
  `alias` varchar(50) NOT NULL,
  `component` varchar(50) NOT NULL,
  `name` varchar(100) DEFAULT NULL,
  `description` longtext,
  `mainPage` varchar(100) NOT NULL,
  `printPage` varchar(100) NOT NULL,
  `mobilePage` varchar(100) NOT NULL,
  `head` varchar(100) DEFAULT NULL,
  `bodyStart` varchar(100) DEFAULT NULL,
  `bodyEnd` varchar(100) DEFAULT NULL,
  `admin` varchar(100) DEFAULT NULL
) ENGINE=InnoDB AUTO_INCREMENT=999902 DEFAULT CHARSET=utf8;

--
-- Дамп данных таблицы `ComponentsElements`
--

INSERT INTO `ComponentsElements` (`id`, `alias`, `component`, `name`, `description`, `mainPage`, `printPage`, `mobilePage`, `head`, `bodyStart`, `bodyEnd`, `admin`) VALUES
(101, 'Material', 'Materials', 'Материал', 'Выводит на страницу сайта один материал.', 'index.php', 'print.php', 'mobile.php', 'head.php', 'bodyStart.php', 'bodyEnd.php', 'index.php'),
(102, 'MaterialsList', 'Materials', 'Список материалов', 'Выводит на страницу сайта список материалов', 'index.php', 'print.php', 'mobile.php', 'head.php', 'bodyStart.php', 'bodyEnd.php', 'index.php'),
(103, 'MaterialsCategory', 'Materials', 'Категории материалов', 'Выводит на страницу сайта категорию материалов', 'index.php', 'print.php', 'mobile.php', 'head.php', 'bodyStart.php', 'bodyEnd.php', 'index.php'),
(104, 'MaterialsCategoryList', 'Materials', 'Список категорий материалов', 'Выводит на страницу сайта список категорий материалов', 'index.php', 'print.php', 'mobile.php', 'head.php', 'bodyStart.php', 'bodyEnd.php', 'index.php'),
(105, 'MaterialsBlog', 'Materials', 'Блог материалов', 'Выводит список материалов в виде блога. Отличается от обычного вывода списка материалов блочной структурой.', 'index.php', 'print.php', 'mobile.php', 'head.php', 'bodyStart.php', 'bodyEnd.php', 'index.php'),
(999801, 'Accounts', 'Users', 'Аккаунт', 'Аккаунт пользователя', 'index.php', 'print.php', 'mobile.php', 'head.php', 'bodyStart.php', 'bodyEnd.php', 'index.php'),
(999802, 'AccountSettings', 'Users', 'Настройки аккаунта', 'Настройки аккаунта пользователя', 'index.php', 'print.php', 'mobile.php', 'head.php', 'bodyStart.php', 'bodyEnd.php', 'index.php'),
(999803, 'Registration', 'Users', 'Регистрация', 'Страница регистрации пользователя', 'index.php', 'print.php', 'mobile.php', 'head.php', 'bodyStart.php', 'bodyEnd.php', 'index.php'),
(999901, 'Adminpanel', 'Adminpanel', 'Панель администрирования', 'Панель администрирвоания', 'index.php', 'print.php', 'mobile.php', 'head.php', 'bodyStart.php', 'bodyEnd.php', 'index.php');

-- --------------------------------------------------------

--
-- Структура таблицы `CreatedModules`
--

CREATE TABLE IF NOT EXISTS `CreatedModules` (
  `id` bigint(20) unsigned NOT NULL,
  `name` varchar(100) NOT NULL,
  `module` varchar(50) NOT NULL
) ENGINE=InnoDB DEFAULT CHARSET=utf8;

-- --------------------------------------------------------

--
-- Структура таблицы `DBerrors`
--

CREATE TABLE IF NOT EXISTS `DBerrors` (
`id` bigint(20) NOT NULL,
  `element` varchar(200) NOT NULL,
  `sql` longtext NOT NULL,
  `date` datetime NOT NULL
) ENGINE=InnoDB DEFAULT CHARSET=utf8;

-- --------------------------------------------------------

--
-- Структура таблицы `HtmlModul`
--

CREATE TABLE IF NOT EXISTS `HtmlModul` (
  `name` varchar(100) NOT NULL,
  `description` text
) ENGINE=InnoDB DEFAULT CHARSET=utf8;

--
-- Дамп данных таблицы `HtmlModul`
--

INSERT INTO `HtmlModul` (`name`, `description`) VALUES
('copyMain', 'Основной копирайт'),
('copyText', 'Копирайт в футэре');

-- --------------------------------------------------------

--
-- Структура таблицы `HtmlModul_Lang`
--

CREATE TABLE IF NOT EXISTS `HtmlModul_Lang` (
  `htmlModul` varchar(100) NOT NULL,
  `lang` varchar(3) NOT NULL,
  `html` longtext NOT NULL
) ENGINE=InnoDB DEFAULT CHARSET=utf8;

--
-- Дамп данных таблицы `HtmlModul_Lang`
--

INSERT INTO `HtmlModul_Lang` (`htmlModul`, `lang`, `html`) VALUES
('copyMain', 'eng', '<div class="futerAdress">Ryazan</div>\r\n<div class="futerCopy">© 2011-2015<br>company «Apelsin»</div>'),
('copyMain', 'rus', '<div class="futerAdress">г. Рязань</div>\r\n<div class="futerCopy">© 2011-2015<br>компания «Апельсин»</div>'),
('copyText', 'eng', '<p>Apelsin company reserves the right to change the information published on the site. </p>\r\n<p>Information available at this site is not a public offer.  </p>\r\n<p>For more information about pricing and terms, please call us at the telephone numbers provided on the <a href="./contacts/en">OUR CONTACTS</a> page.</p>\r\n<p>The use of information from the site <a href="./en/">www.apelsin.ru</a> is prohibited without the prior permission from the  <a href="mailto:site.support@apelsin.ru">Site managers</a>.</p>\r\n'),
('copyText', 'rus', '<p>Компания Апельсин оставляет за собой право вносить изменения в информацию, размещенную на этом сайте.</p>\r\n<p>Информация, размещенная на сайте ни в каком виде не является публичной офертой. </p>\r\n<p>Более подробную информацию о ценах и условиях просьба узнавать по телефонам на странице <a href="./contacts/ru">Контакты</a>.</p>\r\n<p>Использование информации с сайта <a href="./ru/">www.apelsin.ru</a> запрещено без разрешения <a href="mailto:site.support@apelsin.ru">Администрации сайта</a></p>\r\n');

-- --------------------------------------------------------

--
-- Структура таблицы `JCropTypes`
--

CREATE TABLE IF NOT EXISTS `JCropTypes` (
  `type` varchar(50) NOT NULL,
  `aspectRatio` float unsigned NOT NULL DEFAULT '0',
  `bgColor` varchar(45) NOT NULL DEFAULT 'black',
  `bgOpacity` float NOT NULL DEFAULT '0.5',
  `sideHandles` tinyint(3) unsigned NOT NULL DEFAULT '0',
  `minWidth` int(10) unsigned DEFAULT NULL,
  `minHeight` int(10) unsigned DEFAULT NULL,
  `maxWidth` int(10) unsigned DEFAULT NULL,
  `maxHeight` int(10) unsigned DEFAULT NULL,
  `cssClasse` varchar(100) DEFAULT NULL
) ENGINE=InnoDB DEFAULT CHARSET=utf8;

--
-- Дамп данных таблицы `JCropTypes`
--

INSERT INTO `JCropTypes` (`type`, `aspectRatio`, `bgColor`, `bgOpacity`, `sideHandles`, `minWidth`, `minHeight`, `maxWidth`, `maxHeight`, `cssClasse`) VALUES
('Avatar', 1, 'black', 0.2, 1, 150, 150, 600, 600, 'JCrop_Avatar'),
('MaterialsImage', 0, 'black', 0.2, 1, 200, 150, 900, 500, 'JCrop_MaterialsImage');

-- --------------------------------------------------------

--
-- Структура таблицы `Jquery`
--

CREATE TABLE IF NOT EXISTS `Jquery` (
  `fileName` varchar(100) NOT NULL,
  `version` varchar(10) NOT NULL,
  `min` tinyint(1) unsigned NOT NULL DEFAULT '1'
) ENGINE=InnoDB DEFAULT CHARSET=utf8;

--
-- Дамп данных таблицы `Jquery`
--

INSERT INTO `Jquery` (`fileName`, `version`, `min`) VALUES
('jquery-1.10.1.min.js', '1.10.1', 1),
('jquery-1.6.3.min.js', '1.6.3', 1),
('jquery.1.8.2.min.js', '1.8.2', 1),
('jquery-1.9.0.min.js', '1.9.0', 1),
('jquery-2.0.3.min.js', '2.0.3', 1);

-- --------------------------------------------------------

--
-- Структура таблицы `Lang`
--

CREATE TABLE IF NOT EXISTS `Lang` (
  `lang` varchar(3) NOT NULL,
  `langName` varchar(50) NOT NULL,
  `default` tinyint(1) unsigned NOT NULL DEFAULT '0'
) ENGINE=InnoDB DEFAULT CHARSET=utf8;

--
-- Дамп данных таблицы `Lang`
--

INSERT INTO `Lang` (`lang`, `langName`, `default`) VALUES
('eng', 'English', 0),
('rus', 'Русский', 1);

-- --------------------------------------------------------

--
-- Структура таблицы `Materials`
--

CREATE TABLE IF NOT EXISTS `Materials` (
  `alias` varchar(200) NOT NULL,
  `created` datetime NOT NULL,
  `lastChange` datetime NOT NULL,
  `showTitle` tinyint(1) unsigned NOT NULL DEFAULT '1',
  `showCreated` tinyint(1) unsigned NOT NULL DEFAULT '1',
  `showChange` tinyint(1) unsigned NOT NULL DEFAULT '1'
) ENGINE=InnoDB DEFAULT CHARSET=utf8;

--
-- Дамп данных таблицы `Materials`
--

INSERT INTO `Materials` (`alias`, `created`, `lastChange`, `showTitle`, `showCreated`, `showChange`) VALUES
('test', '2015-02-18 00:00:00', '2015-02-18 00:00:00', 1, 1, 1);

-- --------------------------------------------------------

--
-- Структура таблицы `MaterialsCategories`
--

CREATE TABLE IF NOT EXISTS `MaterialsCategories` (
  `alias` varchar(200) NOT NULL,
  `created` datetime NOT NULL,
  `lastChange` datetime NOT NULL
) ENGINE=InnoDB DEFAULT CHARSET=utf8;

-- --------------------------------------------------------

--
-- Структура таблицы `MaterialsCategoriesInList`
--

CREATE TABLE IF NOT EXISTS `MaterialsCategoriesInList` (
  `category` varchar(200) NOT NULL,
  `list` varchar(200) NOT NULL,
  `sequence` int(5) unsigned NOT NULL
) ENGINE=InnoDB DEFAULT CHARSET=utf8;

-- --------------------------------------------------------

--
-- Структура таблицы `MaterialsCategoriesList`
--

CREATE TABLE IF NOT EXISTS `MaterialsCategoriesList` (
  `name` varchar(200) NOT NULL,
  `showFullMaterialsText` tinyint(1) unsigned NOT NULL DEFAULT '0',
  `showShortMaterialsText` tinyint(1) unsigned NOT NULL DEFAULT '1',
  `showCategories` tinyint(1) unsigned NOT NULL DEFAULT '1',
  `showCreated` tinyint(1) unsigned NOT NULL DEFAULT '1',
  `showChange` tinyint(1) unsigned zerofill NOT NULL DEFAULT '1',
  `categorialsAsURL` tinyint(1) unsigned NOT NULL DEFAULT '1',
  `titleAsURL` tinyint(1) unsigned NOT NULL DEFAULT '1',
  `showAllOnPage` tinyint(1) unsigned NOT NULL DEFAULT '0',
  `onPage` int(2) unsigned NOT NULL DEFAULT '10',
  `maxPages` int(2) unsigned NOT NULL DEFAULT '6'
) ENGINE=InnoDB DEFAULT CHARSET=utf8;

-- --------------------------------------------------------

--
-- Структура таблицы `MaterialsCategoriesList_Lang`
--

CREATE TABLE IF NOT EXISTS `MaterialsCategoriesList_Lang` (
  `list` varchar(200) NOT NULL,
  `lang` varchar(3) NOT NULL,
  `name` varchar(200) NOT NULL,
  `description` text
) ENGINE=InnoDB DEFAULT CHARSET=utf8;

-- --------------------------------------------------------

--
-- Структура таблицы `MaterialsCategories_Lang`
--

CREATE TABLE IF NOT EXISTS `MaterialsCategories_Lang` (
  `category` varchar(200) NOT NULL,
  `lang` varchar(3) NOT NULL,
  `name` varchar(200) NOT NULL,
  `description` text
) ENGINE=InnoDB DEFAULT CHARSET=utf8;

-- --------------------------------------------------------

--
-- Структура таблицы `MaterialsInCategories`
--

CREATE TABLE IF NOT EXISTS `MaterialsInCategories` (
  `material` varchar(200) NOT NULL,
  `category` varchar(200) NOT NULL
) ENGINE=InnoDB DEFAULT CHARSET=utf8;

-- --------------------------------------------------------

--
-- Структура таблицы `Materials_Lang`
--

CREATE TABLE IF NOT EXISTS `Materials_Lang` (
  `material` varchar(200) NOT NULL,
  `lang` varchar(3) NOT NULL,
  `title` varchar(200) NOT NULL,
  `text` longtext NOT NULL
) ENGINE=InnoDB DEFAULT CHARSET=utf8;

--
-- Дамп данных таблицы `Materials_Lang`
--

INSERT INTO `Materials_Lang` (`material`, `lang`, `title`, `text`) VALUES
('test', 'rus', 'Тестовая странциа', 'Тестовая страница с тестовым текстом');

-- --------------------------------------------------------

--
-- Структура таблицы `Menu`
--

CREATE TABLE IF NOT EXISTS `Menu` (
  `name` varchar(100) NOT NULL COMMENT 'Название меню',
  `description` text COMMENT 'описание',
  `type` varchar(50) NOT NULL COMMENT 'тип меню',
  `cssClass` varchar(200) DEFAULT NULL COMMENT 'ункиальный стиль меню'
) ENGINE=InnoDB DEFAULT CHARSET=utf8;

-- --------------------------------------------------------

--
-- Структура таблицы `MenuItemParent`
--

CREATE TABLE IF NOT EXISTS `MenuItemParent` (
  `menuItem` bigint(20) unsigned NOT NULL COMMENT 'Элемент меню',
  `parent` bigint(20) unsigned NOT NULL COMMENT 'Родитель элемента меню'
) ENGINE=InnoDB DEFAULT CHARSET=utf8 COMMENT='Таблица родственных связей элементов меню.';

-- --------------------------------------------------------

--
-- Структура таблицы `MenuItems`
--

CREATE TABLE IF NOT EXISTS `MenuItems` (
`id` bigint(20) unsigned NOT NULL COMMENT 'Идентификатор элемента меню',
  `menu` varchar(100) NOT NULL COMMENT 'идентификатор меню',
  `url` text COMMENT 'ссылка которую можно указать вместо идентификатора страницы. Если указана URL то ее приоритет будет выше чем у id страницы',
  `target` int(1) unsigned NOT NULL COMMENT 'как открывать ссылку',
  `sequence` int(5) unsigned NOT NULL
) ENGINE=InnoDB AUTO_INCREMENT=106 DEFAULT CHARSET=utf8;

-- --------------------------------------------------------

--
-- Структура таблицы `MenuItemsPage`
--

CREATE TABLE IF NOT EXISTS `MenuItemsPage` (
  `menuItem` bigint(20) unsigned NOT NULL,
  `page` varchar(50) NOT NULL,
  `postfix` varchar(200) DEFAULT NULL
) ENGINE=InnoDB DEFAULT CHARSET=utf8;

-- --------------------------------------------------------

--
-- Структура таблицы `MenuItems_Lang`
--

CREATE TABLE IF NOT EXISTS `MenuItems_Lang` (
  `menuItem` bigint(20) unsigned NOT NULL,
  `lang` varchar(3) NOT NULL,
  `title` varchar(45) NOT NULL
) ENGINE=InnoDB DEFAULT CHARSET=utf8;

-- --------------------------------------------------------

--
-- Структура таблицы `MenuTypes`
--

CREATE TABLE IF NOT EXISTS `MenuTypes` (
  `type` varchar(50) NOT NULL,
  `description` text,
  `default` tinyint(1) unsigned NOT NULL DEFAULT '0'
) ENGINE=InnoDB DEFAULT CHARSET=utf8 COMMENT='Типы меню:\nВертикальный\nГоризонтальный\nКарусель\nСлайдер';

--
-- Дамп данных таблицы `MenuTypes`
--

INSERT INTO `MenuTypes` (`type`, `description`, `default`) VALUES
('horizontal_1_lvl', 'Горизонтальное одноуровневое меню', 0),
('vertical_1_lvl', 'Вертикальное одноуровневое меню', 1);

-- --------------------------------------------------------

--
-- Структура таблицы `Modules`
--

CREATE TABLE IF NOT EXISTS `Modules` (
  `alias` varchar(50) NOT NULL,
  `name` varchar(100) NOT NULL,
  `author` varchar(100) NOT NULL,
  `version` varchar(100) NOT NULL,
  `description` text,
  `main` varchar(100) NOT NULL,
  `head` varchar(100) DEFAULT NULL,
  `bodyStart` varchar(100) DEFAULT NULL,
  `bodyEnd` varchar(100) DEFAULT NULL,
  `admin` varchar(100) DEFAULT NULL,
  `includeOnceHead` tinyint(1) unsigned NOT NULL DEFAULT '1',
  `includeOnceBodyStart` tinyint(1) unsigned NOT NULL DEFAULT '1',
  `includeOnceBodyEnd` tinyint(1) unsigned NOT NULL DEFAULT '1'
) ENGINE=InnoDB DEFAULT CHARSET=utf8;

--
-- Дамп данных таблицы `Modules`
--

INSERT INTO `Modules` (`alias`, `name`, `author`, `version`, `description`, `main`, `head`, `bodyStart`, `bodyEnd`, `admin`, `includeOnceHead`, `includeOnceBodyStart`, `includeOnceBodyEnd`) VALUES
('authorizationUserPanel', 'Панель авторизации', 'Compu Project', '1.0', 'Модуль для отображения панели авторизации пользователей', 'index.php', 'head.php', 'bodyStart.php', 'bodyEnd.php', 'admin/index.php', 1, 1, 1),
('html', 'Вывод HTML кода', 'Compu Project', '1.0', 'Данный модуль позволяет делать HTML вставки в указанные блоки сайта.', 'index.php', 'head.php', 'bodyStart.php', 'bodyEnd.php', 'admin/index.php', 1, 1, 1),
('langPanel', 'Языковая панель', 'Compu Project', '1.0', 'Панель выбора языка сайта.', 'index.php', 'head.php', 'bodyStart.php', 'bodyEnd.php', 'admin/index.php', 1, 1, 1),
('menu', 'Модуль меню', 'Compu Project', '1.0', 'Модуль для создания меню сайта.', 'index.php', 'head.php', 'bodyStart.php', 'bodyEnd.php', 'admin/index.php', 1, 1, 1),
('slider', 'Слайдер', 'Compu Project', '1.0', 'Модуль для вывода слайдеров', 'index.php', 'head.php', 'bodyStart.php', 'bodyEnd.php', 'admin/index.php', 1, 1, 1),
('socialPanel', 'social panel', 'CompuProject', '1.0', 'социальные сети', 'index.php', 'head.php', 'bodyStart.php', 'bodyEnd.php', 'admin/index.php', 1, 1, 1);

-- --------------------------------------------------------

--
-- Структура таблицы `ModulesDepends`
--

CREATE TABLE IF NOT EXISTS `ModulesDepends` (
`id` bigint(20) unsigned NOT NULL,
  `elementType` varchar(50) NOT NULL,
  `module` varchar(50) NOT NULL,
  `depends` varchar(50) NOT NULL,
  `versionStart` varchar(100) DEFAULT NULL,
  `versionEnd` varchar(100) DEFAULT NULL
) ENGINE=InnoDB DEFAULT CHARSET=utf8;

-- --------------------------------------------------------

--
-- Структура таблицы `ModulesDependsElementsType`
--

CREATE TABLE IF NOT EXISTS `ModulesDependsElementsType` (
  `elementType` varchar(50) NOT NULL,
  `tableName` varchar(50) NOT NULL
) ENGINE=InnoDB DEFAULT CHARSET=utf8;

--
-- Дамп данных таблицы `ModulesDependsElementsType`
--

INSERT INTO `ModulesDependsElementsType` (`elementType`, `tableName`) VALUES
('Components', 'Components'),
('Modules', 'Modules'),
('Plugins', 'Plugins');

-- --------------------------------------------------------

--
-- Структура таблицы `ModulesInBlocks`
--

CREATE TABLE IF NOT EXISTS `ModulesInBlocks` (
`id` bigint(20) unsigned NOT NULL,
  `module` bigint(20) unsigned NOT NULL,
  `block` bigint(20) unsigned NOT NULL,
  `sequence` int(10) unsigned NOT NULL,
  `showTitle` tinyint(3) unsigned NOT NULL DEFAULT '1',
  `cssClasses` varchar(200) DEFAULT NULL,
  `display` tinyint(3) unsigned NOT NULL DEFAULT '1',
  `onAllPages` tinyint(3) unsigned NOT NULL DEFAULT '1'
) ENGINE=InnoDB AUTO_INCREMENT=802 DEFAULT CHARSET=utf8;

-- --------------------------------------------------------

--
-- Структура таблицы `ModulesInBlocks_Lang`
--

CREATE TABLE IF NOT EXISTS `ModulesInBlocks_Lang` (
  `module` bigint(20) unsigned NOT NULL,
  `lang` varchar(3) NOT NULL,
  `title` varchar(100) NOT NULL
) ENGINE=InnoDB DEFAULT CHARSET=utf8;

-- --------------------------------------------------------

--
-- Структура таблицы `ModulesOnPages`
--

CREATE TABLE IF NOT EXISTS `ModulesOnPages` (
  `module` bigint(20) unsigned NOT NULL,
  `page` varchar(50) NOT NULL
) ENGINE=InnoDB DEFAULT CHARSET=utf8;

-- --------------------------------------------------------

--
-- Структура таблицы `ModulesParam`
--

CREATE TABLE IF NOT EXISTS `ModulesParam` (
  `module` bigint(20) unsigned NOT NULL,
  `param` varchar(100) NOT NULL,
  `value` varchar(100) NOT NULL
) ENGINE=InnoDB DEFAULT CHARSET=utf8;

-- --------------------------------------------------------

--
-- Структура таблицы `ModulesTitleIcon`
--

CREATE TABLE IF NOT EXISTS `ModulesTitleIcon` (
  `module` bigint(20) unsigned NOT NULL,
  `icon` varchar(200) NOT NULL,
  `style` varchar(50) NOT NULL
) ENGINE=InnoDB DEFAULT CHARSET=utf8;

-- --------------------------------------------------------

--
-- Структура таблицы `ModulesTitleIconStile`
--

CREATE TABLE IF NOT EXISTS `ModulesTitleIconStile` (
  `style` varchar(50) NOT NULL,
  `align` varchar(50) NOT NULL,
  `width` int(10) unsigned NOT NULL,
  `height` int(10) unsigned NOT NULL
) ENGINE=InnoDB DEFAULT CHARSET=utf8;

-- --------------------------------------------------------

--
-- Структура таблицы `PageParam`
--

CREATE TABLE IF NOT EXISTS `PageParam` (
  `page` varchar(50) NOT NULL,
  `param` varchar(100) NOT NULL,
  `value` varchar(100) NOT NULL
) ENGINE=InnoDB DEFAULT CHARSET=utf8;

--
-- Дамп данных таблицы `PageParam`
--

INSERT INTO `PageParam` (`page`, `param`, `value`) VALUES
('test', 'name', 'test');

-- --------------------------------------------------------

--
-- Структура таблицы `Pages`
--

CREATE TABLE IF NOT EXISTS `Pages` (
  `alias` varchar(50) NOT NULL,
  `showTitle` tinyint(3) unsigned NOT NULL DEFAULT '1',
  `cssClasses` varchar(200) DEFAULT NULL,
  `componentElement` bigint(20) unsigned NOT NULL,
  `template` varchar(50) NOT NULL,
  `isMainPage` tinyint(3) unsigned NOT NULL DEFAULT '0',
  `index` tinyint(3) unsigned NOT NULL DEFAULT '1',
  `follow` tinyint(3) unsigned NOT NULL DEFAULT '1',
  `archive` tinyint(3) unsigned NOT NULL DEFAULT '1',
  `notModifiable` tinyint(3) unsigned NOT NULL DEFAULT '0' COMMENT 'Означает что страница была создана не пользователем а компонентой и может быть удалена только через эту компоненту.'
) ENGINE=InnoDB DEFAULT CHARSET=utf8;

--
-- Дамп данных таблицы `Pages`
--

INSERT INTO `Pages` (`alias`, `showTitle`, `cssClasses`, `componentElement`, `template`, `isMainPage`, `index`, `follow`, `archive`, `notModifiable`) VALUES
('test', 1, NULL, 101, 'apelsinShop', 1, 1, 1, 1, 0);

-- --------------------------------------------------------

--
-- Структура таблицы `Pages_Lang`
--

CREATE TABLE IF NOT EXISTS `Pages_Lang` (
  `page` varchar(50) NOT NULL,
  `lang` varchar(3) NOT NULL,
  `browserTitle` varchar(100) NOT NULL,
  `pageTitle` varchar(100) NOT NULL,
  `description` text,
  `keywords` text
) ENGINE=InnoDB DEFAULT CHARSET=utf8;

--
-- Дамп данных таблицы `Pages_Lang`
--

INSERT INTO `Pages_Lang` (`page`, `lang`, `browserTitle`, `pageTitle`, `description`, `keywords`) VALUES
('test', 'rus', 'Тестовая страница', 'Тестовая страница', NULL, NULL);

-- --------------------------------------------------------

--
-- Структура таблицы `ParamInfo_ComponentsElements`
--

CREATE TABLE IF NOT EXISTS `ParamInfo_ComponentsElements` (
`id` bigint(20) unsigned NOT NULL,
  `componentElement` bigint(20) unsigned NOT NULL,
  `param` varchar(100) NOT NULL DEFAULT 'name',
  `mandatory` tinyint(4) NOT NULL DEFAULT '1',
  `coments` text NOT NULL,
  `table` varchar(200) DEFAULT NULL,
  `column` varchar(200) DEFAULT NULL
) ENGINE=InnoDB AUTO_INCREMENT=14 DEFAULT CHARSET=utf8;

--
-- Дамп данных таблицы `ParamInfo_ComponentsElements`
--

INSERT INTO `ParamInfo_ComponentsElements` (`id`, `componentElement`, `param`, `mandatory`, `coments`, `table`, `column`) VALUES
(1, 101, 'name', 1, 'alias материала для вывода настранице', 'Materials', 'alias'),
(2, 102, 'name', 1, 'name списка категорий', 'MaterialsCategoriesList', 'name'),
(5, 105, 'name', 1, 'name списка категорий для вывода списка материалов', 'MaterialsCategoriesList', 'name');

-- --------------------------------------------------------

--
-- Структура таблицы `PluginDefaultParam`
--

CREATE TABLE IF NOT EXISTS `PluginDefaultParam` (
  `plugin` varchar(50) NOT NULL,
  `param` varchar(100) NOT NULL,
  `value` varchar(100) NOT NULL
) ENGINE=InnoDB DEFAULT CHARSET=utf8;

--
-- Дамп данных таблицы `PluginDefaultParam`
--

INSERT INTO `PluginDefaultParam` (`plugin`, `param`, `value`) VALUES
('jquery', 'min', '1'),
('jquery', 'version', '2.0.3');

-- --------------------------------------------------------

--
-- Структура таблицы `PluginDepends`
--

CREATE TABLE IF NOT EXISTS `PluginDepends` (
`id` bigint(20) unsigned NOT NULL,
  `elementType` varchar(50) NOT NULL,
  `plugin` varchar(50) NOT NULL,
  `depends` varchar(50) NOT NULL,
  `versionStart` varchar(100) DEFAULT NULL,
  `versionEnd` varchar(100) DEFAULT NULL
) ENGINE=InnoDB DEFAULT CHARSET=utf8;

-- --------------------------------------------------------

--
-- Структура таблицы `PluginOnPage`
--

CREATE TABLE IF NOT EXISTS `PluginOnPage` (
`id` int(10) unsigned NOT NULL,
  `plugin` varchar(50) NOT NULL,
  `page` varchar(50) NOT NULL
) ENGINE=InnoDB DEFAULT CHARSET=utf8;

-- --------------------------------------------------------

--
-- Структура таблицы `PluginParam`
--

CREATE TABLE IF NOT EXISTS `PluginParam` (
  `plugin` int(10) unsigned NOT NULL,
  `param` varchar(100) NOT NULL,
  `value` varchar(100) NOT NULL
) ENGINE=InnoDB DEFAULT CHARSET=utf8;

-- --------------------------------------------------------

--
-- Структура таблицы `Plugins`
--

CREATE TABLE IF NOT EXISTS `Plugins` (
  `alias` varchar(50) NOT NULL,
  `name` varchar(100) NOT NULL,
  `author` varchar(100) NOT NULL,
  `version` varchar(100) NOT NULL,
  `description` text,
  `main` varchar(100) NOT NULL,
  `head` varchar(100) DEFAULT NULL,
  `bodyEnd` varchar(100) DEFAULT NULL,
  `admin` varchar(100) DEFAULT NULL,
  `onAllPages` tinyint(3) unsigned NOT NULL DEFAULT '1',
`sequence` int(10) unsigned NOT NULL
) ENGINE=InnoDB AUTO_INCREMENT=9 DEFAULT CHARSET=utf8;

--
-- Дамп данных таблицы `Plugins`
--

INSERT INTO `Plugins` (`alias`, `name`, `author`, `version`, `description`, `main`, `head`, `bodyEnd`, `admin`, `onAllPages`, `sequence`) VALUES
('appearingBox', 'Всплывающий блок', 'Compu Project', '1.0', 'Всплывающий блок дял размещение изображений, страниц, видео и т.д.', 'index.php', 'head.php', '', './admin/index.php', 1, 5),
('AudioPlayer', 'AudioPlayer', 'AudioPlayer', 'AudioPlayer', 'AudioPlayer', 'index.php', 'head.php', 'bodyEnd.php', 'admin/index.php', 1, 4),
('captcha', 'Captcha', 'Compu Project', '1.0', 'Генератор проверочного кода', 'index.php', 'head.php', '', './admin/index.php', 1, 2),
('ContentToColumns', 'Content To Columns', 'Compu Project', '1.0', 'Распределяет равномерно контент по колонкам', 'index.php', 'head.php', NULL, 'admin/index.php', 1, 7),
('JCrop', 'Обрезка изображений', 'Compu Project', '1.0', 'Обрезка изображения', 'index.php', 'head.php', '', './admin/index.php', 1, 3),
('jquery', 'Библиотека Jquery', 'Compu Project', '1.0', 'Плагин для подключения библиотеки Jquery', 'index.php', 'head.php', '', './admin/index.php', 1, 1),
('printPage', 'Версия для печати', 'Compu Project', '1.0', 'Плагин генерирующий кнопку для открытия страницы версии для печати', 'index.php', 'head.php', 'bodyEnd.php', 'admin/index.php', 1, 6),
('snowflakes', 'Snowflakes', 'CompuProject', '1.0', 'Падающий снег', 'index.php', 'head.php', NULL, 'admin/index.php', 0, 8);

-- --------------------------------------------------------

--
-- Структура таблицы `PluginsDependsElementsType`
--

CREATE TABLE IF NOT EXISTS `PluginsDependsElementsType` (
  `elementType` varchar(50) NOT NULL,
  `tableName` varchar(50) NOT NULL
) ENGINE=InnoDB DEFAULT CHARSET=utf8;

--
-- Дамп данных таблицы `PluginsDependsElementsType`
--

INSERT INTO `PluginsDependsElementsType` (`elementType`, `tableName`) VALUES
('Components', 'Components'),
('Modules', 'Modules'),
('Plugins', 'Plugins');

-- --------------------------------------------------------

--
-- Структура таблицы `ROOT_SETTINGS`
--

CREATE TABLE IF NOT EXISTS `ROOT_SETTINGS` (
  `settingsName` varchar(50) NOT NULL,
  `superKey` varchar(100) NOT NULL,
  `multilanguage` tinyint(4) NOT NULL DEFAULT '0',
  `siteClosed` tinyint(4) NOT NULL DEFAULT '0',
  `charset` varchar(100) NOT NULL,
  `companyName` varchar(100) DEFAULT NULL,
  `siteName` varchar(100) NOT NULL,
  `activated` tinyint(4) NOT NULL DEFAULT '0'
) ENGINE=InnoDB DEFAULT CHARSET=utf8;

--
-- Дамп данных таблицы `ROOT_SETTINGS`
--

INSERT INTO `ROOT_SETTINGS` (`settingsName`, `superKey`, `multilanguage`, `siteClosed`, `charset`, `companyName`, `siteName`, `activated`) VALUES
('default', 'f1828ce9f26031573db9a3268b51041c', 1, 0, 'utf8', 'Compu Project', 'Апельсин', 1);

-- --------------------------------------------------------

--
-- Структура таблицы `Sliders`
--

CREATE TABLE IF NOT EXISTS `Sliders` (
  `alias` varchar(100) NOT NULL,
  `theme` varchar(50) NOT NULL,
  `hideTools` tinyint(3) unsigned NOT NULL DEFAULT '1',
  `show_randomly` tinyint(3) unsigned NOT NULL DEFAULT '0',
  `controls` tinyint(3) unsigned NOT NULL DEFAULT '1',
  `controls_position` varchar(50) NOT NULL,
  `focus` tinyint(3) unsigned NOT NULL DEFAULT '0',
  `focus_position` varchar(50) NOT NULL,
  `numbers` tinyint(3) unsigned NOT NULL DEFAULT '0',
  `numbers_align` varchar(50) NOT NULL,
  `progressbar` tinyint(3) unsigned NOT NULL DEFAULT '0',
  `enable_navigation_keys` tinyint(4) NOT NULL DEFAULT '1',
  `label` tinyint(3) unsigned NOT NULL DEFAULT '1',
  `labelAnimation` varchar(50) NOT NULL,
  `dots` tinyint(3) unsigned NOT NULL DEFAULT '1',
  `thumbs` tinyint(3) unsigned NOT NULL DEFAULT '0',
  `preview` tinyint(3) unsigned NOT NULL DEFAULT '1',
  `animations` varchar(50) NOT NULL,
  `interval` int(10) unsigned NOT NULL DEFAULT '4000'
) ENGINE=InnoDB DEFAULT CHARSET=utf8;

-- --------------------------------------------------------

--
-- Структура таблицы `SlidersControlsPosition`
--

CREATE TABLE IF NOT EXISTS `SlidersControlsPosition` (
  `alias` varchar(50) NOT NULL,
  `description` text
) ENGINE=InnoDB DEFAULT CHARSET=utf8;

--
-- Дамп данных таблицы `SlidersControlsPosition`
--

INSERT INTO `SlidersControlsPosition` (`alias`, `description`) VALUES
('center', 'Поцентру'),
('leftBottom', 'Левый нижний угол'),
('leftTop', 'Левый верхний угол'),
('rightBottom', 'Правый нижний угол'),
('rightTop', 'Правый верхний угол');

-- --------------------------------------------------------

--
-- Структура таблицы `SlidersFocusPosition`
--

CREATE TABLE IF NOT EXISTS `SlidersFocusPosition` (
  `alias` varchar(50) NOT NULL,
  `description` text
) ENGINE=InnoDB DEFAULT CHARSET=utf8;

--
-- Дамп данных таблицы `SlidersFocusPosition`
--

INSERT INTO `SlidersFocusPosition` (`alias`, `description`) VALUES
('center', 'Поцентру'),
('leftBottom', 'Левый нижний угол'),
('leftTop', 'Левый верхний угол'),
('rightBottom', 'Правый нижний угол'),
('rightTop', 'Правый верхний угол');

-- --------------------------------------------------------

--
-- Структура таблицы `SlidersLabelAnimation`
--

CREATE TABLE IF NOT EXISTS `SlidersLabelAnimation` (
  `alias` varchar(50) NOT NULL,
  `description` text
) ENGINE=InnoDB DEFAULT CHARSET=utf8;

--
-- Дамп данных таблицы `SlidersLabelAnimation`
--

INSERT INTO `SlidersLabelAnimation` (`alias`, `description`) VALUES
('fixed', 'фиксированно'),
('left', 'с левой стороны'),
('right', 'с правой стороны'),
('slideUp', 'снизу вверх');

-- --------------------------------------------------------

--
-- Структура таблицы `SlidersNumbersAlign`
--

CREATE TABLE IF NOT EXISTS `SlidersNumbersAlign` (
  `alias` varchar(50) NOT NULL,
  `description` text
) ENGINE=InnoDB DEFAULT CHARSET=utf8;

--
-- Дамп данных таблицы `SlidersNumbersAlign`
--

INSERT INTO `SlidersNumbersAlign` (`alias`, `description`) VALUES
('center', 'по центру'),
('left', 'по левой стороне'),
('right', 'по правой стороне');

-- --------------------------------------------------------

--
-- Структура таблицы `SlidersThemes`
--

CREATE TABLE IF NOT EXISTS `SlidersThemes` (
  `alias` varchar(50) NOT NULL,
  `description` text
) ENGINE=InnoDB DEFAULT CHARSET=utf8;

--
-- Дамп данных таблицы `SlidersThemes`
--

INSERT INTO `SlidersThemes` (`alias`, `description`) VALUES
('clean', 'Круглые кнопки переключения на слайдере'),
('default', 'Тема по умолчанию'),
('minimalist', 'Тема минимализма'),
('round', 'Полукруглые стрелки по бокам слайдера, словно окружают его'),
('square', 'Квадратные кнопки переключения на слайдере');

-- --------------------------------------------------------

--
-- Структура таблицы `Slides`
--

CREATE TABLE IF NOT EXISTS `Slides` (
  `fileName` varchar(50) NOT NULL,
  `slider` varchar(100) NOT NULL,
  `sequence` int(11) NOT NULL,
  `animation` varchar(50) NOT NULL,
  `url` text,
  `text` text
) ENGINE=InnoDB DEFAULT CHARSET=utf8;

-- --------------------------------------------------------

--
-- Структура таблицы `SlidesAnimations`
--

CREATE TABLE IF NOT EXISTS `SlidesAnimations` (
  `alias` varchar(50) NOT NULL,
  `description` text
) ENGINE=InnoDB DEFAULT CHARSET=utf8;

--
-- Дамп данных таблицы `SlidesAnimations`
--

INSERT INTO `SlidesAnimations` (`alias`, `description`) VALUES
('blind', ''),
('blindHeight', ''),
('blindWidth', ''),
('block', ''),
('circles', ''),
('circlesInside', ''),
('circlesRotate', ''),
('cube', ''),
('cubeHide', ''),
('cubeJelly', ''),
('cubeRandom', ''),
('cubeShow', ''),
('cubeSize', ''),
('cubeSpread', ''),
('cubeStop', ''),
('cubeStopRandom', ''),
('cut', ''),
('directionBottom', ''),
('directionLeft', ''),
('directionRight', ''),
('directionTop', ''),
('downBars', ''),
('fade', ''),
('fadeFour', ''),
('glassBlock', ''),
('glassCube', ''),
('hideBars', ''),
('horizontal', ''),
('paralell', ''),
('random', ''),
('randomSmart', ''),
('showBars', ''),
('showBarsRandom', ''),
('swapBars', ''),
('swapBarsBack', ''),
('swapBlocks', ''),
('tube', ''),
('upBars', '');

-- --------------------------------------------------------

--
-- Структура таблицы `TemplateBlocks`
--

CREATE TABLE IF NOT EXISTS `TemplateBlocks` (
`id` bigint(20) unsigned NOT NULL,
  `block` varchar(50) NOT NULL,
  `template` varchar(50) NOT NULL,
  `description` text
) ENGINE=InnoDB AUTO_INCREMENT=11 DEFAULT CHARSET=utf8;

-- --------------------------------------------------------

--
-- Структура таблицы `TemplateDependence`
--

CREATE TABLE IF NOT EXISTS `TemplateDependence` (
`id` bigint(20) unsigned NOT NULL,
  `template` varchar(50) NOT NULL,
  `depends` varchar(50) NOT NULL,
  `versionStart` varchar(100) DEFAULT NULL,
  `versionEnd` varchar(100) DEFAULT NULL
) ENGINE=InnoDB DEFAULT CHARSET=utf8;

-- --------------------------------------------------------

--
-- Структура таблицы `Templates`
--

CREATE TABLE IF NOT EXISTS `Templates` (
  `alias` varchar(50) NOT NULL,
  `name` varchar(100) NOT NULL,
  `author` varchar(100) NOT NULL,
  `version` varchar(100) NOT NULL,
  `description` text,
  `default` tinyint(3) unsigned NOT NULL DEFAULT '0',
  `main` varchar(100) NOT NULL,
  `mobile` varchar(100) DEFAULT NULL,
  `print` varchar(100) DEFAULT NULL
) ENGINE=InnoDB DEFAULT CHARSET=utf8;

--
-- Дамп данных таблицы `Templates`
--

INSERT INTO `Templates` (`alias`, `name`, `author`, `version`, `description`, `default`, `main`, `mobile`, `print`) VALUES
('apelsinShop', 'Апельсин', 'Compu Project', 'v1.0', 'Основной шаблон сайта', 1, 'index.php', 'mobile.php', 'print.php');

-- --------------------------------------------------------

--
-- Структура таблицы `UrlTarget`
--

CREATE TABLE IF NOT EXISTS `UrlTarget` (
`id` int(10) unsigned NOT NULL,
  `target` varchar(30) NOT NULL COMMENT 'инструкция об отскрытии ссылки',
  `description` varchar(45) DEFAULT NULL COMMENT 'Описание'
) ENGINE=InnoDB AUTO_INCREMENT=5 DEFAULT CHARSET=utf8 COMMENT='тип ссылки. как ее открывать';

--
-- Дамп данных таблицы `UrlTarget`
--

INSERT INTO `UrlTarget` (`id`, `target`, `description`) VALUES
(1, '_blank', 'Opens the linked document in a new window or '),
(2, '_self', 'Opens the linked document in the same frame a'),
(3, '_parent', 'Opens the linked document in the parent frame'),
(4, '_top', 'Opens the linked document in the full body of');

-- --------------------------------------------------------

--
-- Структура таблицы `Users`
--

CREATE TABLE IF NOT EXISTS `Users` (
  `login` varchar(25) NOT NULL,
  `nickname` varchar(25) DEFAULT NULL,
  `password` varchar(50) NOT NULL,
  `email` varchar(200) NOT NULL,
  `phone` varchar(50) NOT NULL,
  `ferstName` varchar(50) NOT NULL,
  `lastName` varchar(50) NOT NULL,
  `birthday` datetime NOT NULL,
  `sex` tinyint(3) unsigned NOT NULL DEFAULT '1' COMMENT '1 - мужской\n0 - женский',
  `city` varchar(200) NOT NULL,
  `group` varchar(50) NOT NULL,
  `registered` datetime NOT NULL,
  `lastVisit` datetime NOT NULL,
  `activated` tinyint(3) unsigned NOT NULL DEFAULT '0',
  `activatedHash` varchar(200) NOT NULL,
  `disable` tinyint(3) unsigned NOT NULL DEFAULT '0',
  `delete` tinyint(3) unsigned NOT NULL DEFAULT '0',
  `status` varchar(150) DEFAULT NULL,
  `aboutYourself` text,
  `icq` varchar(9) DEFAULT NULL,
  `skype` varchar(25) DEFAULT NULL,
  `vk` varchar(25) DEFAULT NULL,
  `odnoklasniki` varchar(25) DEFAULT NULL,
  `google` varchar(25) DEFAULT NULL,
  `facebook` varchar(25) DEFAULT NULL,
  `twitter` varchar(25) DEFAULT NULL,
  `instagram` varchar(25) DEFAULT NULL,
  `youtube` varchar(25) DEFAULT NULL,
  `livejournal` varchar(25) DEFAULT NULL,
  `blogger` varchar(25) DEFAULT NULL,
  `siteName` varchar(25) DEFAULT NULL,
  `siteUrl` varchar(200) DEFAULT NULL
) ENGINE=InnoDB DEFAULT CHARSET=utf8;

--
-- Дамп данных таблицы `Users`
--

INSERT INTO `Users` (`login`, `nickname`, `password`, `email`, `phone`, `ferstName`, `lastName`, `birthday`, `sex`, `city`, `group`, `registered`, `lastVisit`, `activated`, `activatedHash`, `disable`, `delete`, `status`, `aboutYourself`, `icq`, `skype`, `vk`, `odnoklasniki`, `google`, `facebook`, `twitter`, `instagram`, `youtube`, `livejournal`, `blogger`, `siteName`, `siteUrl`) VALUES
('grimih', 'Grimih', 'bbfd0bf8425e1c91e8807cbe99393407', 'grinenko@apelsin.ru', '+79308701701', 'Михаил', 'Гриненко', '1982-08-12 00:00:00', 1, 'Рязань', 'Administrator', '2014-09-19 04:39:51', '2014-09-19 04:39:51', 1, 'd2ccebe4505dddd2f4c33c36370f1c5e', 0, 0, NULL, '', '', '', '', '', '', '', '', '', '', '', '', '', ''),
('m27', 'm27', 'd57e26d0e2f4d7356686cbb5979a4f82', 'pplheiter@gmail.com', '8-920-986-54-98', 'Данила', 'Андронов', '2014-01-17 00:00:00', 1, 'Рязань', 'Administrator', '2014-09-19 04:36:23', '2014-09-19 04:36:23', 1, 'c03f02a9510235b55d5e0ce8f1bc48af', 0, 0, NULL, 'Бла-бла-бла', '', '', '', '', '', '', '', '', '', '', '', '', ''),
('olga', 'Olga', '12836c0b33a98b189d3e7aa4e191a0a9', 'olga.rjabchicova@gmail.com', '89105675898', 'Ольга', 'Рябчикова', '1974-09-27 00:00:00', 0, 'Рязань', 'Administrator', '2014-09-19 00:00:00', '2014-09-19 00:00:00', 1, '12836c0b33a98b189d3e7aa4e191a0a9', 0, 0, NULL, NULL, NULL, NULL, NULL, NULL, NULL, NULL, NULL, NULL, NULL, NULL, NULL, NULL, NULL),
('raymefise', 'RayMefise', 'a48f3792917ce52e0b6e8d412f061bf4', 'zaytsev.max90@gmail.com', '89105665485', 'Максим', 'Зайцев', '1990-03-01 00:00:00', 1, 'Рязань', 'Administrator', '2013-11-06 12:08:42', '2013-11-06 12:08:42', 1, 'd4af759b9c284a163c6d3d6fe7575eb4', 0, 0, 'Уровень сарказма в моем ответе зависит от уровня тупости вашего вопроса.', 'Психология - это искусство иметь людей раньше чем они поимеют вас!\r\n\r\nЛучший изгиб на теле женщины - это ее улыбка. \r\n\r\nПеред сексом вы помогаете друг другу раздеться, после секса вы одеваете только себя.\r\nМораль: в жизни никто не поможет вам, когда вас поимеют.\r\n\r\nУстой традиций надо соблюдать,\r\nПускай не раз ответят вам отказом,\r\nКонечно дама может и не дать,\r\nНо предложить, ты ей, всегда обязан.', '430776', 'mefise_ray', 'raymefise', '', '113232610557507330855', 'ray.mefise', 'RayMefise', 'ray_mefise', 'RayMefise', '', '', 'Compu Project', 'compuproject.com');

-- --------------------------------------------------------

--
-- Структура таблицы `UsersAgreements`
--

CREATE TABLE IF NOT EXISTS `UsersAgreements` (
  `id` int(10) unsigned NOT NULL,
  `name` varchar(150) NOT NULL,
  `text` longtext NOT NULL,
  `dateOfChange` datetime NOT NULL,
`sequence` int(10) unsigned NOT NULL,
  `site` tinyint(4) NOT NULL DEFAULT '1',
  `admin` tinyint(4) NOT NULL DEFAULT '1'
) ENGINE=InnoDB AUTO_INCREMENT=2 DEFAULT CHARSET=utf8;

--
-- Дамп данных таблицы `UsersAgreements`
--

INSERT INTO `UsersAgreements` (`id`, `name`, `text`, `dateOfChange`, `sequence`, `site`, `admin`) VALUES
(1, 'Пользовательское соглашение', '<b><u>Пользовательское соглашение</u></b>\r\n<ol>\r\n<li><b><u>Общее положения</u></b>\r\n<ol>\r\n<li>Администрация предлагает Пользователю использовать сервисы Интернет-сайта на условиях, изложенных в настоящем Пользовательском соглашении. Соглашение вступает в силу с момента выражения Пользователем согласия с его условиями в порядке, предусмотренном п. 1.3 Соглашения.</li>\r\n<li>Использование сервисов Интернет-сайта регулируется настоящим Соглашением. Соглашение может быть изменено Администрацией без какого-либо специального уведомления, новая редакция Соглашения вступает в силу с момента ее размещения в сети Интернет по указанному адресу в п. 1.5 Соглашения.</li>\r\n<li>Начиная использовать сервис Интернет-сайта, пройдя процедуру регистрации, Пользователь считается принявшим условия Соглашения в полном объеме, без всяких оговорок и исключений. </li>\r\n<li>В случае несогласия Пользователя с какими-либо из положений Соглашения, Пользователь не в праве использовать сервисы Интернет-сайта. В случае если Администрацией были внесены какие-либо изменения в Соглашение в порядке, предусмотренном пунктом 1.2 Соглашения, с которыми Пользователь не согласен, он обязан прекратить использование сервисов Интернет-сайта.</li>\r\n</ol>\r\n</li>\r\n<li><b><u>Правила пользования Сайтом</u></b>\r\n<ol>\r\n<li>Пользование Сайтом возможно только при условии согласия Пользователя с условиями Соглашения и присоединения к нему в порядке, предусмотренном Соглашением. Для возможности использования основного функционала Сайта Пользователь создает Аккаунт.</li>\r\n<li>При регистрации Аккаунта Пользователем указывается актуальная и соответствующая действительности информация, в том числе Ф.И.О., пол, дата рождения и прочая информация. В случае указания неверных данных Пользователю будет отказано в использовании сервисов Интернет-сайта, а так же в участие на фестивале. </li>\r\n<li>Для входа на Сайт Пользователем формируются уникальные учетные данные - логин и пароль, которые являются конфиденциальной информацией и не подлежат разглашению, за исключением случаев, предусмотренных действующим законодательством и/или Соглашением. Риск осуществления мошеннических и иных неправомерных действий с Аккаунтом Пользователя в связи с утратой пароля несет Пользователь.</li>\r\n<li>Персональные данные Пользователя, указанные им при регистрации, а именно фамилия, имя, дата рождения, город проживания и прочая информация, отражаемая в Аккаунте и Профиле Пользователя (далее по тексту - персональные данные), обрабатываются Администрацией для исполнения Соглашения, предоставления Сервисов, оказания услуг Пользователю посредством Сайта.</li>\r\n<li>Присоединяясь к Соглашению и размещая данные в Аккаунте, Пользователь выражает свое согласие на обработку персональных данных Администрацией и на отражение персональных данных в Профиле Пользователя.</li>\r\n<li>Пользователь соглашается с тем, что Администрация в процессе обработки персональных данных имеет право осуществлять с персональными данными следующие действия: сбор, систематизацию, накопление, хранение, использование, уничтожение и иные необходимые в целях исполнения Соглашения и реализации Сервисов действия.</li>\r\n<li>После регистрации Аккаунта Пользователь вправе осуществлять наполнение Аккаунта  Контентом, добавлять фотографии и иные материалы в соответствии с предоставленным функционалом, предоставленными Администрацией при условии соблюдения Соглашения.</li>\r\n<li>Пользователь осознает и соглашается, что размещаемая в Аккаунте Пользователя Информация доступна для ознакомления иным Пользователям через Персональную страницу (Профиль) Пользователя.</li>\r\n<li>Вход на Сайт Пользователем, ранее зарегистрировавшим Аккаунт, осуществляется каждый раз путем прохождения процедуры авторизации - введения логина и пароля Пользователя, перехода по гиперссылке, полученной по электронной почте.</li>\r\n<li>Лицо, авторизовавшееся на Сайте, считается надлежащим владельцем Аккаунта Пользователя, доступ к использованию и управлению которого были получены в результате такой авторизации.</li>\r\n<li>Способы восстановления доступа к Аккаунту, авторизации Пользователя могут быть изменены, отменены или дополнены Администрацией в одностороннем порядке.</li>\r\n<li>Администрация обеспечивает функционирование Сайта в круглосуточном режиме, однако не гарантирует отсутствие перерывов, связанных с техническими неисправностями или проведением профилактических работ. Администрация не гарантирует, что Сайт или любые Сервисы будут функционировать в любое конкретное время в будущем или что они не прекратят работу.</li>\r\n</ol>\r\n</li>\r\n<li><b><u>Права и обязанности Пользователя</u></b>\r\n<ol>\r\n<li>Пользователь вправе:\r\n<ol>\r\n<li>производить настройки Аккаунта и Профиля, менять пароль для доступа к Аккаунту;</li>\r\n<li>размещать в Аккаунте Пользователя информацию о себе, добавлять фотографии, статусы;</li>\r\n<li>осуществлять поиск иных Пользователей в сообществах Пользователей, а также по информации, известной Пользователю и соответствующей информации, размещаемой отыскиваемым Пользователем на Персональной странице;</li>\r\n<li>отправлять и получать Личные сообщения, добавлять сообщения в чат;</li>\r\n<li>осуществлять иные, не запрещенные законодательством Российской Федерации или Соглашением действия, связанные с использованием Сайта.</li>\r\n</ol>\r\n<li> Пользователь гарантирует, что обладает всеми необходимыми полномочиями, для заключения настоящего Соглашения.</li>\r\n<li>Пользователь обязуется:\r\n<ol>\r\n<li>в момент регистрации Аккаунта указывать соответствующие действительности сведения в том числе Ф.И.О., пол, дата рождения и прочая информация. В случае указания неверных данных Пользователю будет отказано в использовании сервисов Интернет-сайта, а так же в участие на фестивале;</li>\r\n<li>принимать необходимые меры для обеспечения конфиденциальности учетных данных (логин и пароль), используемых для доступа к Аккаунту, следить за тем, чтобы пароль не сохранялся в браузере при возможном использовании компьютера другими лицами;</li>\r\n<li>уведомлять Администрацию Сайта обо всех случаях совершения в отношении Пользователя действий, которые могут быть расценены как оскорбительные, унижающие, дискредитирующие и т.п.;</li>\r\n<li>не совершать указанные в разделе 4 Соглашения запрещенные действия.</li>\r\n</ol></li>\r\n</ol></li>\r\n<li><b><u>Пользователю запрещается</u></b>\r\n<ol>\r\n<li>Осуществлять сбор персональных данных других Пользователей;</li>\r\n<li>Использовать любые автоматические или автоматизированные средства для сбора информации, размещенной на Сайте;</li>\r\n<li>Осуществлять пропаганду или агитацию, возбуждающую социальную, расовую, национальную или религиозную ненависть и вражду, пропаганду войны, социального, расового, национального, религиозного или языкового превосходства;</li>\r\n<li>Размещать на Сайте или передавать посредством Личных сообщений информацию ограниченного доступа (конфиденциальную информацию) третьих лиц, если Пользователь не обладает достаточными правами в силу закона или договора на раскрытие данной информации;</li>\r\n<li>Размещать на Сайте в открытом доступе (в чате, в комментариях и/или статусах) или передавать посредством Личных сообщений текстовые сообщения, графические изображения или иные материалы, содержание которых является оскорбительным для других Пользователей или иных лиц или может быть расценено в качестве такового, а также сообщения, изображения и иные материалы, которые дискредитируют Пользователей или иных лиц, содержат угрозы, призывы к насилию, совершению противоправных деяний, антиобщественных, аморальных поступков, а также совершению любых иных действий, противоречащих основам правопорядка и нравственности;</li>\r\n<li>Размещать на Сайте сообщения, графические изображения или другие материалы (в том числе не соответствующие действительности), размещение которых наносит или может нанести ущерб чести, достоинству и деловой репутации гражданина или деловой репутации организации;</li>\r\n<li>Размещать на Сайте сообщения, содержащие нецензурные слова и выражения;</li>\r\n<li>Размещать на Сайте материалы порнографического или эротического характера, фотографии людей в нижнем белье, за исключением купальных костюмов, или гипертекстовые ссылки на Интернет-сайты, содержащие такие материалы;</li>\r\n<li>Размещать на Сайте материалы с изображением алкогольной или табачной продукции, а так же с имитацией процесса курения и употребления алкогольных напитков;</li>\r\n<li>Размещать на Сайте персональные данные, в том числе контактные данные, других Пользователей или иных лиц без их предварительного согласия;</li>\r\n<li>Указывать при регистрации Аккаунта или вводить впоследствии заведомо ложную или вымышленную информацию о себе, в частности чужие или вымышленные имя и фамилию;</li>\r\n<li>Размещать на Сайте в качестве собственной фотографии изображения других лиц или вымышленных персонажей, изображения животных, предметов, абстрактные изображения, а также любые иные графические изображения, не являющиеся изображениями Пользователя, размещающего данные изображения;</li>\r\n<li>Регистрировать Аккаунт Пользователя в целях использования группой лиц или организацией без предварительного явного согласия Администрации;</li>\r\n<li>Регистрировать более одного Аккаунта Пользователя одним и тем же лицом;</li>\r\n<li>Размещать на Сайте в открытом доступе без предварительного согласия Администрации Сайта, передавать посредством Личных сообщений без предварительного согласия Пользователя текстовые сообщения, графические изображения и иные материалы, которые содержат рекламу;</li>\r\n<li>Осуществлять действия, направленные на дестабилизацию функционирования Сайта, осуществлять попытки несанкционированного доступа к управлению Сайтом или его закрытым разделам (разделам, доступ к которым разрешен только Администрации), а также осуществлять любые иные аналогичные действия;</li>\r\n<li>Осуществлять несанкционированный доступ к Аккаунтам иных Пользователей путем подборки или введения пароля, а также предпринимать попытки такого доступа;</li>\r\n<li>Использовать Сайт в каких-либо коммерческих целях без предварительного разрешения Администрации Сайта, за исключением случаев, предусмотренных настоящим Соглашением;</li>\r\n<li>Осуществлять рассылку спама - массовую рассылку коммерческой, политической, рекламной и иной информации (в том числе гиперссылок, ведущих на интернет-сайты с такой информацией и/или на интернет-сайты, содержащие вредоносное программное обеспечение) в Личных сообщениях, комментариях, сообщениях в чате и т.п., если Пользователи-получатели не выражали своего согласия на получение такого рода информации;</li>\r\n<li>Использовать Сайт для целей поиска и подбора персонала, размещения резюме, поиска должников или иных подобных целей.</li>\r\n</ol></li>\r\n<li><b><u>Права и обязанности Администрации Сайта</u></b>\r\n<ol>\r\n<li>Администрация осуществляет текущее управление Сайтом, определяет его структуру, внешний вид, разрешает или ограничивает доступ Пользователей к Сайту, осуществляет иные принадлежащие ей права.</li>\r\n<li>В части предоставления возможности взаимодействия между Пользователями, в том числе предоставления Пользователям возможности самостоятельно совершать те или иные действия в рамках Сайта, Администрация является лицом, только организовавшим техническую возможность такого взаимодействия, и связанные с таким взаимодействием передача, хранение и обеспечение доступа посредством сети Интернет к предоставляемой Пользователями информации, графическим изображениям и иным материалам, осуществляются без изменения таких материалов или влияния на них со стороны Администрации.</li>\r\n<li>Администрация решает вопросы о порядке размещения на Сайте рекламы, участия в партнерских программах и т.д.</li>\r\n<li>Администрация не несет ответственности за размещенные Пользователями Материалы, и предупреждает об уголовной ответственности за нарушение законодательства Российской Федерации.</li>\r\n<li>Администрация имеет право:\r\n<ol>\r\n<li>в любое время изменять оформление Сайта, его содержание, список Сервисов, изменять или дополнять используемые скрипты, программное обеспечение, Контент Администрации и другие объекты, используемые или хранящиеся на Сайте, любые серверные приложения, с уведомлением Пользователя или без такового;</li>\r\n<li>по своему усмотрению удалять любую информацию, в том числе размещаемую Пользователем на Сайте в нарушение законодательства Российской Федерации или положений Соглашения;</li>\r\n<li>использовать Материалы Пользователя в целях рекламы Сайта на свое усмотрение без какой-либо компенсации;</li>\r\n<li>использовать Материалы Пользователя  и/или их отдельные части (фрагменты) любыми способами (в т.ч. без указаний имени автора, модели и т.п.), в любой форме в любых целях, в том числе, в рекламных, макетах, рекламных модулях и т.д., без какой-либо компенсации;</li>\r\n<li>приостанавливать, ограничивать или прекращать доступ Пользователя ко всем или к любому из разделов Сайта, сообществам, группам на Сайте, Сервисам Администрации и/или Сервисам Партнеров Администрации, удалять создаваемые Пользователями сообщества и группы, в любое время без объяснения причин, с предварительным уведомлением или без такового;</li>\r\n<li>удалить Аккаунт Пользователя по своему усмотрению, в том числе в случае совершения Пользователем действий, нарушающих законодательство Российской Федерации или положения Соглашения;</li>\r\n<li>осуществлять рассылку Пользователям сообщений (в том числе сообщений по электронной почте, sms-сообщений и т.п.), являющихся уведомлениями о введении в действие новых, либо отмене старых услуг, утверждении и опубликовании новой редакции Соглашения, о новых Личных сообщениях, комментариях к фотографиям и статусам в Профиле Пользователя и т.п., содержащих рекламную информацию о Сервисах Администрации.</li>\r\n</ol></li>\r\n<li> Администрация не занимается рассмотрением и разрешением споров и конфликтных ситуаций, возникающих между Пользователями, а также между Пользователем и Партнером Администрации при использовании Пользователем Сервиса Партнера Администрации, однако по своему усмотрению может содействовать в разрешении возникших конфликтов. Администрация вправе приостановить, ограничить или прекратить доступ Пользователя к Сайту, в случае получения от других Пользователей мотивированных жалоб на некорректное поведение данного Пользователя на Сайте.</li>\r\n</ol></li>\r\n<li><b><u>Использование пользовательских материалов</u></b>\r\n<ol>\r\n<li>Принимая условия настоящего Соглашения, Пользователь безвозмездно предоставляет Администрации право использования материалов, который Пользователь добавляет, размещает или транслирует на Сайт. </li>\r\n<li>Размещаемые на Сайте Материалы не должны содержать:\r\n<ol>\r\n<li>материалы, которые нарушают действующие нормативно-правовые акта Российской Федерации, являются вредоносными, угрожающими, оскорбляющими нравственность, честь и достоинство, права и охраняемые законом интересы третьих лиц, клеветническими, нарушающими авторские права, пропагандирующими ненависть и/или дискриминацию людей по расовому, этническому, половому, социальному признакам, способствующие разжиганию религиозной, расовой или межнациональной розни, содержащие сцены насилия, либо жестокого обращения с животными, и т.д.;</li>\r\n<li>ущемления прав меньшинств;</li>\r\n<li>выдачи себя за другого человека или представителя организации и/или сообщества без достаточных на то прав, а также введения в заблуждение относительно свойств и характеристик каких-либо субъектов или объектов;</li>\r\n<li>неразрешенной специальным образом рекламной информации, спама, схем «пирамид», «писем счастья»;</li>\r\n<li>материалы, содержащие компьютерные коды, предназначенные для нарушения, уничтожения либо ограничения функциональности любого компьютерного или телекоммуникационного оборудования или программ, для осуществления несанкционированного доступа, а также серийные номера к коммерческим программным продуктам, логины, пароли и прочие средства для получения несанкционированного доступа к платным ресурсам в Интернет;</li>\r\n<li>умышленного или случайного нарушения каких-либо применимых нормативно-правовых актов;</li>\r\n<li>сбора и хранения персональных данных других пользователей;</li>\r\n<li>несогласованной передачи записей рекламного, коммерческого или агитационного характера;</li>\r\n<li>рекламы наркотических средств, алкогольной или табачной продукции, а так же с имитацией процесса курения и употребления алкогольных напитков и наркотиков;</li>\r\n<li>записи в чей-либо адрес, содержащие грубые и оскорбительные выражения.</li>\r\n</ol></li>\r\n</ol></li>\r\n<li><b><u>Прочие условия</u></b>\r\n<ol>\r\n<li>Соглашение вступает в силу с момента принятия его условий Пользователем. Соглашение выражается путем проставления отметки в соответствующем поле во время регистрации Аккаунта Пользователя, а также совершения Пользователем любого из действий по пользованию Сайтом (например, авторизация, фактическое потребление оказываемых услуг, загрузка Контента, использование Сервиса и т.п.). В случае несогласия с условиями Соглашения, Пользователь обязан прекратить пользование Сайтом и удалить Аккаунт Пользователя.</li>\r\n<li>Удаление Аккаунта означает автоматическое удаление персональных данных, Контента, настроек Аккаунта и Профиля, имеющихся у Пользователя ОКов, а также иной имеющейся в Аккаунте Пользователя информации.</li>\r\n<li>Положения Соглашения могут быть дополнены, изменены или отменены Администрацией Сайта в одностороннем порядке без предварительного уведомления Пользователей. Администрация Сайта вправе известить Пользователя о внесенных в Соглашение изменениях или о вступлении в силу новой редакции Соглашения путем опубликования уведомления на Сайте, отправки Личных сообщений Пользователю или иным способом по выбору Администрации Сайта.</li>\r\n<li>К правам и обязанностям Сторон, возникшим на основании редакции Соглашения, утратившей свою силу, применяются положения действующей (актуальной) редакции Соглашения, если иное не вытекает из характера возникших между Сторонами отношений.</li>\r\n<li>Претензии Пользователя, направляемые Администрации, принимаются и рассматриваются при условии указания актуальных и достоверных данных Пользователя, указанных в Аккаунте. Принимая во внимание возможное наличие Аккаунтов со схожими учетными данными, Администрация вправе требовать предоставления дополнительных сведений и информации, в том числе в отношении Аккаунта Пользователя, позволяющих определить, в связи с каким Аккаунтом поступила претензия, или установить принадлежность Аккаунта лицу, обратившемуся с претензией.</li>\r\n</ol></li>\r\n</ol>', '2013-11-05 06:13:33', 1, 1, 1);

-- --------------------------------------------------------

--
-- Структура таблицы `UsersGroups`
--

CREATE TABLE IF NOT EXISTS `UsersGroups` (
  `group` varchar(50) NOT NULL,
  `adminDefault` tinyint(3) unsigned NOT NULL DEFAULT '0',
  `siteDefault` tinyint(3) unsigned NOT NULL DEFAULT '0',
  `loginInAdminPanel` tinyint(3) unsigned NOT NULL DEFAULT '0',
  `changeSettings` tinyint(3) unsigned NOT NULL DEFAULT '0',
  `permissionUsersShow` tinyint(3) unsigned NOT NULL DEFAULT '0',
  `permissionUsersCreate` tinyint(3) unsigned NOT NULL DEFAULT '0',
  `permissionUsersEdit` tinyint(3) unsigned NOT NULL DEFAULT '0',
  `permissionUsersDelete` tinyint(3) unsigned NOT NULL DEFAULT '0',
  `permissionUsersGroupCreate` tinyint(3) unsigned NOT NULL DEFAULT '0',
  `permissionUsersGroupEdit` tinyint(3) unsigned NOT NULL DEFAULT '0',
  `permissionUsersGroupDelete` tinyint(3) unsigned NOT NULL DEFAULT '0',
  `permissionPagesCreate` tinyint(3) unsigned NOT NULL DEFAULT '1',
  `permissionPagesEdit` tinyint(3) unsigned NOT NULL DEFAULT '0',
  `permissionPagesDelete` tinyint(3) unsigned NOT NULL DEFAULT '0',
  `permissionModulesCreate` tinyint(3) unsigned NOT NULL DEFAULT '0',
  `permissionModulesEdit` tinyint(3) unsigned NOT NULL DEFAULT '0',
  `permissionModulesDelete` tinyint(3) unsigned NOT NULL DEFAULT '0',
  `permissionPluginsEdit` tinyint(3) unsigned NOT NULL DEFAULT '0'
) ENGINE=InnoDB DEFAULT CHARSET=utf8;

--
-- Дамп данных таблицы `UsersGroups`
--

INSERT INTO `UsersGroups` (`group`, `adminDefault`, `siteDefault`, `loginInAdminPanel`, `changeSettings`, `permissionUsersShow`, `permissionUsersCreate`, `permissionUsersEdit`, `permissionUsersDelete`, `permissionUsersGroupCreate`, `permissionUsersGroupEdit`, `permissionUsersGroupDelete`, `permissionPagesCreate`, `permissionPagesEdit`, `permissionPagesDelete`, `permissionModulesCreate`, `permissionModulesEdit`, `permissionModulesDelete`, `permissionPluginsEdit`) VALUES
('Administrator', 0, 0, 1, 1, 1, 1, 1, 1, 1, 1, 1, 1, 1, 1, 1, 1, 1, 1),
('Moderator', 1, 0, 1, 0, 0, 0, 0, 0, 0, 0, 0, 0, 1, 0, 0, 0, 0, 0),
('SuperModerator', 0, 0, 1, 0, 1, 0, 0, 0, 0, 0, 0, 1, 1, 0, 1, 1, 0, 0),
('User', 0, 1, 0, 0, 0, 0, 0, 0, 0, 0, 0, 0, 0, 0, 0, 0, 0, 0);

-- --------------------------------------------------------

--
-- Структура таблицы `UsersGroups_Lang`
--

CREATE TABLE IF NOT EXISTS `UsersGroups_Lang` (
  `group` varchar(50) NOT NULL,
  `lang` varchar(3) NOT NULL,
  `name` varchar(100) NOT NULL,
  `description` text
) ENGINE=InnoDB DEFAULT CHARSET=utf8;

--
-- Дамп данных таблицы `UsersGroups_Lang`
--

INSERT INTO `UsersGroups_Lang` (`group`, `lang`, `name`, `description`) VALUES
('Administrator', 'rus', 'Администратор', 'Администратор системы'),
('Moderator', 'rus', 'Модератор', 'Модератор сайта'),
('SuperModerator', 'rus', 'Главный модератор', 'Главный модератор сайта'),
('User', 'rus', 'Пользователь', 'Пользователь сайта');

-- --------------------------------------------------------

--
-- Структура таблицы `UsersMassage`
--

CREATE TABLE IF NOT EXISTS `UsersMassage` (
`id` bigint(20) unsigned NOT NULL,
  `title` varchar(150) DEFAULT NULL,
  `text` text NOT NULL,
  `date` datetime NOT NULL,
  `sender` varchar(25) NOT NULL,
  `addressee` varchar(25) NOT NULL,
  `sender_read` tinyint(4) NOT NULL DEFAULT '0',
  `addressee_read` tinyint(4) NOT NULL DEFAULT '0',
  `sender_delete` tinyint(4) NOT NULL DEFAULT '0',
  `addressee_delete` tinyint(4) NOT NULL DEFAULT '0'
) ENGINE=InnoDB DEFAULT CHARSET=utf8;

-- --------------------------------------------------------

--
-- Структура таблицы `UsersNotifications`
--

CREATE TABLE IF NOT EXISTS `UsersNotifications` (
`id` bigint(20) unsigned NOT NULL,
  `user` varchar(25) NOT NULL,
  `date` datetime NOT NULL,
  `type` varchar(20) NOT NULL
) ENGINE=InnoDB AUTO_INCREMENT=4 DEFAULT CHARSET=utf8;

--
-- Дамп данных таблицы `UsersNotifications`
--

INSERT INTO `UsersNotifications` (`id`, `user`, `date`, `type`) VALUES
(1, 'raymefise', '2013-11-16 00:00:00', 'notification'),
(2, 'raymefise', '2013-11-16 00:00:00', 'alert'),
(3, 'raymefise', '2013-11-16 00:00:00', 'alarm');

-- --------------------------------------------------------

--
-- Структура таблицы `UsersNotificationsType`
--

CREATE TABLE IF NOT EXISTS `UsersNotificationsType` (
  `type` varchar(20) NOT NULL
) ENGINE=InnoDB DEFAULT CHARSET=utf8;

--
-- Дамп данных таблицы `UsersNotificationsType`
--

INSERT INTO `UsersNotificationsType` (`type`) VALUES
('alarm'),
('alert'),
('notification');

-- --------------------------------------------------------

--
-- Структура таблицы `UsersNotifications_Lang`
--

CREATE TABLE IF NOT EXISTS `UsersNotifications_Lang` (
  `usersNotifications` bigint(20) unsigned NOT NULL,
  `lang` varchar(3) NOT NULL,
  `title` varchar(200) NOT NULL,
  `text` longtext NOT NULL
) ENGINE=InnoDB DEFAULT CHARSET=utf8;

--
-- Дамп данных таблицы `UsersNotifications_Lang`
--

INSERT INTO `UsersNotifications_Lang` (`usersNotifications`, `lang`, `title`, `text`) VALUES
(1, 'eng', 'Заполните информацию о себе', 'Уважаемый пользователь, вы не заполнили информацию о себе до конца.'),
(1, 'rus', 'Заполните информацию о себе', 'Уважаемый пользователь, вы не заполнили информацию о себе до конца.'),
(2, 'eng', 'Распространение ложной информации.', 'Есть подозрения о том что вы указали некорректрые данные. Пройтите првоерку или мы вас заблокируем.'),
(2, 'rus', 'Распространение ложной информации.', 'Есть подозрения о том что вы указали некорректрые данные. Пройтите првоерку или мы вас заблокируем.'),
(3, 'eng', 'Предупреждение от Администрации', 'Вас скоро забанят'),
(3, 'rus', 'Предупреждение от Администрации', 'Вас скоро забанят');

--
-- Индексы сохранённых таблиц
--

--
-- Индексы таблицы `Components`
--
ALTER TABLE `Components`
 ADD PRIMARY KEY (`alias`), ADD UNIQUE KEY `name_UNIQUE` (`name`);

--
-- Индексы таблицы `ComponentsDepends`
--
ALTER TABLE `ComponentsDepends`
 ADD PRIMARY KEY (`id`), ADD UNIQUE KEY `id_UNIQUE` (`id`), ADD UNIQUE KEY `depends_UNIQUE` (`depends`,`component`,`elementType`), ADD KEY `fk_ComponentsDepends_1_idx` (`elementType`), ADD KEY `fk_ComponentsDepends_2_idx` (`component`);

--
-- Индексы таблицы `ComponentsDependsElementsType`
--
ALTER TABLE `ComponentsDependsElementsType`
 ADD PRIMARY KEY (`elementType`), ADD UNIQUE KEY `elementType_UNIQUE` (`elementType`);

--
-- Индексы таблицы `ComponentsElements`
--
ALTER TABLE `ComponentsElements`
 ADD PRIMARY KEY (`id`), ADD UNIQUE KEY `component_UNIQUE` (`component`,`alias`), ADD UNIQUE KEY `id_UNIQUE` (`id`), ADD UNIQUE KEY `alias_UNIQUE` (`alias`,`component`);

--
-- Индексы таблицы `CreatedModules`
--
ALTER TABLE `CreatedModules`
 ADD PRIMARY KEY (`id`), ADD UNIQUE KEY `id_UNIQUE` (`id`), ADD KEY `fk_CreatedModules_1_idx` (`module`);

--
-- Индексы таблицы `DBerrors`
--
ALTER TABLE `DBerrors`
 ADD PRIMARY KEY (`id`);

--
-- Индексы таблицы `HtmlModul`
--
ALTER TABLE `HtmlModul`
 ADD PRIMARY KEY (`name`), ADD UNIQUE KEY `name_UNIQUE` (`name`);

--
-- Индексы таблицы `HtmlModul_Lang`
--
ALTER TABLE `HtmlModul_Lang`
 ADD PRIMARY KEY (`htmlModul`,`lang`), ADD KEY `fk_HtmlModul_Lang_HtmlModul_idx` (`htmlModul`), ADD KEY `fk_HtmlModul_Lang_Lang_idx` (`lang`);

--
-- Индексы таблицы `JCropTypes`
--
ALTER TABLE `JCropTypes`
 ADD PRIMARY KEY (`type`), ADD UNIQUE KEY `boxId_UNIQUE` (`type`);

--
-- Индексы таблицы `Jquery`
--
ALTER TABLE `Jquery`
 ADD PRIMARY KEY (`fileName`), ADD UNIQUE KEY `version_UNIQUE` (`version`,`min`), ADD UNIQUE KEY `fileName_UNIQUE` (`fileName`);

--
-- Индексы таблицы `Lang`
--
ALTER TABLE `Lang`
 ADD PRIMARY KEY (`lang`), ADD UNIQUE KEY `lang_UNIQUE` (`lang`), ADD UNIQUE KEY `langName_UNIQUE` (`langName`);

--
-- Индексы таблицы `Materials`
--
ALTER TABLE `Materials`
 ADD PRIMARY KEY (`alias`), ADD UNIQUE KEY `alias_UNIQUE` (`alias`);

--
-- Индексы таблицы `MaterialsCategories`
--
ALTER TABLE `MaterialsCategories`
 ADD PRIMARY KEY (`alias`), ADD UNIQUE KEY `alias_UNIQUE` (`alias`);

--
-- Индексы таблицы `MaterialsCategoriesInList`
--
ALTER TABLE `MaterialsCategoriesInList`
 ADD PRIMARY KEY (`category`,`list`), ADD UNIQUE KEY `key_UNIQUE` (`sequence`,`list`), ADD KEY `fk_MaterialsCategories_has_CategoriesList_CategoriesList1_idx` (`list`), ADD KEY `fk_MaterialsCategories_has_CategoriesList_MaterialsCategori_idx` (`category`);

--
-- Индексы таблицы `MaterialsCategoriesList`
--
ALTER TABLE `MaterialsCategoriesList`
 ADD PRIMARY KEY (`name`), ADD UNIQUE KEY `name_UNIQUE` (`name`);

--
-- Индексы таблицы `MaterialsCategoriesList_Lang`
--
ALTER TABLE `MaterialsCategoriesList_Lang`
 ADD PRIMARY KEY (`list`,`lang`), ADD KEY `fk_MaterialsCategoriesList_Lang_MaterialsCategories_idx` (`list`), ADD KEY `fk_MaterialsCategoriesList_Lang_Lang_idx` (`lang`);

--
-- Индексы таблицы `MaterialsCategories_Lang`
--
ALTER TABLE `MaterialsCategories_Lang`
 ADD PRIMARY KEY (`category`,`lang`), ADD KEY `fk_MaterialsCategories_Lang_MaterialsCategories_idx` (`category`), ADD KEY `fk_MaterialsCategories_Lang_Lang_idx` (`lang`);

--
-- Индексы таблицы `MaterialsInCategories`
--
ALTER TABLE `MaterialsInCategories`
 ADD PRIMARY KEY (`material`,`category`), ADD KEY `fk_MaterialsInCategories_Materials_idx` (`material`), ADD KEY `fk_MaterialsInCategories_MaterialsCategories_idx` (`category`);

--
-- Индексы таблицы `Materials_Lang`
--
ALTER TABLE `Materials_Lang`
 ADD PRIMARY KEY (`material`,`lang`), ADD KEY `fk_Materials_Lang_Materials_idx` (`material`), ADD KEY `fk_Materials_Lang_Lang_idx` (`lang`);

--
-- Индексы таблицы `Menu`
--
ALTER TABLE `Menu`
 ADD PRIMARY KEY (`name`), ADD UNIQUE KEY `name_UNIQUE` (`name`), ADD KEY `fk_Menu_MenuTypes` (`type`);

--
-- Индексы таблицы `MenuItemParent`
--
ALTER TABLE `MenuItemParent`
 ADD PRIMARY KEY (`menuItem`,`parent`), ADD UNIQUE KEY `menuItem_UNIQUE` (`menuItem`), ADD KEY `fk_MenuItemParent_MenuItems1` (`menuItem`), ADD KEY `fk_MenuItemParent_MenuItems2` (`parent`);

--
-- Индексы таблицы `MenuItems`
--
ALTER TABLE `MenuItems`
 ADD PRIMARY KEY (`id`), ADD UNIQUE KEY `id_UNIQUE` (`id`), ADD UNIQUE KEY `key_UNIQUE` (`sequence`,`menu`), ADD KEY `fk_MenuItems_UrlTarget` (`target`), ADD KEY `fk_MenuElements_Menu` (`menu`);

--
-- Индексы таблицы `MenuItemsPage`
--
ALTER TABLE `MenuItemsPage`
 ADD PRIMARY KEY (`menuItem`,`page`), ADD UNIQUE KEY `menuItem_UNIQUE` (`menuItem`), ADD KEY `fk_MenuItemsPage_MenuItems` (`menuItem`), ADD KEY `fk_MenuItemsPage_Pages` (`page`);

--
-- Индексы таблицы `MenuItems_Lang`
--
ALTER TABLE `MenuItems_Lang`
 ADD PRIMARY KEY (`menuItem`,`lang`), ADD KEY `fk_MenuItems_Lang_MenuItems` (`menuItem`), ADD KEY `fk_MenuItems_Lang_Lang` (`lang`);

--
-- Индексы таблицы `MenuTypes`
--
ALTER TABLE `MenuTypes`
 ADD PRIMARY KEY (`type`), ADD UNIQUE KEY `type_UNIQUE` (`type`);

--
-- Индексы таблицы `Modules`
--
ALTER TABLE `Modules`
 ADD PRIMARY KEY (`alias`), ADD UNIQUE KEY `name_UNIQUE` (`name`);

--
-- Индексы таблицы `ModulesDepends`
--
ALTER TABLE `ModulesDepends`
 ADD PRIMARY KEY (`id`), ADD UNIQUE KEY `id_UNIQUE` (`id`), ADD UNIQUE KEY `depends_UNIQUE` (`depends`,`module`,`elementType`), ADD KEY `fk_ModulesDepends_1_idx` (`elementType`), ADD KEY `fk_ModulesDepends_2` (`module`);

--
-- Индексы таблицы `ModulesDependsElementsType`
--
ALTER TABLE `ModulesDependsElementsType`
 ADD PRIMARY KEY (`elementType`), ADD UNIQUE KEY `tableName_UNIQUE` (`tableName`), ADD UNIQUE KEY `elementType_UNIQUE` (`elementType`);

--
-- Индексы таблицы `ModulesInBlocks`
--
ALTER TABLE `ModulesInBlocks`
 ADD PRIMARY KEY (`id`), ADD UNIQUE KEY `module_UNIQUE` (`module`,`block`), ADD UNIQUE KEY `sequence_UNIQUE` (`sequence`,`block`), ADD KEY `fk_ModulesInBlocks_2_idx` (`block`);

--
-- Индексы таблицы `ModulesInBlocks_Lang`
--
ALTER TABLE `ModulesInBlocks_Lang`
 ADD PRIMARY KEY (`module`,`lang`), ADD KEY `fk_ModulesInBlocks_Lang_2_idx` (`lang`);

--
-- Индексы таблицы `ModulesOnPages`
--
ALTER TABLE `ModulesOnPages`
 ADD PRIMARY KEY (`module`,`page`), ADD KEY `fk_ModulesOnPages_2_idx` (`page`), ADD KEY `fk_ModulesOnPages_1_idx` (`module`);

--
-- Индексы таблицы `ModulesParam`
--
ALTER TABLE `ModulesParam`
 ADD PRIMARY KEY (`module`,`param`);

--
-- Индексы таблицы `ModulesTitleIcon`
--
ALTER TABLE `ModulesTitleIcon`
 ADD PRIMARY KEY (`module`), ADD UNIQUE KEY `module_UNIQUE` (`module`), ADD KEY `fk_ModulesTitleIcon_1_idx` (`module`), ADD KEY `fk_ModulesTitleIcon_2_idx` (`style`);

--
-- Индексы таблицы `ModulesTitleIconStile`
--
ALTER TABLE `ModulesTitleIconStile`
 ADD PRIMARY KEY (`style`), ADD UNIQUE KEY `style_UNIQUE` (`style`);

--
-- Индексы таблицы `PageParam`
--
ALTER TABLE `PageParam`
 ADD PRIMARY KEY (`page`,`param`);

--
-- Индексы таблицы `Pages`
--
ALTER TABLE `Pages`
 ADD PRIMARY KEY (`alias`), ADD UNIQUE KEY `alias_UNIQUE` (`alias`), ADD KEY `fk_Pages_1_idx` (`componentElement`), ADD KEY `fk_Pages_2_idx` (`template`);

--
-- Индексы таблицы `Pages_Lang`
--
ALTER TABLE `Pages_Lang`
 ADD PRIMARY KEY (`page`,`lang`), ADD KEY `fk_Pages_Lang_2_idx` (`lang`);

--
-- Индексы таблицы `ParamInfo_ComponentsElements`
--
ALTER TABLE `ParamInfo_ComponentsElements`
 ADD PRIMARY KEY (`id`), ADD UNIQUE KEY `param_UNIQUE` (`param`,`componentElement`), ADD KEY `fk_ParamInfo_ComponentsElements_1_idx` (`componentElement`);

--
-- Индексы таблицы `PluginDefaultParam`
--
ALTER TABLE `PluginDefaultParam`
 ADD PRIMARY KEY (`plugin`,`param`);

--
-- Индексы таблицы `PluginDepends`
--
ALTER TABLE `PluginDepends`
 ADD PRIMARY KEY (`id`), ADD UNIQUE KEY `id_UNIQUE` (`id`), ADD UNIQUE KEY `depends_UNIQUE` (`depends`,`plugin`,`elementType`), ADD KEY `fk_PluginDepends_1_idx` (`elementType`), ADD KEY `fk_PluginDepends_2_idx` (`plugin`);

--
-- Индексы таблицы `PluginOnPage`
--
ALTER TABLE `PluginOnPage`
 ADD PRIMARY KEY (`id`), ADD UNIQUE KEY `plugin_UNIQUE` (`plugin`,`page`), ADD UNIQUE KEY `id_UNIQUE` (`id`), ADD KEY `fk_PluginOnPage_2_idx` (`page`), ADD KEY `fk_PluginOnPage_1_idx` (`plugin`);

--
-- Индексы таблицы `PluginParam`
--
ALTER TABLE `PluginParam`
 ADD PRIMARY KEY (`plugin`,`param`);

--
-- Индексы таблицы `Plugins`
--
ALTER TABLE `Plugins`
 ADD PRIMARY KEY (`alias`), ADD UNIQUE KEY `sequence_UNIQUE` (`sequence`);

--
-- Индексы таблицы `PluginsDependsElementsType`
--
ALTER TABLE `PluginsDependsElementsType`
 ADD PRIMARY KEY (`elementType`), ADD UNIQUE KEY `elementType_UNIQUE` (`elementType`), ADD UNIQUE KEY `tableName_UNIQUE` (`tableName`);

--
-- Индексы таблицы `ROOT_SETTINGS`
--
ALTER TABLE `ROOT_SETTINGS`
 ADD PRIMARY KEY (`settingsName`), ADD UNIQUE KEY `settingsName_UNIQUE` (`settingsName`);

--
-- Индексы таблицы `Sliders`
--
ALTER TABLE `Sliders`
 ADD PRIMARY KEY (`alias`), ADD UNIQUE KEY `alias_UNIQUE` (`alias`), ADD KEY `fk_Sliders_SlidersThemes_idx` (`theme`), ADD KEY `fk_Sliders_1_idx` (`controls_position`), ADD KEY `fk_Sliders_2_idx` (`focus_position`), ADD KEY `fk_Sliders_3_idx` (`numbers_align`), ADD KEY `fk_Sliders_4_idx` (`labelAnimation`), ADD KEY `fk_Sliders_5_idx` (`animations`);

--
-- Индексы таблицы `SlidersControlsPosition`
--
ALTER TABLE `SlidersControlsPosition`
 ADD PRIMARY KEY (`alias`), ADD UNIQUE KEY `alias_UNIQUE` (`alias`);

--
-- Индексы таблицы `SlidersFocusPosition`
--
ALTER TABLE `SlidersFocusPosition`
 ADD PRIMARY KEY (`alias`), ADD UNIQUE KEY `alias_UNIQUE` (`alias`);

--
-- Индексы таблицы `SlidersLabelAnimation`
--
ALTER TABLE `SlidersLabelAnimation`
 ADD PRIMARY KEY (`alias`), ADD UNIQUE KEY `alias_UNIQUE` (`alias`);

--
-- Индексы таблицы `SlidersNumbersAlign`
--
ALTER TABLE `SlidersNumbersAlign`
 ADD PRIMARY KEY (`alias`), ADD UNIQUE KEY `alias_UNIQUE` (`alias`);

--
-- Индексы таблицы `SlidersThemes`
--
ALTER TABLE `SlidersThemes`
 ADD PRIMARY KEY (`alias`), ADD UNIQUE KEY `alias_UNIQUE` (`alias`);

--
-- Индексы таблицы `Slides`
--
ALTER TABLE `Slides`
 ADD PRIMARY KEY (`fileName`,`slider`), ADD UNIQUE KEY `sequence_UNIQUE` (`sequence`,`slider`), ADD KEY `fk_Slides_Sliders_idx` (`slider`), ADD KEY `fk_Slides_SlidesAnimations_idx` (`animation`);

--
-- Индексы таблицы `SlidesAnimations`
--
ALTER TABLE `SlidesAnimations`
 ADD PRIMARY KEY (`alias`), ADD UNIQUE KEY `alias_UNIQUE` (`alias`);

--
-- Индексы таблицы `TemplateBlocks`
--
ALTER TABLE `TemplateBlocks`
 ADD PRIMARY KEY (`id`), ADD UNIQUE KEY `id_UNIQUE` (`id`), ADD UNIQUE KEY `block_UNIQUE` (`block`,`template`), ADD KEY `fk_TemplateBlocks_1_idx` (`template`);

--
-- Индексы таблицы `TemplateDependence`
--
ALTER TABLE `TemplateDependence`
 ADD PRIMARY KEY (`id`), ADD UNIQUE KEY `id_UNIQUE` (`id`), ADD UNIQUE KEY `template_UNIQUE` (`template`,`depends`);

--
-- Индексы таблицы `Templates`
--
ALTER TABLE `Templates`
 ADD PRIMARY KEY (`alias`);

--
-- Индексы таблицы `UrlTarget`
--
ALTER TABLE `UrlTarget`
 ADD PRIMARY KEY (`id`), ADD UNIQUE KEY `id_UNIQUE` (`id`), ADD UNIQUE KEY `target_UNIQUE` (`target`);

--
-- Индексы таблицы `Users`
--
ALTER TABLE `Users`
 ADD PRIMARY KEY (`login`), ADD UNIQUE KEY `login_UNIQUE` (`login`), ADD UNIQUE KEY `email_UNIQUE` (`email`), ADD UNIQUE KEY `phone_UNIQUE` (`phone`), ADD KEY `fk_Users_1_idx` (`group`);

--
-- Индексы таблицы `UsersAgreements`
--
ALTER TABLE `UsersAgreements`
 ADD PRIMARY KEY (`id`), ADD UNIQUE KEY `id_UNIQUE` (`id`), ADD UNIQUE KEY `sequence_UNIQUE` (`sequence`);

--
-- Индексы таблицы `UsersGroups`
--
ALTER TABLE `UsersGroups`
 ADD PRIMARY KEY (`group`), ADD UNIQUE KEY `group_UNIQUE` (`group`);

--
-- Индексы таблицы `UsersGroups_Lang`
--
ALTER TABLE `UsersGroups_Lang`
 ADD PRIMARY KEY (`group`,`lang`), ADD KEY `fk_UsersGroups_Lang_2_idx` (`lang`);

--
-- Индексы таблицы `UsersMassage`
--
ALTER TABLE `UsersMassage`
 ADD PRIMARY KEY (`id`), ADD UNIQUE KEY `id_UNIQUE` (`id`), ADD KEY `fk_UsersMassage_1_idx` (`sender`), ADD KEY `fk_UsersMassage_2_idx` (`addressee`);

--
-- Индексы таблицы `UsersNotifications`
--
ALTER TABLE `UsersNotifications`
 ADD PRIMARY KEY (`id`), ADD UNIQUE KEY `id_UNIQUE` (`id`), ADD KEY `fk_UsersNotifications_1_idx` (`type`), ADD KEY `fk_UsersNotifications_2_idx` (`user`);

--
-- Индексы таблицы `UsersNotificationsType`
--
ALTER TABLE `UsersNotificationsType`
 ADD PRIMARY KEY (`type`), ADD UNIQUE KEY `type_UNIQUE` (`type`);

--
-- Индексы таблицы `UsersNotifications_Lang`
--
ALTER TABLE `UsersNotifications_Lang`
 ADD PRIMARY KEY (`usersNotifications`,`lang`), ADD UNIQUE KEY `lang_UNIQUE` (`lang`,`usersNotifications`);

--
-- AUTO_INCREMENT для сохранённых таблиц
--

--
-- AUTO_INCREMENT для таблицы `ComponentsDepends`
--
ALTER TABLE `ComponentsDepends`
MODIFY `id` bigint(20) unsigned NOT NULL AUTO_INCREMENT,AUTO_INCREMENT=4;
--
-- AUTO_INCREMENT для таблицы `ComponentsElements`
--
ALTER TABLE `ComponentsElements`
MODIFY `id` bigint(20) unsigned NOT NULL AUTO_INCREMENT,AUTO_INCREMENT=999902;
--
-- AUTO_INCREMENT для таблицы `DBerrors`
--
ALTER TABLE `DBerrors`
MODIFY `id` bigint(20) NOT NULL AUTO_INCREMENT;
--
-- AUTO_INCREMENT для таблицы `MenuItems`
--
ALTER TABLE `MenuItems`
MODIFY `id` bigint(20) unsigned NOT NULL AUTO_INCREMENT COMMENT 'Идентификатор элемента меню',AUTO_INCREMENT=106;
--
-- AUTO_INCREMENT для таблицы `ModulesDepends`
--
ALTER TABLE `ModulesDepends`
MODIFY `id` bigint(20) unsigned NOT NULL AUTO_INCREMENT;
--
-- AUTO_INCREMENT для таблицы `ModulesInBlocks`
--
ALTER TABLE `ModulesInBlocks`
MODIFY `id` bigint(20) unsigned NOT NULL AUTO_INCREMENT,AUTO_INCREMENT=802;
--
-- AUTO_INCREMENT для таблицы `ParamInfo_ComponentsElements`
--
ALTER TABLE `ParamInfo_ComponentsElements`
MODIFY `id` bigint(20) unsigned NOT NULL AUTO_INCREMENT,AUTO_INCREMENT=14;
--
-- AUTO_INCREMENT для таблицы `PluginDepends`
--
ALTER TABLE `PluginDepends`
MODIFY `id` bigint(20) unsigned NOT NULL AUTO_INCREMENT;
--
-- AUTO_INCREMENT для таблицы `PluginOnPage`
--
ALTER TABLE `PluginOnPage`
MODIFY `id` int(10) unsigned NOT NULL AUTO_INCREMENT;
--
-- AUTO_INCREMENT для таблицы `Plugins`
--
ALTER TABLE `Plugins`
MODIFY `sequence` int(10) unsigned NOT NULL AUTO_INCREMENT,AUTO_INCREMENT=9;
--
-- AUTO_INCREMENT для таблицы `TemplateBlocks`
--
ALTER TABLE `TemplateBlocks`
MODIFY `id` bigint(20) unsigned NOT NULL AUTO_INCREMENT,AUTO_INCREMENT=11;
--
-- AUTO_INCREMENT для таблицы `TemplateDependence`
--
ALTER TABLE `TemplateDependence`
MODIFY `id` bigint(20) unsigned NOT NULL AUTO_INCREMENT;
--
-- AUTO_INCREMENT для таблицы `UrlTarget`
--
ALTER TABLE `UrlTarget`
MODIFY `id` int(10) unsigned NOT NULL AUTO_INCREMENT,AUTO_INCREMENT=5;
--
-- AUTO_INCREMENT для таблицы `UsersAgreements`
--
ALTER TABLE `UsersAgreements`
MODIFY `sequence` int(10) unsigned NOT NULL AUTO_INCREMENT,AUTO_INCREMENT=2;
--
-- AUTO_INCREMENT для таблицы `UsersMassage`
--
ALTER TABLE `UsersMassage`
MODIFY `id` bigint(20) unsigned NOT NULL AUTO_INCREMENT;
--
-- AUTO_INCREMENT для таблицы `UsersNotifications`
--
ALTER TABLE `UsersNotifications`
MODIFY `id` bigint(20) unsigned NOT NULL AUTO_INCREMENT,AUTO_INCREMENT=4;
--
-- Ограничения внешнего ключа сохраненных таблиц
--

--
-- Ограничения внешнего ключа таблицы `ComponentsDepends`
--
ALTER TABLE `ComponentsDepends`
ADD CONSTRAINT `fk_ComponentsDepends_1` FOREIGN KEY (`elementType`) REFERENCES `ComponentsDependsElementsType` (`elementType`) ON DELETE CASCADE ON UPDATE CASCADE,
ADD CONSTRAINT `fk_ComponentsDepends_2` FOREIGN KEY (`component`) REFERENCES `Components` (`alias`) ON DELETE CASCADE ON UPDATE CASCADE;

--
-- Ограничения внешнего ключа таблицы `ComponentsElements`
--
ALTER TABLE `ComponentsElements`
ADD CONSTRAINT `fk_ComponentsElements_1` FOREIGN KEY (`component`) REFERENCES `Components` (`alias`) ON DELETE CASCADE ON UPDATE CASCADE;

--
-- Ограничения внешнего ключа таблицы `CreatedModules`
--
ALTER TABLE `CreatedModules`
ADD CONSTRAINT `fk_CreatedModules_1` FOREIGN KEY (`module`) REFERENCES `Modules` (`alias`) ON DELETE CASCADE ON UPDATE CASCADE;

--
-- Ограничения внешнего ключа таблицы `HtmlModul_Lang`
--
ALTER TABLE `HtmlModul_Lang`
ADD CONSTRAINT `fk_HtmlModul_Lang_HtmlModul` FOREIGN KEY (`htmlModul`) REFERENCES `HtmlModul` (`name`) ON DELETE CASCADE ON UPDATE CASCADE,
ADD CONSTRAINT `fk_HtmlModul_Lang_Lang` FOREIGN KEY (`lang`) REFERENCES `Lang` (`lang`) ON DELETE CASCADE ON UPDATE CASCADE;

--
-- Ограничения внешнего ключа таблицы `MaterialsCategoriesInList`
--
ALTER TABLE `MaterialsCategoriesInList`
ADD CONSTRAINT `fk_MaterialsCategoriesInList_CategoriesList_CategoriesList` FOREIGN KEY (`list`) REFERENCES `MaterialsCategoriesList` (`name`) ON DELETE CASCADE ON UPDATE CASCADE,
ADD CONSTRAINT `fk_MaterialsCategoriesInList_MaterialsCategories` FOREIGN KEY (`category`) REFERENCES `MaterialsCategories` (`alias`) ON DELETE CASCADE ON UPDATE CASCADE;

--
-- Ограничения внешнего ключа таблицы `MaterialsCategoriesList_Lang`
--
ALTER TABLE `MaterialsCategoriesList_Lang`
ADD CONSTRAINT `fk_MaterialsCategoriesList_Lang_Lang_Lang` FOREIGN KEY (`lang`) REFERENCES `Lang` (`lang`) ON DELETE CASCADE ON UPDATE CASCADE,
ADD CONSTRAINT `fk_MaterialsCategoriesList_Lang_MaterialsCategories` FOREIGN KEY (`list`) REFERENCES `MaterialsCategoriesList` (`name`) ON DELETE CASCADE ON UPDATE CASCADE;

--
-- Ограничения внешнего ключа таблицы `MaterialsCategories_Lang`
--
ALTER TABLE `MaterialsCategories_Lang`
ADD CONSTRAINT `fk_MaterialsCategories_Lang_Lang` FOREIGN KEY (`lang`) REFERENCES `Lang` (`lang`) ON DELETE CASCADE ON UPDATE CASCADE,
ADD CONSTRAINT `fk_MaterialsCategories_Lang_MaterialsCategories` FOREIGN KEY (`category`) REFERENCES `MaterialsCategories` (`alias`) ON DELETE CASCADE ON UPDATE CASCADE;

--
-- Ограничения внешнего ключа таблицы `MaterialsInCategories`
--
ALTER TABLE `MaterialsInCategories`
ADD CONSTRAINT `fk_MaterialsInCategories_Materials` FOREIGN KEY (`material`) REFERENCES `Materials` (`alias`) ON DELETE CASCADE ON UPDATE CASCADE,
ADD CONSTRAINT `fk_MaterialsInCategories_MaterialsCategories` FOREIGN KEY (`category`) REFERENCES `MaterialsCategories` (`alias`) ON DELETE CASCADE ON UPDATE CASCADE;

--
-- Ограничения внешнего ключа таблицы `Materials_Lang`
--
ALTER TABLE `Materials_Lang`
ADD CONSTRAINT `fk_Materials_Lang_Lang` FOREIGN KEY (`lang`) REFERENCES `Lang` (`lang`) ON DELETE CASCADE ON UPDATE CASCADE,
ADD CONSTRAINT `fk_Materials_Lang_Materials` FOREIGN KEY (`material`) REFERENCES `Materials` (`alias`) ON DELETE CASCADE ON UPDATE CASCADE;

--
-- Ограничения внешнего ключа таблицы `Menu`
--
ALTER TABLE `Menu`
ADD CONSTRAINT `fk_Menu_MenuTypes` FOREIGN KEY (`type`) REFERENCES `MenuTypes` (`type`) ON DELETE CASCADE ON UPDATE CASCADE;

--
-- Ограничения внешнего ключа таблицы `MenuItemParent`
--
ALTER TABLE `MenuItemParent`
ADD CONSTRAINT `fk_MenuItemParent_MenuItems1` FOREIGN KEY (`menuItem`) REFERENCES `MenuItems` (`id`) ON DELETE CASCADE ON UPDATE CASCADE,
ADD CONSTRAINT `fk_MenuItemParent_MenuItems2` FOREIGN KEY (`parent`) REFERENCES `MenuItems` (`id`) ON DELETE CASCADE ON UPDATE CASCADE;

--
-- Ограничения внешнего ключа таблицы `MenuItems`
--
ALTER TABLE `MenuItems`
ADD CONSTRAINT `fk_MenuElements_Menu` FOREIGN KEY (`menu`) REFERENCES `Menu` (`name`) ON DELETE CASCADE ON UPDATE CASCADE,
ADD CONSTRAINT `fk_MenuItems_UrlTarget` FOREIGN KEY (`target`) REFERENCES `UrlTarget` (`id`) ON DELETE CASCADE ON UPDATE CASCADE;

--
-- Ограничения внешнего ключа таблицы `MenuItemsPage`
--
ALTER TABLE `MenuItemsPage`
ADD CONSTRAINT `fk_MenuItemsPage_MenuItems` FOREIGN KEY (`menuItem`) REFERENCES `MenuItems` (`id`) ON DELETE CASCADE ON UPDATE CASCADE,
ADD CONSTRAINT `fk_MenuItemsPage_Pages` FOREIGN KEY (`page`) REFERENCES `Pages` (`alias`) ON DELETE CASCADE ON UPDATE CASCADE;

--
-- Ограничения внешнего ключа таблицы `MenuItems_Lang`
--
ALTER TABLE `MenuItems_Lang`
ADD CONSTRAINT `fk_MenuItems_Lang_Lang` FOREIGN KEY (`lang`) REFERENCES `Lang` (`lang`) ON DELETE CASCADE ON UPDATE CASCADE,
ADD CONSTRAINT `fk_MenuItems_Lang_MenuItems` FOREIGN KEY (`menuItem`) REFERENCES `MenuItems` (`id`) ON DELETE CASCADE ON UPDATE CASCADE;

--
-- Ограничения внешнего ключа таблицы `ModulesDepends`
--
ALTER TABLE `ModulesDepends`
ADD CONSTRAINT `fk_ModulesDepends_1` FOREIGN KEY (`elementType`) REFERENCES `ModulesDependsElementsType` (`elementType`) ON DELETE CASCADE ON UPDATE CASCADE,
ADD CONSTRAINT `fk_ModulesDepends_2` FOREIGN KEY (`module`) REFERENCES `Modules` (`alias`) ON DELETE CASCADE ON UPDATE CASCADE;

--
-- Ограничения внешнего ключа таблицы `ModulesInBlocks`
--
ALTER TABLE `ModulesInBlocks`
ADD CONSTRAINT `fk_ModulesInBlocks_1` FOREIGN KEY (`module`) REFERENCES `CreatedModules` (`id`) ON DELETE CASCADE ON UPDATE CASCADE,
ADD CONSTRAINT `fk_ModulesInBlocks_2` FOREIGN KEY (`block`) REFERENCES `TemplateBlocks` (`id`) ON DELETE CASCADE ON UPDATE CASCADE;

--
-- Ограничения внешнего ключа таблицы `ModulesInBlocks_Lang`
--
ALTER TABLE `ModulesInBlocks_Lang`
ADD CONSTRAINT `fk_ModulesInBlocks_Lang_1` FOREIGN KEY (`module`) REFERENCES `ModulesInBlocks` (`id`) ON DELETE CASCADE ON UPDATE CASCADE,
ADD CONSTRAINT `fk_ModulesInBlocks_Lang_2` FOREIGN KEY (`lang`) REFERENCES `Lang` (`lang`) ON DELETE CASCADE ON UPDATE CASCADE;

--
-- Ограничения внешнего ключа таблицы `ModulesOnPages`
--
ALTER TABLE `ModulesOnPages`
ADD CONSTRAINT `fk_ModulesOnPages_1` FOREIGN KEY (`module`) REFERENCES `ModulesInBlocks` (`id`) ON DELETE CASCADE ON UPDATE CASCADE,
ADD CONSTRAINT `fk_ModulesOnPages_2` FOREIGN KEY (`page`) REFERENCES `Pages` (`alias`) ON DELETE CASCADE ON UPDATE CASCADE;

--
-- Ограничения внешнего ключа таблицы `ModulesParam`
--
ALTER TABLE `ModulesParam`
ADD CONSTRAINT `fk_ModulesParam_1` FOREIGN KEY (`module`) REFERENCES `CreatedModules` (`id`) ON DELETE CASCADE ON UPDATE CASCADE;

--
-- Ограничения внешнего ключа таблицы `ModulesTitleIcon`
--
ALTER TABLE `ModulesTitleIcon`
ADD CONSTRAINT `fk_ModulesTitleIcon_1` FOREIGN KEY (`module`) REFERENCES `ModulesInBlocks` (`id`) ON DELETE CASCADE ON UPDATE CASCADE,
ADD CONSTRAINT `fk_ModulesTitleIcon_2` FOREIGN KEY (`style`) REFERENCES `ModulesTitleIconStile` (`style`) ON DELETE CASCADE ON UPDATE CASCADE;

--
-- Ограничения внешнего ключа таблицы `PageParam`
--
ALTER TABLE `PageParam`
ADD CONSTRAINT `fk_PageParam_1` FOREIGN KEY (`page`) REFERENCES `Pages` (`alias`) ON DELETE CASCADE ON UPDATE CASCADE;

--
-- Ограничения внешнего ключа таблицы `Pages`
--
ALTER TABLE `Pages`
ADD CONSTRAINT `fk_Pages_1` FOREIGN KEY (`componentElement`) REFERENCES `ComponentsElements` (`id`) ON DELETE CASCADE ON UPDATE CASCADE,
ADD CONSTRAINT `fk_Pages_2` FOREIGN KEY (`template`) REFERENCES `Templates` (`alias`) ON DELETE CASCADE ON UPDATE CASCADE;

--
-- Ограничения внешнего ключа таблицы `Pages_Lang`
--
ALTER TABLE `Pages_Lang`
ADD CONSTRAINT `fk_Pages_Lang_1` FOREIGN KEY (`page`) REFERENCES `Pages` (`alias`) ON DELETE CASCADE ON UPDATE CASCADE,
ADD CONSTRAINT `fk_Pages_Lang_2` FOREIGN KEY (`lang`) REFERENCES `Lang` (`lang`) ON DELETE CASCADE ON UPDATE CASCADE;

--
-- Ограничения внешнего ключа таблицы `ParamInfo_ComponentsElements`
--
ALTER TABLE `ParamInfo_ComponentsElements`
ADD CONSTRAINT `fk_ParamInfo_ComponentsElements_1` FOREIGN KEY (`componentElement`) REFERENCES `ComponentsElements` (`id`) ON DELETE CASCADE ON UPDATE CASCADE;

--
-- Ограничения внешнего ключа таблицы `PluginDefaultParam`
--
ALTER TABLE `PluginDefaultParam`
ADD CONSTRAINT `fk_PluginDefaultParam_1` FOREIGN KEY (`plugin`) REFERENCES `Plugins` (`alias`) ON DELETE CASCADE ON UPDATE CASCADE;

--
-- Ограничения внешнего ключа таблицы `PluginDepends`
--
ALTER TABLE `PluginDepends`
ADD CONSTRAINT `fk_PluginDepends_1` FOREIGN KEY (`elementType`) REFERENCES `PluginsDependsElementsType` (`elementType`) ON DELETE CASCADE ON UPDATE CASCADE,
ADD CONSTRAINT `fk_PluginDepends_2` FOREIGN KEY (`plugin`) REFERENCES `Plugins` (`alias`) ON DELETE CASCADE ON UPDATE CASCADE;

--
-- Ограничения внешнего ключа таблицы `PluginOnPage`
--
ALTER TABLE `PluginOnPage`
ADD CONSTRAINT `fk_PluginOnPage_1` FOREIGN KEY (`plugin`) REFERENCES `Plugins` (`alias`) ON DELETE CASCADE ON UPDATE CASCADE,
ADD CONSTRAINT `fk_PluginOnPage_2` FOREIGN KEY (`page`) REFERENCES `Pages` (`alias`) ON DELETE CASCADE ON UPDATE CASCADE;

--
-- Ограничения внешнего ключа таблицы `PluginParam`
--
ALTER TABLE `PluginParam`
ADD CONSTRAINT `fk_PluginParam_1` FOREIGN KEY (`plugin`) REFERENCES `PluginOnPage` (`id`) ON DELETE CASCADE ON UPDATE CASCADE;

--
-- Ограничения внешнего ключа таблицы `Sliders`
--
ALTER TABLE `Sliders`
ADD CONSTRAINT `fk_Sliders_1` FOREIGN KEY (`controls_position`) REFERENCES `SlidersControlsPosition` (`alias`) ON DELETE CASCADE ON UPDATE CASCADE,
ADD CONSTRAINT `fk_Sliders_2` FOREIGN KEY (`focus_position`) REFERENCES `SlidersFocusPosition` (`alias`) ON DELETE CASCADE ON UPDATE CASCADE,
ADD CONSTRAINT `fk_Sliders_3` FOREIGN KEY (`numbers_align`) REFERENCES `SlidersNumbersAlign` (`alias`) ON DELETE CASCADE ON UPDATE CASCADE,
ADD CONSTRAINT `fk_Sliders_4` FOREIGN KEY (`labelAnimation`) REFERENCES `SlidersLabelAnimation` (`alias`) ON DELETE CASCADE ON UPDATE CASCADE,
ADD CONSTRAINT `fk_Sliders_5` FOREIGN KEY (`animations`) REFERENCES `SlidesAnimations` (`alias`) ON DELETE CASCADE ON UPDATE CASCADE,
ADD CONSTRAINT `fk_Sliders_SlidersThemes` FOREIGN KEY (`theme`) REFERENCES `SlidersThemes` (`alias`) ON DELETE CASCADE ON UPDATE CASCADE;

--
-- Ограничения внешнего ключа таблицы `Slides`
--
ALTER TABLE `Slides`
ADD CONSTRAINT `fk_Slides_Sliders` FOREIGN KEY (`slider`) REFERENCES `Sliders` (`alias`) ON DELETE CASCADE ON UPDATE CASCADE,
ADD CONSTRAINT `fk_Slides_SlidesAnimations` FOREIGN KEY (`animation`) REFERENCES `SlidesAnimations` (`alias`) ON DELETE CASCADE ON UPDATE CASCADE;

--
-- Ограничения внешнего ключа таблицы `TemplateBlocks`
--
ALTER TABLE `TemplateBlocks`
ADD CONSTRAINT `fk_TemplateBlocks_1` FOREIGN KEY (`template`) REFERENCES `Templates` (`alias`) ON DELETE CASCADE ON UPDATE CASCADE;

--
-- Ограничения внешнего ключа таблицы `TemplateDependence`
--
ALTER TABLE `TemplateDependence`
ADD CONSTRAINT `fk_TemplateDependence_1` FOREIGN KEY (`template`) REFERENCES `Templates` (`alias`) ON DELETE CASCADE ON UPDATE CASCADE;

--
-- Ограничения внешнего ключа таблицы `Users`
--
ALTER TABLE `Users`
ADD CONSTRAINT `fk_Users_1` FOREIGN KEY (`group`) REFERENCES `UsersGroups` (`group`) ON DELETE CASCADE ON UPDATE CASCADE;

--
-- Ограничения внешнего ключа таблицы `UsersGroups_Lang`
--
ALTER TABLE `UsersGroups_Lang`
ADD CONSTRAINT `fk_UsersGroups_Lang_1` FOREIGN KEY (`group`) REFERENCES `UsersGroups` (`group`) ON DELETE CASCADE ON UPDATE CASCADE,
ADD CONSTRAINT `fk_UsersGroups_Lang_2` FOREIGN KEY (`lang`) REFERENCES `Lang` (`lang`) ON DELETE CASCADE ON UPDATE CASCADE;

--
-- Ограничения внешнего ключа таблицы `UsersMassage`
--
ALTER TABLE `UsersMassage`
ADD CONSTRAINT `fk_UsersMassage_1` FOREIGN KEY (`sender`) REFERENCES `Users` (`login`) ON DELETE CASCADE ON UPDATE CASCADE,
ADD CONSTRAINT `fk_UsersMassage_2` FOREIGN KEY (`addressee`) REFERENCES `Users` (`login`) ON DELETE CASCADE ON UPDATE CASCADE;

--
-- Ограничения внешнего ключа таблицы `UsersNotifications`
--
ALTER TABLE `UsersNotifications`
ADD CONSTRAINT `fk_UsersNotifications_1` FOREIGN KEY (`type`) REFERENCES `UsersNotificationsType` (`type`) ON DELETE CASCADE ON UPDATE CASCADE,
ADD CONSTRAINT `fk_UsersNotifications_2` FOREIGN KEY (`user`) REFERENCES `Users` (`login`) ON DELETE CASCADE ON UPDATE CASCADE;

--
-- Ограничения внешнего ключа таблицы `UsersNotifications_Lang`
--
ALTER TABLE `UsersNotifications_Lang`
ADD CONSTRAINT `fk_UsersNotifications_Lang_1` FOREIGN KEY (`usersNotifications`) REFERENCES `UsersNotifications` (`id`) ON DELETE CASCADE ON UPDATE CASCADE,
ADD CONSTRAINT `fk_UsersNotifications_Lang_2` FOREIGN KEY (`lang`) REFERENCES `Lang` (`lang`) ON DELETE CASCADE ON UPDATE CASCADE;

/*!40101 SET CHARACTER_SET_CLIENT=@OLD_CHARACTER_SET_CLIENT */;
/*!40101 SET CHARACTER_SET_RESULTS=@OLD_CHARACTER_SET_RESULTS */;
/*!40101 SET COLLATION_CONNECTION=@OLD_COLLATION_CONNECTION */;
