--
-- Export Date: 2015.04.08 13:42:38
-- Export User: Гриненко Михаил (дизайнер)
--
-- Import Date: 2015.04.08_09.39.00
-- Import User: Максим Зайцев [RayMefise]
--

--
-- DeleteDataLinks
--


--
-- HideData
--


--
-- DeleteData
--


--
-- UpdateData
--


--
-- AddData
--

INSERT INTO `ShopGroups` (`id`, `groupName`, `shown`, `showInHierarchy`) VALUES ('445b4527-ddb0-11e4-8114-00155d3703b3', 'ГКЛ', '1', '1'), ('5285c686-ddb0-11e4-8114-00155d3703b3', 'Гипсокартон', '1', '1'), ('c230c98c-ddb0-11e4-8114-00155d3703b3', 'DANOGIPS', '1', '1'), ('0ff76d38-da05-11e4-8111-00155d3703b3', 'Лакокрасочная продукция', '1', '1'), ('a9a85653-da05-11e4-8111-00155d3703b3', 'Акриловая краска', '1', '1'), ('ab721020-ddae-11e4-8114-00155d3703b3', 'DALI', '1', '1');
INSERT INTO `ShopProperties` (`id`, `propertyName`, `filterType`, `valueType`, `oneOfAllValues`) VALUES ('d624040a-3bb6-11e3-80e1-005056be1f7a', 'Основа', 'groupSelect', 'varchar', '0'), ('0a552a3f-3bb7-11e3-80e1-005056be1f7a', 'Цвет', 'groupSelect', 'varchar', '0'), ('c17ab514-3bbc-11e3-80e1-005056be1f7a', 'Блеск', 'groupSelect', 'varchar', '0'), ('27c97b3a-3bc1-11e3-80e1-005056be1f7a', 'Область применения', 'groupSelect', 'varchar', '0'), ('618eeb90-3bc1-11e3-80e1-005056be1f7a', 'Особенности', 'groupSelect', 'varchar', '0'), ('0569475c-1474-11e3-82b9-0050569a1080', 'Тип', 'groupSelect', 'varchar', '0'), ('0beb7c10-76ad-11e3-8868-005056be1f7a', 'Износоустойчивость', 'groupSelect', 'varchar', '0'), ('6cd386f1-3a4b-11e3-88c8-005056be1f7a', 'Объем (л)', 'intRange', 'float', '0'), ('bbea9c1a-3a4b-11e3-88c8-005056be1f7a', 'Назначение', 'groupSelect', 'varchar', '0'), ('cce0ab91-6a67-11e4-8945-005056be1f7a', 'Страна-производитель', 'groupSelect', 'varchar', '0'), ('e765ba72-107d-11e3-8a5d-0050569a1080', 'База', 'groupSelect', 'varchar', '0'), ('e765ba75-107d-11e3-8a5d-0050569a1080', 'Вес (кг)', 'intRange', 'float', '0'), ('a34e94dc-9f77-11e3-9686-005056be1f7c', 'Морозостойкость', 'groupSelect', 'varchar', '0'), ('6e62ed56-970e-11e4-9be0-005056be1f7c', 'Упаковка', 'groupSelect', 'varchar', '0'), ('c2267174-970e-11e4-9be0-005056be1f7c', 'Длина (м)', 'intRange', 'float', '0'), ('42d0b52f-970f-11e4-9be0-005056be1f7c', 'Вид', 'groupSelect', 'varchar', '0'), ('0e31c585-9718-11e4-9be0-005056be1f7c', 'Ширина (м)', 'intRange', 'float', '0'), ('1452d640-9718-11e4-9be0-005056be1f7c', 'Толщина (м)', 'intRange', 'float', '0'), ('24cace4a-9718-11e4-9be0-005056be1f7c', 'Высота (м)', 'intRange', 'float', '0'), ('1ea6fcc4-d206-11e4-9be0-005056be1f7c', 'Размер зерна (мм)', 'intRange', 'int', '0'), ('d17cb785-d20b-11e4-9be0-005056be1f7c', 'Объем (мл)', 'intRange', 'int', '0'), ('1d08380b-ce34-11e4-a80e-005056be1f7a', 'Вес (гр)', 'intRange', 'int', '0'), ('e8287600-ad96-11e3-b114-005056be1f7c', 'Брэнд', 'groupSelect', 'varchar', '0'), ('e2e87ce8-ad99-11e3-b114-005056be1f7c', 'Расход', 'intRange', 'float', '0'), ('5ca72995-ad9a-11e3-b114-005056be1f7c', 'Диаметр (м)', 'intRange', 'float', '0');
INSERT INTO `ShopItems` (`id`, `itemName`, `group`, `action`, `amount`, `minAmount`, `description`, `shown`) VALUES ('83afb766-99a5-11db-937f-000e0c431b59', 'ГВЛВ 2500х1200 х 10.0 мм Кнауф  (50шт/уп)', '445b4527-ddb0-11e4-8114-00155d3703b3', '0', '686', '380', '0', '1'), ('1ae96ec3-10cc-11e4-8071-005056be1f7b', 'ГКЛ 2500х1200х12,5мм  Danogips (62шт/уп)', 'c230c98c-ddb0-11e4-8114-00155d3703b3', '0', '7520', '30', 'Плита гипсовая обычная с утонённой кромкой применяется внутри помещений с нормальной влажностью. Используется для создания ненесущих перегородок, изготовления декоративных и звукопоглащающих изделий.', '1'), ('4c562149-49b3-11e2-96a1-005056be271d', 'ПГП полнотелая 667*500*80мм (30шт/уп)', '5285c686-ddb0-11e4-8114-00155d3703b3', '0', '838', '0', 'Пазогребневые плиты из гипсового вяжущего с добавлением пластифицирующих и гидрофобных добавок предназначены для устройства перегородок в зданиях и помещениях различного назначения. Изготовлены из экологически чистого природного материала, являются негорючими, не содержат токсических веществ, не имеют запаха, обладают высокой звукоизолирующей способностью и высокой паро-, газопроницаемостью.', '1'), ('a6f80c96-516a-11dd-a89a-000e0c431b58', 'Краска ВД акриловая д/обоев DALI 2,5л (Рогнеда)', 'ab721020-ddae-11e4-8114-00155d3703b3', '0', '190', '37', 'Краска DALI акриловая для обоев обладает отличной адгезией к бумажным, флизелиновым и стеклообоям. Благодаря специально разработанному составу, краска DALI обладает хорошей укрывистостью и без проблем наносится на обои под покраску, сохраняя фактуру. Так же краска DALI может быть нанесена на минеральные поверхности, такие как гипсокартон, штукатурки, шпатлевки и тому подобные покрытия. Единственным условием к поверхности - нормальная влажность и температура в помещении, в котором производятся работы. Краска Dali содержит в составе специальные антибактериальные добавки, препятствующие образованию и размножению био организмов и бактерий. Кроме того краска DALI устойчива к влажной уборке и применению моющих средств, что делает стены и потолок помещения долговечными. Существуют две разновидности краски DALI - база А, подходящая и для машинной и для ручной колеровки, и база С, подходящая только для машинной колеровки. Купить и заколеровать краску DALI, а так же другую продукцию компании Рогнеда Вы можете в интернет магазине СтройБери, а так же в сети розничных магазинов.', '1');
INSERT INTO `ShopPricesTypes` (`id`, `typeName`, `default`) VALUES ('feff0694-99ab-11db-937f-000e0c431b59', 'Оптовая', '1'), ('288427e0-9732-11db-bbb4-0017315894a1', 'Розничная', '0'), ('feff0696-99ab-11db-937f-000e0c431b59', 'СпецТорг', '0');

--
-- AddDataLinks
--

INSERT INTO `ShopGroupsHierarchy` (`group`, `parentGroup`) VALUES ('5285c686-ddb0-11e4-8114-00155d3703b3', '445b4527-ddb0-11e4-8114-00155d3703b3'), ('c230c98c-ddb0-11e4-8114-00155d3703b3', '5285c686-ddb0-11e4-8114-00155d3703b3'), ('a9a85653-da05-11e4-8111-00155d3703b3', '0ff76d38-da05-11e4-8111-00155d3703b3'), ('ab721020-ddae-11e4-8114-00155d3703b3', 'a9a85653-da05-11e4-8111-00155d3703b3');
INSERT INTO `ShopPropertiesInGroups` (`group`, `property`, `sequence`) VALUES ('0ff76d38-da05-11e4-8111-00155d3703b3', 'd624040a-3bb6-11e3-80e1-005056be1f7a', '1'), ('0ff76d38-da05-11e4-8111-00155d3703b3', 'e765ba72-107d-11e3-8a5d-0050569a1080', '2'), ('0ff76d38-da05-11e4-8111-00155d3703b3', '0a552a3f-3bb7-11e3-80e1-005056be1f7a', '3'), ('0ff76d38-da05-11e4-8111-00155d3703b3', 'c17ab514-3bbc-11e3-80e1-005056be1f7a', '4'), ('0ff76d38-da05-11e4-8111-00155d3703b3', '27c97b3a-3bc1-11e3-80e1-005056be1f7a', '5'), ('0ff76d38-da05-11e4-8111-00155d3703b3', 'e8287600-ad96-11e3-b114-005056be1f7c', '6'), ('0ff76d38-da05-11e4-8111-00155d3703b3', 'cce0ab91-6a67-11e4-8945-005056be1f7a', '7'), ('0ff76d38-da05-11e4-8111-00155d3703b3', '6cd386f1-3a4b-11e3-88c8-005056be1f7a', '8'), ('0ff76d38-da05-11e4-8111-00155d3703b3', 'bbea9c1a-3a4b-11e3-88c8-005056be1f7a', '9'), ('0ff76d38-da05-11e4-8111-00155d3703b3', '42d0b52f-970f-11e4-9be0-005056be1f7c', '10'), ('0ff76d38-da05-11e4-8111-00155d3703b3', 'd17cb785-d20b-11e4-9be0-005056be1f7c', '11'), ('445b4527-ddb0-11e4-8114-00155d3703b3', 'e8287600-ad96-11e3-b114-005056be1f7c', '1'), ('445b4527-ddb0-11e4-8114-00155d3703b3', 'cce0ab91-6a67-11e4-8945-005056be1f7a', '2'), ('445b4527-ddb0-11e4-8114-00155d3703b3', '42d0b52f-970f-11e4-9be0-005056be1f7c', '3');
INSERT INTO `ShopItemsPropertiesValues` (`id`, `item`, `property`, `value`, `measure`) VALUES ('83afb766-99a5-11db-937f-000e0c431b59-BdCh-FXwC-Aa0u-EhZb-ALaS-I2z3', '83afb766-99a5-11db-937f-000e0c431b59', 'e8287600-ad96-11e3-b114-005056be1f7c', 'DANOGIPS', ''), ('83afb766-99a5-11db-937f-000e0c431b59-BvDp-Fjqq-A8Hi-EUQo-Acur-IAHd', '83afb766-99a5-11db-937f-000e0c431b59', 'cce0ab91-6a67-11e4-8945-005056be1f7a', 'Россия', ''), ('83afb766-99a5-11db-937f-000e0c431b59-BCid-FwF3-ANRT-EgJI-AZ5L-IEd3', '83afb766-99a5-11db-937f-000e0c431b59', '42d0b52f-970f-11e4-9be0-005056be1f7c', 'гипсокартон', ''), ('1ae96ec3-10cc-11e4-8071-005056be1f7b-BvbA-FTvQ-A9OA-EpOI-AJRq-InEw', '1ae96ec3-10cc-11e4-8071-005056be1f7b', 'e8287600-ad96-11e3-b114-005056be1f7c', 'DANOGIPS', ''), ('1ae96ec3-10cc-11e4-8071-005056be1f7b-BfSD-FzyM-A8OH-EJTl-ABEC-ICYy', '1ae96ec3-10cc-11e4-8071-005056be1f7b', 'cce0ab91-6a67-11e4-8945-005056be1f7a', 'Россия', ''), ('1ae96ec3-10cc-11e4-8071-005056be1f7b-BSXC-FTDR-AbMj-EIzn-A5V6-I9Lu', '1ae96ec3-10cc-11e4-8071-005056be1f7b', '42d0b52f-970f-11e4-9be0-005056be1f7c', 'гипсокартон', ''), ('4c562149-49b3-11e2-96a1-005056be271d-BLI0-FTSS-A5TX-E7Wv-AupJ-Ix9M', '4c562149-49b3-11e2-96a1-005056be271d', 'e8287600-ad96-11e3-b114-005056be1f7c', 'DANOGIPS', ''), ('4c562149-49b3-11e2-96a1-005056be271d-BEaY-FojO-ARek-ENcv-A8o5-I78M', '4c562149-49b3-11e2-96a1-005056be271d', 'cce0ab91-6a67-11e4-8945-005056be1f7a', 'Россия', ''), ('4c562149-49b3-11e2-96a1-005056be271d-BP2g-Fmx3-AYih-EhVg-Ata7-IIEg', '4c562149-49b3-11e2-96a1-005056be271d', '42d0b52f-970f-11e4-9be0-005056be1f7c', 'пазогребневая гипсовая плита', ''), ('a6f80c96-516a-11dd-a89a-000e0c431b58-BXWA-F8jc-AthH-EneE-A1t7-IWWu', 'a6f80c96-516a-11dd-a89a-000e0c431b58', 'd624040a-3bb6-11e3-80e1-005056be1f7a', 'акриловая', ''), ('a6f80c96-516a-11dd-a89a-000e0c431b58-BOuS-FwSo-ASBE-EPKJ-Avhg-IveF', 'a6f80c96-516a-11dd-a89a-000e0c431b58', '0a552a3f-3bb7-11e3-80e1-005056be1f7a', 'белый', ''), ('a6f80c96-516a-11dd-a89a-000e0c431b58-BOOn-FV3H-Aas2-EWEN-AHT9-IZGQ', 'a6f80c96-516a-11dd-a89a-000e0c431b58', '27c97b3a-3bc1-11e3-80e1-005056be1f7a', 'внутренние работы', ''), ('a6f80c96-516a-11dd-a89a-000e0c431b58-BEZS-FJoc-ASa0-EzMe-A5as-Iiwk', 'a6f80c96-516a-11dd-a89a-000e0c431b58', 'e8287600-ad96-11e3-b114-005056be1f7c', 'DALI', ''), ('a6f80c96-516a-11dd-a89a-000e0c431b58-BpMS-FhjX-Auqr-EtGx-A0KM-IRT2', 'a6f80c96-516a-11dd-a89a-000e0c431b58', 'cce0ab91-6a67-11e4-8945-005056be1f7a', 'Россия', ''), ('a6f80c96-516a-11dd-a89a-000e0c431b58-BumR-Ftbd-ANW5-E75q-Ahk4-I1Hc', 'a6f80c96-516a-11dd-a89a-000e0c431b58', '6cd386f1-3a4b-11e3-88c8-005056be1f7a', '', 'л'), ('a6f80c96-516a-11dd-a89a-000e0c431b58-BO3J-F6lP-Asla-E64t-AwnW-IEXx', 'a6f80c96-516a-11dd-a89a-000e0c431b58', 'bbea9c1a-3a4b-11e3-88c8-005056be1f7a', '', ''), ('a6f80c96-516a-11dd-a89a-000e0c431b58-BhlJ-FciE-AIFo-EB6w-AeJo-IoFQ', 'a6f80c96-516a-11dd-a89a-000e0c431b58', '42d0b52f-970f-11e4-9be0-005056be1f7c', 'краска', '');
INSERT INTO `ShopItemsPrices` (`item`, `price`, `value`) VALUES ('83afb766-99a5-11db-937f-000e0c431b59', 'feff0694-99ab-11db-937f-000e0c431b59', '420'), ('83afb766-99a5-11db-937f-000e0c431b59', 'feff0696-99ab-11db-937f-000e0c431b59', '407'), ('83afb766-99a5-11db-937f-000e0c431b59', '288427e0-9732-11db-bbb4-0017315894a1', '453'), ('1ae96ec3-10cc-11e4-8071-005056be1f7b', 'feff0694-99ab-11db-937f-000e0c431b59', '167'), ('1ae96ec3-10cc-11e4-8071-005056be1f7b', 'feff0696-99ab-11db-937f-000e0c431b59', '165'), ('1ae96ec3-10cc-11e4-8071-005056be1f7b', '288427e0-9732-11db-bbb4-0017315894a1', '175'), ('4c562149-49b3-11e2-96a1-005056be271d', 'feff0694-99ab-11db-937f-000e0c431b59', '190'), ('4c562149-49b3-11e2-96a1-005056be271d', 'feff0696-99ab-11db-937f-000e0c431b59', '175'), ('4c562149-49b3-11e2-96a1-005056be271d', '288427e0-9732-11db-bbb4-0017315894a1', '199'), ('a6f80c96-516a-11dd-a89a-000e0c431b58', 'feff0694-99ab-11db-937f-000e0c431b59', '486.68'), ('a6f80c96-516a-11dd-a89a-000e0c431b58', 'feff0696-99ab-11db-937f-000e0c431b59', '390'), ('a6f80c96-516a-11dd-a89a-000e0c431b58', '288427e0-9732-11db-bbb4-0017315894a1', '529');

--
-- Success
--

UPDATE `ShopImportLogs` SET `success`='1', `errors`='0', `warnings`='0' WHERE `importDate` = '2015-04-08 09:39:00' AND `exportDate` = '2015-04-08 13:42:38' AND `user` = 'raymefise';