



UPDATE `ShopGroups` SET `shown` = '0' WHERE `id` = '7bf74036-99a5-11db-937f-000e0c431b59' ;
UPDATE `ShopGroups` SET `shown` = '0' WHERE `id` = '7bf74038-99a5-11db-937f-000e0c431b59' ;
UPDATE `ShopGroups` SET `shown` = '0' WHERE `id` = '0e0a7c73-1daf-11de-8db9-000e0c431b58' ;
UPDATE `ShopGroups` SET `shown` = '0' WHERE `id` = '0e0a7c6f-1daf-11de-8db9-000e0c431b58' ;
UPDATE `ShopGroups` SET `shown` = '0' WHERE `id` = '763735c2-2a2b-11e2-9366-005056be3bd8' ;
UPDATE `ShopGroups` SET `shown` = '0' WHERE `id` = '0e0a7c72-1daf-11de-8db9-000e0c431b58' ;
UPDATE `ShopGroups` SET `shown` = '0' WHERE `id` = '7bf74058-99a5-11db-937f-000e0c431b59' ;
UPDATE `ShopGroups` SET `shown` = '0' WHERE `id` = '26335c77-6153-11de-9531-000e0c431b58' ;
UPDATE `ShopGroups` SET `shown` = '0' WHERE `id` = '55f723c2-160a-11e3-ae8d-005056be3574' ;
UPDATE `ShopGroups` SET `shown` = '0' WHERE `id` = 'f89ed568-4c91-11dc-97da-000e0c431b58' ;
UPDATE `ShopGroups` SET `shown` = '0' WHERE `id` = 'b9f8a041-e071-11e1-a27b-005056be3bd8' ;
UPDATE `ShopGroups` SET `shown` = '0' WHERE `id` = 'f85d7b04-07dd-11de-9846-000e0c431b58' ;
UPDATE `ShopGroups` SET `shown` = '0' WHERE `id` = '6d99c77c-9dd4-11de-a774-000e0c431b58' ;
UPDATE `ShopGroups` SET `shown` = '0' WHERE `id` = '0e0a7c70-1daf-11de-8db9-000e0c431b58' ;
UPDATE `ShopGroups` SET `shown` = '0' WHERE `id` = '84056bc4-d341-11dc-bc3a-000e0c431b58' ;
UPDATE `ShopGroups` SET `shown` = '0' WHERE `id` = '0e0a7c71-1daf-11de-8db9-000e0c431b58' ;
UPDATE `ShopGroups` SET `shown` = '0' WHERE `id` = '62ed09fe-b896-11de-90d4-000e0c431b58' ;
UPDATE `ShopGroups` SET `shown` = '0' WHERE `id` = '14a35e15-b2e8-11dd-8051-000e0c431b58' ;
UPDATE `ShopGroups` SET `shown` = '0' WHERE `id` = 'a964656d-2dd4-11df-860d-000e0c431b58' ;
UPDATE `ShopGroups` SET `shown` = '0' WHERE `id` = '2b784715-bbc2-11e3-b52a-005056be1f7b' ;
UPDATE `ShopGroups` SET `shown` = '0' WHERE `id` = '072e023b-f01c-11e1-b97a-005056be3bd8' ;
UPDATE `ShopGroups` SET `shown` = '0' WHERE `id` = '11886488-1965-11e4-be61-005056be1f7b' ;
UPDATE `ShopGroups` SET `shown` = '0' WHERE `id` = '90ad0703-2f58-11e4-891e-005056be1f7b' ;
UPDATE `ShopGroups` SET `shown` = '0' WHERE `id` = '91e44b55-222d-11e4-89ba-005056be1f7b' ;
UPDATE `ShopGroups` SET `shown` = '0' WHERE `id` = '7bf7403a-99a5-11db-937f-000e0c431b59' ;
UPDATE `ShopGroups` SET `shown` = '0' WHERE `id` = '7bf7404a-99a5-11db-937f-000e0c431b59' ;
UPDATE `ShopGroups` SET `shown` = '0' WHERE `id` = '14a35e14-b2e8-11dd-8051-000e0c431b58' ;
UPDATE `ShopGroups` SET `shown` = '0' WHERE `id` = '14a35e18-b2e8-11dd-8051-000e0c431b58' ;
UPDATE `ShopGroups` SET `shown` = '0' WHERE `id` = '14a35e17-b2e8-11dd-8051-000e0c431b58' ;
UPDATE `ShopGroups` SET `shown` = '0' WHERE `id` = 'a6658bb3-bb8e-11e1-ad56-005056be3bd8' ;
UPDATE `ShopGroups` SET `shown` = '0' WHERE `id` = '7bf74037-99a5-11db-937f-000e0c431b59' ;
UPDATE `ShopGroups` SET `shown` = '0' WHERE `id` = '2850e32f-c091-11df-a0c5-000e0c431b58' ;
UPDATE `ShopGroups` SET `shown` = '0' WHERE `id` = '2850e362-c091-11df-a0c5-000e0c431b58' ;
UPDATE `ShopGroups` SET `shown` = '0' WHERE `id` = 'fe3e115a-24be-11e1-bda7-001cc494be80' ;
UPDATE `ShopGroups` SET `shown` = '0' WHERE `id` = '0e99b359-7cd6-11e2-bdb1-005056be3574' ;
UPDATE `ShopGroups` SET `shown` = '0' WHERE `id` = '26924ea3-d1d3-11df-a0c5-000e0c431b58' ;
UPDATE `ShopGroups` SET `shown` = '0' WHERE `id` = 'dcbb53b5-d1e8-11df-a0c5-000e0c431b58' ;
UPDATE `ShopGroups` SET `shown` = '0' WHERE `id` = '7bb9953e-d9be-11e3-a9ae-005056be1f7b' ;
UPDATE `ShopGroups` SET `shown` = '0' WHERE `id` = '26924ea4-d1d3-11df-a0c5-000e0c431b58' ;
UPDATE `ShopGroups` SET `shown` = '0' WHERE `id` = '26924ea5-d1d3-11df-a0c5-000e0c431b58' ;
UPDATE `ShopGroups` SET `shown` = '0' WHERE `id` = '26924ea6-d1d3-11df-a0c5-000e0c431b58' ;
UPDATE `ShopGroups` SET `shown` = '0' WHERE `id` = 'bf991644-d1d2-11df-a0c5-000e0c431b58' ;
UPDATE `ShopGroups` SET `shown` = '0' WHERE `id` = 'a56ffce8-d268-11e1-9771-005056be3bd8' ;
UPDATE `ShopGroups` SET `shown` = '0' WHERE `id` = 'bf991641-d1d2-11df-a0c5-000e0c431b58' ;
UPDATE `ShopGroups` SET `shown` = '0' WHERE `id` = '5c2d416b-4327-11e0-894e-000e0c431b58' ;
UPDATE `ShopGroups` SET `shown` = '0' WHERE `id` = '52b25ed9-11e5-11e1-ae34-001cc494be80' ;
UPDATE `ShopGroups` SET `shown` = '0' WHERE `id` = 'b4c46ac6-8aaf-11e1-b903-005056be3bd8' ;
UPDATE `ShopGroups` SET `shown` = '0' WHERE `id` = '7bf7403c-99a5-11db-937f-000e0c431b59' ;
UPDATE `ShopGroups` SET `shown` = '0' WHERE `id` = '7bf74046-99a5-11db-937f-000e0c431b59' ;
UPDATE `ShopGroups` SET `shown` = '0' WHERE `id` = '3a2c3b23-c369-11e2-bd0e-005056be3574' ;
UPDATE `ShopGroups` SET `shown` = '0' WHERE `id` = '1116661d-08ff-11e4-8631-005056be1f7b' ;
UPDATE `ShopGroups` SET `shown` = '0' WHERE `id` = 'c53af91c-08fe-11e4-8631-005056be1f7b' ;
UPDATE `ShopGroups` SET `shown` = '0' WHERE `id` = '7bf7403d-99a5-11db-937f-000e0c431b59' ;
UPDATE `ShopGroups` SET `shown` = '0' WHERE `id` = '1aeaaebc-1df2-11de-8db9-000e0c431b58' ;
UPDATE `ShopGroups` SET `shown` = '0' WHERE `id` = '1aeaaebb-1df2-11de-8db9-000e0c431b58' ;
UPDATE `ShopGroups` SET `shown` = '0' WHERE `id` = '7bf74057-99a5-11db-937f-000e0c431b59' ;
UPDATE `ShopGroups` SET `shown` = '0' WHERE `id` = '7bf74059-99a5-11db-937f-000e0c431b59' ;
UPDATE `ShopGroups` SET `shown` = '0' WHERE `id` = '7bf7405a-99a5-11db-937f-000e0c431b59' ;
UPDATE `ShopGroups` SET `shown` = '0' WHERE `id` = '7bf7405b-99a5-11db-937f-000e0c431b59' ;
UPDATE `ShopGroups` SET `shown` = '0' WHERE `id` = '0472249b-07b5-11de-9846-000e0c431b58' ;
UPDATE `ShopGroups` SET `shown` = '0' WHERE `id` = 'd5ce643c-c3d2-11e3-a69f-005056be1f7b' ;
UPDATE `ShopGroups` SET `shown` = '0' WHERE `id` = 'd1b5414d-4557-11e4-8f7a-005056be1f7b' ;
UPDATE `ShopGroups` SET `shown` = '0' WHERE `id` = '0472249e-07b5-11de-9846-000e0c431b58' ;
UPDATE `ShopGroups` SET `shown` = '0' WHERE `id` = '047224a1-07b5-11de-9846-000e0c431b58' ;
UPDATE `ShopGroups` SET `shown` = '0' WHERE `id` = '07e40b12-53f8-11de-a649-000e0c431b58' ;
UPDATE `ShopGroups` SET `shown` = '0' WHERE `id` = '07e40b11-53f8-11de-a649-000e0c431b58' ;
UPDATE `ShopGroups` SET `shown` = '0' WHERE `id` = '7bf7403f-99a5-11db-937f-000e0c431b59' ;
UPDATE `ShopGroups` SET `shown` = '0' WHERE `id` = '7bf74045-99a5-11db-937f-000e0c431b59' ;
UPDATE `ShopGroups` SET `shown` = '0' WHERE `id` = '1cae3d85-8b8f-11dc-be6a-000e0c431b58' ;
UPDATE `ShopGroups` SET `shown` = '0' WHERE `id` = '1cae3d84-8b8f-11dc-be6a-000e0c431b58' ;
UPDATE `ShopGroups` SET `shown` = '0' WHERE `id` = '1cae3d83-8b8f-11dc-be6a-000e0c431b58' ;
UPDATE `ShopGroups` SET `shown` = '0' WHERE `id` = '7b95eeaf-5f45-11e0-894e-000e0c431b58' ;
UPDATE `ShopGroups` SET `shown` = '0' WHERE `id` = 'e3977bf4-b671-11e3-9ba7-005056be1f7b' ;
UPDATE `ShopGroups` SET `shown` = '0' WHERE `id` = '5d7dfef6-11d5-11e2-8994-005056be3bd8' ;
UPDATE `ShopGroups` SET `shown` = '0' WHERE `id` = 'df7cc964-ccf6-11de-860c-000e0c431b58' ;
UPDATE `ShopGroups` SET `shown` = '0' WHERE `id` = '9b4a3bce-b50d-11db-af52-000e0c431b58' ;
UPDATE `ShopGroups` SET `shown` = '0' WHERE `id` = 'e96c3e00-0d24-11e2-a686-005056be3bd8' ;
UPDATE `ShopGroups` SET `shown` = '0' WHERE `id` = '55be65df-5c69-11e1-951b-005056be3bd8' ;
UPDATE `ShopGroups` SET `shown` = '0' WHERE `id` = '07bf903d-5d1e-11e1-b46a-005056be3bd8' ;
UPDATE `ShopGroups` SET `shown` = '0' WHERE `id` = '39beaf66-2d43-11e1-b34d-001cc494be80' ;
UPDATE `ShopGroups` SET `shown` = '0' WHERE `id` = '0e0a7c74-1daf-11de-8db9-000e0c431b58' ;
UPDATE `ShopGroups` SET `shown` = '0' WHERE `id` = '7bf7403b-99a5-11db-937f-000e0c431b59' ;
UPDATE `ShopGroups` SET `shown` = '0' WHERE `id` = '7bf741c6-99a5-11db-937f-000e0c431b59' ;
UPDATE `ShopGroups` SET `shown` = '0' WHERE `id` = '7bf74049-99a5-11db-937f-000e0c431b59' ;
UPDATE `ShopGroups` SET `shown` = '0' WHERE `id` = '7bf7403e-99a5-11db-937f-000e0c431b59' ;
UPDATE `ShopGroups` SET `shown` = '0' WHERE `id` = '7bf74044-99a5-11db-937f-000e0c431b59' ;
UPDATE `ShopGroups` SET `shown` = '0' WHERE `id` = '7bf74048-99a5-11db-937f-000e0c431b59' ;
UPDATE `ShopGroups` SET `shown` = '0' WHERE `id` = 'a56ffce7-d268-11e1-9771-005056be3bd8' ;
UPDATE `ShopGroups` SET `shown` = '0' WHERE `id` = '0d59cfd2-0ebc-11e1-98a2-001cc494be80' ;
UPDATE `ShopGroups` SET `shown` = '0' WHERE `id` = '7bf74039-99a5-11db-937f-000e0c431b59' ;
UPDATE `ShopGroups` SET `shown` = '0' WHERE `id` = '7bf74104-99a5-11db-937f-000e0c431b59' ;
UPDATE `ShopGroups` SET `shown` = '0' WHERE `id` = '05916707-1d2e-11de-8db9-000e0c431b58' ;
UPDATE `ShopGroups` SET `shown` = '0' WHERE `id` = '1aeaaeb9-1df2-11de-8db9-000e0c431b58' ;
UPDATE `ShopGroups` SET `shown` = '0' WHERE `id` = '1aeaaeba-1df2-11de-8db9-000e0c431b58' ;
UPDATE `ShopGroups` SET `shown` = '0' WHERE `id` = '7bf741c8-99a5-11db-937f-000e0c431b59' ;
UPDATE `ShopGroups` SET `shown` = '0' WHERE `id` = '7bf74047-99a5-11db-937f-000e0c431b59' ;
UPDATE `ShopGroups` SET `shown` = '0' WHERE `id` = '1aeaaec2-1df2-11de-8db9-000e0c431b58' ;
UPDATE `ShopGroups` SET `shown` = '0' WHERE `id` = '84056bc3-d341-11dc-bc3a-000e0c431b58' ;
UPDATE `ShopGroups` SET `shown` = '0' WHERE `id` = '4487332a-5458-11dc-beb4-000e0c431b58' ;
UPDATE `ShopGroups` SET `shown` = '0' WHERE `id` = '39b2c528-d28a-11e2-9f37-005056be3574' ;
UPDATE `ShopGroups` SET `shown` = '0' WHERE `id` = 'a56ffce6-d268-11e1-9771-005056be3bd8' ;
UPDATE `ShopGroups` SET `shown` = '0' WHERE `id` = 'fb2753ce-76af-11de-9531-000e0c431b58' ;
UPDATE `ShopGroups` SET `shown` = '0' WHERE `id` = 'fb2753d6-76af-11de-9531-000e0c431b58' ;
UPDATE `ShopGroups` SET `shown` = '0' WHERE `id` = 'fb2753d5-76af-11de-9531-000e0c431b58' ;
UPDATE `ShopGroups` SET `shown` = '0' WHERE `id` = 'ec837860-c0aa-11df-a0c5-000e0c431b58' ;
UPDATE `ShopGroups` SET `shown` = '0' WHERE `id` = '0e0a7c76-1daf-11de-8db9-000e0c431b58' ;
UPDATE `ShopGroups` SET `shown` = '0' WHERE `id` = '7bf74103-99a5-11db-937f-000e0c431b59' ;
UPDATE `ShopGroups` SET `shown` = '0' WHERE `id` = '77923ead-f38c-11e3-b05c-005056be1f7b' ;
UPDATE `ShopGroups` SET `shown` = '0' WHERE `id` = '6c11fa21-d835-11de-860d-000e0c431b58' ;
UPDATE `ShopGroups` SET `shown` = '0' WHERE `id` = 'a56ffce5-d268-11e1-9771-005056be3bd8' ;
UPDATE `ShopGroups` SET `shown` = '0' WHERE `id` = 'e20d704b-cf99-11e3-a00d-005056be1f7b' ;
UPDATE `ShopGroups` SET `shown` = '0' WHERE `id` = 'e760d20b-c0a7-11df-a0c5-000e0c431b58' ;
UPDATE `ShopGroups` SET `shown` = '0' WHERE `id` = '2850e32d-c091-11df-a0c5-000e0c431b58' ;
UPDATE `ShopGroups` SET `shown` = '0' WHERE `id` = 'b2ca7a14-d25f-11e1-9771-005056be3bd8' ;
UPDATE `ShopGroups` SET `shown` = '0' WHERE `id` = '7bf74040-99a5-11db-937f-000e0c431b59' ;
UPDATE `ShopGroups` SET `shown` = '0' WHERE `id` = '7bf74041-99a5-11db-937f-000e0c431b59' ;
UPDATE `ShopGroups` SET `shown` = '0' WHERE `id` = '1aeaaebd-1df2-11de-8db9-000e0c431b58' ;
UPDATE `ShopGroups` SET `shown` = '0' WHERE `id` = '7bf74043-99a5-11db-937f-000e0c431b59' ;
UPDATE `ShopGroups` SET `shown` = '0' WHERE `id` = '1aeaaebe-1df2-11de-8db9-000e0c431b58' ;
UPDATE `ShopGroups` SET `shown` = '0' WHERE `id` = '31060fc6-84e8-11e3-93d3-005056be1f7b' ;
UPDATE `ShopGroups` SET `shown` = '0' WHERE `id` = '016074c0-71b8-11e2-b3db-005056be271d' ;
UPDATE `ShopGroups` SET `shown` = '0' WHERE `id` = '7bf741c7-99a5-11db-937f-000e0c431b59' ;
UPDATE `ShopGroups` SET `shown` = '0' WHERE `id` = '7bf740b7-99a5-11db-937f-000e0c431b59' ;
UPDATE `ShopGroups` SET `shown` = '0' WHERE `id` = '93b8cb6c-8330-11de-8f0e-000e0c431b58' ;
UPDATE `ShopGroups` SET `shown` = '0' WHERE `id` = '812838e9-1df6-11de-8db9-000e0c431b58' ;
UPDATE `ShopGroups` SET `shown` = '0' WHERE `id` = 'c640205c-f1d1-11dd-9439-000e0c431b58' ;
UPDATE `ShopGroups` SET `shown` = '0' WHERE `id` = '2ae549a7-1dd7-11de-8db9-000e0c431b58' ;
UPDATE `ShopGroups` SET `shown` = '0' WHERE `id` = '2ae549a8-1dd7-11de-8db9-000e0c431b58' ;
UPDATE `ShopGroups` SET `shown` = '0' WHERE `id` = '267b6283-a67f-11de-a774-000e0c431b58' ;
UPDATE `ShopGroups` SET `shown` = '0' WHERE `id` = '267b6284-a67f-11de-a774-000e0c431b58' ;
UPDATE `ShopGroups` SET `shown` = '0' WHERE `id` = '267b6285-a67f-11de-a774-000e0c431b58' ;
UPDATE `ShopGroups` SET `shown` = '0' WHERE `id` = 'c64939de-b239-11de-90d4-000e0c431b58' ;
UPDATE `ShopGroups` SET `shown` = '0' WHERE `id` = '267b6286-a67f-11de-a774-000e0c431b58' ;
UPDATE `ShopGroups` SET `shown` = '0' WHERE `id` = '7bf74105-99a5-11db-937f-000e0c431b59' ;
UPDATE `ShopGroups` SET `shown` = '0' WHERE `id` = '7bf7404b-99a5-11db-937f-000e0c431b59' ;
UPDATE `ShopGroups` SET `shown` = '0' WHERE `id` = '14a35e16-b2e8-11dd-8051-000e0c431b58' ;

UPDATE `ShopItems` SET `shown` = '0' WHERE `id` = '75990b7b-d39c-11e0-8306-001cc494be80' ;
UPDATE `ShopItems` SET `shown` = '0' WHERE `id` = '7f6fe6a2-1482-11df-860d-000e0c431b58' ;
UPDATE `ShopItems` SET `shown` = '0' WHERE `id` = '8f0c8f4f-99aa-11db-937f-000e0c431b59' ;
UPDATE `ShopItems` SET `shown` = '0' WHERE `id` = '8f0c8f51-99aa-11db-937f-000e0c431b59' ;
UPDATE `ShopItems` SET `shown` = '0' WHERE `id` = '8f0c8f59-99aa-11db-937f-000e0c431b59' ;
UPDATE `ShopItems` SET `shown` = '0' WHERE `id` = '8f0c8f5b-99aa-11db-937f-000e0c431b59' ;
UPDATE `ShopItems` SET `shown` = '0' WHERE `id` = '8f0c8f5d-99aa-11db-937f-000e0c431b59' ;
UPDATE `ShopItems` SET `shown` = '0' WHERE `id` = '8f0c8f68-99aa-11db-937f-000e0c431b59' ;
UPDATE `ShopItems` SET `shown` = '0' WHERE `id` = '8f0c8f6b-99aa-11db-937f-000e0c431b59' ;
UPDATE `ShopItems` SET `shown` = '0' WHERE `id` = '8f0c8f6d-99aa-11db-937f-000e0c431b59' ;
UPDATE `ShopItems` SET `shown` = '0' WHERE `id` = '8f0c8f6f-99aa-11db-937f-000e0c431b59' ;
UPDATE `ShopItems` SET `shown` = '0' WHERE `id` = '8f0c8f73-99aa-11db-937f-000e0c431b59' ;
UPDATE `ShopItems` SET `shown` = '0' WHERE `id` = '8f0c8f75-99aa-11db-937f-000e0c431b59' ;
UPDATE `ShopItems` SET `shown` = '0' WHERE `id` = '8f0c8f7f-99aa-11db-937f-000e0c431b59' ;
UPDATE `ShopItems` SET `shown` = '0' WHERE `id` = '8f0c8f85-99aa-11db-937f-000e0c431b59' ;
UPDATE `ShopItems` SET `shown` = '0' WHERE `id` = '8f0c8f8f-99aa-11db-937f-000e0c431b59' ;
UPDATE `ShopItems` SET `shown` = '0' WHERE `id` = '79a1722c-a025-11e2-a366-005056be3574' ;
UPDATE `ShopItems` SET `shown` = '0' WHERE `id` = '07e40b13-53f8-11de-a649-000e0c431b58' ;
UPDATE `ShopItems` SET `shown` = '0' WHERE `id` = '07e40b15-53f8-11de-a649-000e0c431b58' ;
UPDATE `ShopItems` SET `shown` = '0' WHERE `id` = '220ea84d-8bc5-11de-a774-000e0c431b58' ;






INSERT INTO `ShopGroups` (`id`, `groupName`, `shown`, `showInHierarchy`) VALUES ('7bf74036-99a5-11db-937f-000e0c431b59', 'СУХИЕ СМЕСИ', '1', '1');
INSERT INTO `ShopGroups` (`id`, `groupName`, `shown`, `showInHierarchy`) VALUES ('7bf74038-99a5-11db-937f-000e0c431b59', 'Антиморозные добавки', '1', '1');
INSERT INTO `ShopGroups` (`id`, `groupName`, `shown`, `showInHierarchy`) VALUES ('0e0a7c73-1daf-11de-8db9-000e0c431b58', 'Готовые шпаклевки', '1', '1');
INSERT INTO `ShopGroups` (`id`, `groupName`, `shown`, `showInHierarchy`) VALUES ('0e0a7c6f-1daf-11de-8db9-000e0c431b58', 'Грунтовки', '1', '1');
INSERT INTO `ShopGroups` (`id`, `groupName`, `shown`, `showInHierarchy`) VALUES ('763735c2-2a2b-11e2-9366-005056be3bd8', 'Грунтовки  Альмира', '1', '1');
INSERT INTO `ShopGroups` (`id`, `groupName`, `shown`, `showInHierarchy`) VALUES ('0e0a7c72-1daf-11de-8db9-000e0c431b58', 'Грунтовки  ГЛИМС', '1', '1');
INSERT INTO `ShopGroups` (`id`, `groupName`, `shown`, `showInHierarchy`) VALUES ('7bf74058-99a5-11db-937f-000e0c431b59', 'Грунтовки  Кнауф', '1', '1');
INSERT INTO `ShopGroups` (`id`, `groupName`, `shown`, `showInHierarchy`) VALUES ('26335c77-6153-11de-9531-000e0c431b58', 'Грунтовки  ОСНОВИТ', '1', '1');
INSERT INTO `ShopGroups` (`id`, `groupName`, `shown`, `showInHierarchy`) VALUES ('55f723c2-160a-11e3-ae8d-005056be3574', 'Грунтовки Церезит', '1', '1');
INSERT INTO `ShopGroups` (`id`, `groupName`, `shown`, `showInHierarchy`) VALUES ('f89ed568-4c91-11dc-97da-000e0c431b58', 'яПрочее/Грунты ', '1', '1');
INSERT INTO `ShopGroups` (`id`, `groupName`, `shown`, `showInHierarchy`) VALUES ('b9f8a041-e071-11e1-a27b-005056be3bd8', 'Альмира', '1', '1');
INSERT INTO `ShopGroups` (`id`, `groupName`, `shown`, `showInHierarchy`) VALUES ('f85d7b04-07dd-11de-9846-000e0c431b58', 'Грунтовки  Kraizer ', '1', '1');
INSERT INTO `ShopGroups` (`id`, `groupName`, `shown`, `showInHierarchy`) VALUES ('6d99c77c-9dd4-11de-a774-000e0c431b58', 'Грунтовки  Solaks', '1', '1');
INSERT INTO `ShopGroups` (`id`, `groupName`, `shown`, `showInHierarchy`) VALUES ('0e0a7c70-1daf-11de-8db9-000e0c431b58', 'Грунтовки  ВЕТОНИТ', '1', '1');
INSERT INTO `ShopGroups` (`id`, `groupName`, `shown`, `showInHierarchy`) VALUES ('84056bc4-d341-11dc-bc3a-000e0c431b58', 'Грунтовки  ВОЛМА', '1', '1');
INSERT INTO `ShopGroups` (`id`, `groupName`, `shown`, `showInHierarchy`) VALUES ('0e0a7c71-1daf-11de-8db9-000e0c431b58', 'Грунтовки  СТАРАТЕЛИ', '1', '1');
INSERT INTO `ShopGroups` (`id`, `groupName`, `shown`, `showInHierarchy`) VALUES ('62ed09fe-b896-11de-90d4-000e0c431b58', 'Грунтовки  Строитель', '1', '1');
INSERT INTO `ShopGroups` (`id`, `groupName`, `shown`, `showInHierarchy`) VALUES ('14a35e15-b2e8-11dd-8051-000e0c431b58', 'Грунтовки  ЮНИС', '1', '1');
INSERT INTO `ShopGroups` (`id`, `groupName`, `shown`, `showInHierarchy`) VALUES ('a964656d-2dd4-11df-860d-000e0c431b58', 'Грунтовки ЛАКРА', '1', '1');
INSERT INTO `ShopGroups` (`id`, `groupName`, `shown`, `showInHierarchy`) VALUES ('2b784715-bbc2-11e3-b52a-005056be1f7b', 'Грунтовки ОСНОВИТ', '1', '1');
INSERT INTO `ShopGroups` (`id`, `groupName`, `shown`, `showInHierarchy`) VALUES ('072e023b-f01c-11e1-b97a-005056be3bd8', 'Грунты  Kraizer', '1', '1');
INSERT INTO `ShopGroups` (`id`, `groupName`, `shown`, `showInHierarchy`) VALUES ('11886488-1965-11e4-be61-005056be1f7b', 'Затирка KIILTO (Финляндия)', '1', '1');
INSERT INTO `ShopGroups` (`id`, `groupName`, `shown`, `showInHierarchy`) VALUES ('90ad0703-2f58-11e4-891e-005056be1f7b', 'Клинкерная затирка (3-12 мм)', '1', '1');
INSERT INTO `ShopGroups` (`id`, `groupName`, `shown`, `showInHierarchy`) VALUES ('91e44b55-222d-11e4-89ba-005056be1f7b', 'Специальные средства для затирки KILTO', '1', '1');
INSERT INTO `ShopGroups` (`id`, `groupName`, `shown`, `showInHierarchy`) VALUES ('7bf7403a-99a5-11db-937f-000e0c431b59', 'Затирки АТЛАС', '1', '1');
INSERT INTO `ShopGroups` (`id`, `groupName`, `shown`, `showInHierarchy`) VALUES ('7bf7404a-99a5-11db-937f-000e0c431b59', 'Сухие смеси  Ю Н И С', '1', '1');
INSERT INTO `ShopGroups` (`id`, `groupName`, `shown`, `showInHierarchy`) VALUES ('14a35e14-b2e8-11dd-8051-000e0c431b58', 'Клей  ЮНИС', '1', '1');
INSERT INTO `ShopGroups` (`id`, `groupName`, `shown`, `showInHierarchy`) VALUES ('14a35e18-b2e8-11dd-8051-000e0c431b58', 'Смеси для полов  ЮНИС', '1', '1');
INSERT INTO `ShopGroups` (`id`, `groupName`, `shown`, `showInHierarchy`) VALUES ('14a35e17-b2e8-11dd-8051-000e0c431b58', 'Штукатурка  ЮНИС', '1', '1');
INSERT INTO `ShopGroups` (`id`, `groupName`, `shown`, `showInHierarchy`) VALUES ('a6658bb3-bb8e-11e1-ad56-005056be3bd8', 'Сухие смеси (мелкая фасовка)', '1', '1');
INSERT INTO `ShopGroups` (`id`, `groupName`, `shown`, `showInHierarchy`) VALUES ('7bf74037-99a5-11db-937f-000e0c431b59', 'Сухие смеси CERESIT', '1', '1');
INSERT INTO `ShopGroups` (`id`, `groupName`, `shown`, `showInHierarchy`) VALUES ('2850e32f-c091-11df-a0c5-000e0c431b58', 'CE 33 Затирка противогрибковая для узких швов до 5 мм MicroProtect', '1', '1');
INSERT INTO `ShopGroups` (`id`, `groupName`, `shown`, `showInHierarchy`) VALUES ('2850e362-c091-11df-a0c5-000e0c431b58', 'CE 40/2 Затирка противогрибковая до 10 мм MicroProtect', '1', '1');
INSERT INTO `ShopGroups` (`id`, `groupName`, `shown`, `showInHierarchy`) VALUES ('fe3e115a-24be-11e1-bda7-001cc494be80', 'СЕ 35 Затирка для швов до 15 мм. (для камня)', '1', '1');
INSERT INTO `ShopGroups` (`id`, `groupName`, `shown`, `showInHierarchy`) VALUES ('0e99b359-7cd6-11e2-bdb1-005056be3574', 'Цветные герметики CERESIT', '1', '1');
INSERT INTO `ShopGroups` (`id`, `groupName`, `shown`, `showInHierarchy`) VALUES ('26924ea3-d1d3-11df-a0c5-000e0c431b58', 'Сухие смеси LITOKOL (Италия)', '1', '1');
INSERT INTO `ShopGroups` (`id`, `groupName`, `shown`, `showInHierarchy`) VALUES ('dcbb53b5-d1e8-11df-a0c5-000e0c431b58', 'Вспомогательные средства для затирки STARLIKE', '1', '1');
INSERT INTO `ShopGroups` (`id`, `groupName`, `shown`, `showInHierarchy`) VALUES ('7bb9953e-d9be-11e3-a9ae-005056be1f7b', 'Затирочные смеси на эпоксидной основе KERAKOLL FUGALITE ECO', '1', '1');
INSERT INTO `ShopGroups` (`id`, `groupName`, `shown`, `showInHierarchy`) VALUES ('26924ea4-d1d3-11df-a0c5-000e0c431b58', 'Затирочные смеси на эпоксидной основе LITOCHROM STARLIKE', '1', '1');
INSERT INTO `ShopGroups` (`id`, `groupName`, `shown`, `showInHierarchy`) VALUES ('26924ea5-d1d3-11df-a0c5-000e0c431b58', 'STARLIKE Classic Collection', '1', '1');
INSERT INTO `ShopGroups` (`id`, `groupName`, `shown`, `showInHierarchy`) VALUES ('26924ea6-d1d3-11df-a0c5-000e0c431b58', 'STARLIKE Glamour Collection', '1', '1');
INSERT INTO `ShopGroups` (`id`, `groupName`, `shown`, `showInHierarchy`) VALUES ('bf991644-d1d2-11df-a0c5-000e0c431b58', 'Специальные добавки к затирочным смесям LITOCHROM STARLIKE', '1', '1');
INSERT INTO `ShopGroups` (`id`, `groupName`, `shown`, `showInHierarchy`) VALUES ('a56ffce8-d268-11e1-9771-005056be3bd8', 'Товары под заказ', '1', '1');
INSERT INTO `ShopGroups` (`id`, `groupName`, `shown`, `showInHierarchy`) VALUES ('bf991641-d1d2-11df-a0c5-000e0c431b58', 'Metallic Collettion', '1', '1');
INSERT INTO `ShopGroups` (`id`, `groupName`, `shown`, `showInHierarchy`) VALUES ('5c2d416b-4327-11e0-894e-000e0c431b58', 'Затирочные смеси на цементной основе LITOCHROM 1-6', '1', '1');
INSERT INTO `ShopGroups` (`id`, `groupName`, `shown`, `showInHierarchy`) VALUES ('52b25ed9-11e5-11e1-ae34-001cc494be80', 'Латексные добавки', '1', '1');
INSERT INTO `ShopGroups` (`id`, `groupName`, `shown`, `showInHierarchy`) VALUES ('b4c46ac6-8aaf-11e1-b903-005056be3bd8', 'Сухие смеси PERFEKTA', '1', '1');
INSERT INTO `ShopGroups` (`id`, `groupName`, `shown`, `showInHierarchy`) VALUES ('7bf7403c-99a5-11db-937f-000e0c431b59', 'Сухие смеси ВЕТОНИТ ', '1', '1');
INSERT INTO `ShopGroups` (`id`, `groupName`, `shown`, `showInHierarchy`) VALUES ('7bf74046-99a5-11db-937f-000e0c431b59', 'Сухие смеси ВОЛМА', '1', '1');
INSERT INTO `ShopGroups` (`id`, `groupName`, `shown`, `showInHierarchy`) VALUES ('3a2c3b23-c369-11e2-bd0e-005056be3574', 'Сухие смеси ГИПСОПОЛИМЕР', '1', '1');
INSERT INTO `ShopGroups` (`id`, `groupName`, `shown`, `showInHierarchy`) VALUES ('1116661d-08ff-11e4-8631-005056be1f7b', 'Шпаклевки Гипсополимер', '1', '1');
INSERT INTO `ShopGroups` (`id`, `groupName`, `shown`, `showInHierarchy`) VALUES ('c53af91c-08fe-11e4-8631-005056be1f7b', 'Штукатурки Гипсополимер', '1', '1');
INSERT INTO `ShopGroups` (`id`, `groupName`, `shown`, `showInHierarchy`) VALUES ('7bf7403d-99a5-11db-937f-000e0c431b59', 'Сухие смеси ГЛИМС ', '1', '1');
INSERT INTO `ShopGroups` (`id`, `groupName`, `shown`, `showInHierarchy`) VALUES ('1aeaaebc-1df2-11de-8db9-000e0c431b58', 'Смеси для полов ГЛИМС', '1', '1');
INSERT INTO `ShopGroups` (`id`, `groupName`, `shown`, `showInHierarchy`) VALUES ('1aeaaebb-1df2-11de-8db9-000e0c431b58', 'Шпаклевки ГЛИМС', '1', '1');
INSERT INTO `ShopGroups` (`id`, `groupName`, `shown`, `showInHierarchy`) VALUES ('7bf74057-99a5-11db-937f-000e0c431b59', 'Сухие смеси Кнауф', '1', '1');
INSERT INTO `ShopGroups` (`id`, `groupName`, `shown`, `showInHierarchy`) VALUES ('7bf74059-99a5-11db-937f-000e0c431b59', 'Плиточные клеи  Кнауф', '1', '1');
INSERT INTO `ShopGroups` (`id`, `groupName`, `shown`, `showInHierarchy`) VALUES ('7bf7405a-99a5-11db-937f-000e0c431b59', 'Шпаклевки  Кнауф', '1', '1');
INSERT INTO `ShopGroups` (`id`, `groupName`, `shown`, `showInHierarchy`) VALUES ('7bf7405b-99a5-11db-937f-000e0c431b59', 'Штукатурка  Кнауф', '1', '1');
INSERT INTO `ShopGroups` (`id`, `groupName`, `shown`, `showInHierarchy`) VALUES ('0472249b-07b5-11de-9846-000e0c431b58', 'Сухие смеси ОСНОВИТ', '1', '1');
INSERT INTO `ShopGroups` (`id`, `groupName`, `shown`, `showInHierarchy`) VALUES ('d5ce643c-c3d2-11e3-a69f-005056be1f7b', 'МОКРЫЙ ФАСАД', '1', '1');
INSERT INTO `ShopGroups` (`id`, `groupName`, `shown`, `showInHierarchy`) VALUES ('d1b5414d-4557-11e4-8f7a-005056be1f7b', 'Заказные позиции', '1', '1');
INSERT INTO `ShopGroups` (`id`, `groupName`, `shown`, `showInHierarchy`) VALUES ('0472249e-07b5-11de-9846-000e0c431b58', 'Плиточный клей ОСНОВИТ', '1', '1');
INSERT INTO `ShopGroups` (`id`, `groupName`, `shown`, `showInHierarchy`) VALUES ('047224a1-07b5-11de-9846-000e0c431b58', 'Смеси для полов   ОСНОВИТ', '1', '1');
INSERT INTO `ShopGroups` (`id`, `groupName`, `shown`, `showInHierarchy`) VALUES ('07e40b12-53f8-11de-a649-000e0c431b58', 'Шпатлевки  ОСНОВИТ', '1', '1');
INSERT INTO `ShopGroups` (`id`, `groupName`, `shown`, `showInHierarchy`) VALUES ('07e40b11-53f8-11de-a649-000e0c431b58', 'Штукатурка  ОСНОВИТ', '1', '1');
INSERT INTO `ShopGroups` (`id`, `groupName`, `shown`, `showInHierarchy`) VALUES ('7bf7403f-99a5-11db-937f-000e0c431b59', 'Сухие смеси СТАРАТЕЛИ', '1', '1');
INSERT INTO `ShopGroups` (`id`, `groupName`, `shown`, `showInHierarchy`) VALUES ('7bf74045-99a5-11db-937f-000e0c431b59', 'Цемент; смеси М150, М300; известь; керамзит', '1', '1');
INSERT INTO `ShopGroups` (`id`, `groupName`, `shown`, `showInHierarchy`) VALUES ('1cae3d85-8b8f-11dc-be6a-000e0c431b58', 'Пескобетон', '1', '1');
INSERT INTO `ShopGroups` (`id`, `groupName`, `shown`, `showInHierarchy`) VALUES ('1cae3d84-8b8f-11dc-be6a-000e0c431b58', 'Сухая смесь М-150, М-200', '1', '1');
INSERT INTO `ShopGroups` (`id`, `groupName`, `shown`, `showInHierarchy`) VALUES ('1cae3d83-8b8f-11dc-be6a-000e0c431b58', 'Цемент', '1', '1');
INSERT INTO `ShopGroups` (`id`, `groupName`, `shown`, `showInHierarchy`) VALUES ('7b95eeaf-5f45-11e0-894e-000e0c431b58', 'Я Прочее / смесь, цемент', '1', '1');
INSERT INTO `ShopGroups` (`id`, `groupName`, `shown`, `showInHierarchy`) VALUES ('e3977bf4-b671-11e3-9ba7-005056be1f7b', 'Я Прочее / смесь', '1', '1');
INSERT INTO `ShopGroups` (`id`, `groupName`, `shown`, `showInHierarchy`) VALUES ('5d7dfef6-11d5-11e2-8994-005056be3bd8', 'Я Прочее/Цемент', '1', '1');
INSERT INTO `ShopGroups` (`id`, `groupName`, `shown`, `showInHierarchy`) VALUES ('df7cc964-ccf6-11de-860c-000e0c431b58', 'яПрочее_СУХИЕ  СМЕСИ', '1', '1');
INSERT INTO `ShopGroups` (`id`, `groupName`, `shown`, `showInHierarchy`) VALUES ('9b4a3bce-b50d-11db-af52-000e0c431b58', 'Garant', '1', '1');
INSERT INTO `ShopGroups` (`id`, `groupName`, `shown`, `showInHierarchy`) VALUES ('e96c3e00-0d24-11e2-a686-005056be3bd8', 'Антиморозные добавки', '1', '1');
INSERT INTO `ShopGroups` (`id`, `groupName`, `shown`, `showInHierarchy`) VALUES ('55be65df-5c69-11e1-951b-005056be3bd8', 'Мешки + др.материал', '1', '1');
INSERT INTO `ShopGroups` (`id`, `groupName`, `shown`, `showInHierarchy`) VALUES ('07bf903d-5d1e-11e1-b46a-005056be3bd8', 'Волма мешки', '1', '1');
INSERT INTO `ShopGroups` (`id`, `groupName`, `shown`, `showInHierarchy`) VALUES ('39beaf66-2d43-11e1-b34d-001cc494be80', 'Основит Канистры + Крышки + Мешки', '1', '1');
INSERT INTO `ShopGroups` (`id`, `groupName`, `shown`, `showInHierarchy`) VALUES ('0e0a7c74-1daf-11de-8db9-000e0c431b58', 'Прочие сухие смеси', '1', '1');
INSERT INTO `ShopGroups` (`id`, `groupName`, `shown`, `showInHierarchy`) VALUES ('7bf7403b-99a5-11db-937f-000e0c431b59', 'Б А Й Р А М И К С и составные', '1', '1');
INSERT INTO `ShopGroups` (`id`, `groupName`, `shown`, `showInHierarchy`) VALUES ('7bf741c6-99a5-11db-937f-000e0c431b59', 'Сухие смеси', '1', '1');
INSERT INTO `ShopGroups` (`id`, `groupName`, `shown`, `showInHierarchy`) VALUES ('7bf74049-99a5-11db-937f-000e0c431b59', 'яПрочее/"BAU MASTER"', '1', '1');
INSERT INTO `ShopGroups` (`id`, `groupName`, `shown`, `showInHierarchy`) VALUES ('7bf7403e-99a5-11db-937f-000e0c431b59', 'яПрочее/"FEIDAL" ', '1', '1');
INSERT INTO `ShopGroups` (`id`, `groupName`, `shown`, `showInHierarchy`) VALUES ('7bf74044-99a5-11db-937f-000e0c431b59', 'яПрочее/"RIGIPS"', '1', '1');
INSERT INTO `ShopGroups` (`id`, `groupName`, `shown`, `showInHierarchy`) VALUES ('7bf74048-99a5-11db-937f-000e0c431b59', 'яПрочее/"Sheetrock"', '1', '1');
INSERT INTO `ShopGroups` (`id`, `groupName`, `shown`, `showInHierarchy`) VALUES ('a56ffce7-d268-11e1-9771-005056be3bd8', 'яПрочее/LITOKOL ', '1', '1');
INSERT INTO `ShopGroups` (`id`, `groupName`, `shown`, `showInHierarchy`) VALUES ('0d59cfd2-0ebc-11e1-98a2-001cc494be80', 'Средства для очистки и защиты камня', '1', '1');
INSERT INTO `ShopGroups` (`id`, `groupName`, `shown`, `showInHierarchy`) VALUES ('7bf74039-99a5-11db-937f-000e0c431b59', 'яПрочее/АТЛАС', '1', '1');
INSERT INTO `ShopGroups` (`id`, `groupName`, `shown`, `showInHierarchy`) VALUES ('7bf74104-99a5-11db-937f-000e0c431b59', 'Атлас', '1', '1');
INSERT INTO `ShopGroups` (`id`, `groupName`, `shown`, `showInHierarchy`) VALUES ('05916707-1d2e-11de-8db9-000e0c431b58', 'Плиточные клеи', '1', '1');
INSERT INTO `ShopGroups` (`id`, `groupName`, `shown`, `showInHierarchy`) VALUES ('1aeaaeb9-1df2-11de-8db9-000e0c431b58', 'яПрочее/ВЕТОНИТ', '1', '1');
INSERT INTO `ShopGroups` (`id`, `groupName`, `shown`, `showInHierarchy`) VALUES ('1aeaaeba-1df2-11de-8db9-000e0c431b58', 'Шпаклевки ВЕТОНИТ', '1', '1');
INSERT INTO `ShopGroups` (`id`, `groupName`, `shown`, `showInHierarchy`) VALUES ('7bf741c8-99a5-11db-937f-000e0c431b59', 'яПрочее/ВОЛМА', '1', '1');
INSERT INTO `ShopGroups` (`id`, `groupName`, `shown`, `showInHierarchy`) VALUES ('7bf74047-99a5-11db-937f-000e0c431b59', 'Плиточные клеи ВОЛМА', '1', '1');
INSERT INTO `ShopGroups` (`id`, `groupName`, `shown`, `showInHierarchy`) VALUES ('1aeaaec2-1df2-11de-8db9-000e0c431b58', 'Шпаклевки ВОЛМА', '1', '1');
INSERT INTO `ShopGroups` (`id`, `groupName`, `shown`, `showInHierarchy`) VALUES ('84056bc3-d341-11dc-bc3a-000e0c431b58', 'Штукатурки ВОЛМА', '1', '1');
INSERT INTO `ShopGroups` (`id`, `groupName`, `shown`, `showInHierarchy`) VALUES ('4487332a-5458-11dc-beb4-000e0c431b58', 'я Б О Н У С  клей для плитки  ВОЛМА (ДО 01 НОЯБРЯ)', '1', '1');
INSERT INTO `ShopGroups` (`id`, `groupName`, `shown`, `showInHierarchy`) VALUES ('39b2c528-d28a-11e2-9f37-005056be3574', 'яПрочее/Гипсополимер', '1', '1');
INSERT INTO `ShopGroups` (`id`, `groupName`, `shown`, `showInHierarchy`) VALUES ('a56ffce6-d268-11e1-9771-005056be3bd8', 'яПрочее/Глимс', '1', '1');
INSERT INTO `ShopGroups` (`id`, `groupName`, `shown`, `showInHierarchy`) VALUES ('fb2753ce-76af-11de-9531-000e0c431b58', 'яПрочее/КАМЕННЫЙ ЦВЕТОК', '1', '1');
INSERT INTO `ShopGroups` (`id`, `groupName`, `shown`, `showInHierarchy`) VALUES ('fb2753d6-76af-11de-9531-000e0c431b58', 'Наливной пол КАМЕННЫЙ ЦВЕТОК', '1', '1');
INSERT INTO `ShopGroups` (`id`, `groupName`, `shown`, `showInHierarchy`) VALUES ('fb2753d5-76af-11de-9531-000e0c431b58', 'Плиточный клей КАМЕННЫЙ ЦВЕТОК', '1', '1');
INSERT INTO `ShopGroups` (`id`, `groupName`, `shown`, `showInHierarchy`) VALUES ('ec837860-c0aa-11df-a0c5-000e0c431b58', 'яПрочее/Кнауф', '1', '1');
INSERT INTO `ShopGroups` (`id`, `groupName`, `shown`, `showInHierarchy`) VALUES ('0e0a7c76-1daf-11de-8db9-000e0c431b58', 'Смеси для полов  Кнауф', '1', '1');
INSERT INTO `ShopGroups` (`id`, `groupName`, `shown`, `showInHierarchy`) VALUES ('7bf74103-99a5-11db-937f-000e0c431b59', 'яПрочее/ОСНОВИТ', '1', '1');
INSERT INTO `ShopGroups` (`id`, `groupName`, `shown`, `showInHierarchy`) VALUES ('77923ead-f38c-11e3-b05c-005056be1f7b', 'Затирки ОСНОВИТ', '1', '1');
INSERT INTO `ShopGroups` (`id`, `groupName`, `shown`, `showInHierarchy`) VALUES ('6c11fa21-d835-11de-860d-000e0c431b58', 'яПрочее/Перфекта', '1', '1');
INSERT INTO `ShopGroups` (`id`, `groupName`, `shown`, `showInHierarchy`) VALUES ('a56ffce5-d268-11e1-9771-005056be3bd8', 'яПрочее/СERESIT', '1', '1');
INSERT INTO `ShopGroups` (`id`, `groupName`, `shown`, `showInHierarchy`) VALUES ('e20d704b-cf99-11e3-a00d-005056be1f7b', 'CE 33 проч ', '1', '1');
INSERT INTO `ShopGroups` (`id`, `groupName`, `shown`, `showInHierarchy`) VALUES ('e760d20b-c0a7-11df-a0c5-000e0c431b58', 'CS 25 Эластичный силиконовый противогрибк. герметик для стыков MicroProtect', '1', '1');
INSERT INTO `ShopGroups` (`id`, `groupName`, `shown`, `showInHierarchy`) VALUES ('2850e32d-c091-11df-a0c5-000e0c431b58', 'Затирки CERESIT', '1', '1');
INSERT INTO `ShopGroups` (`id`, `groupName`, `shown`, `showInHierarchy`) VALUES ('b2ca7a14-d25f-11e1-9771-005056be3bd8', 'яПрочее/Старатели', '1', '1');
INSERT INTO `ShopGroups` (`id`, `groupName`, `shown`, `showInHierarchy`) VALUES ('7bf74040-99a5-11db-937f-000e0c431b59', 'Затирка /Старатели/', '1', '1');
INSERT INTO `ShopGroups` (`id`, `groupName`, `shown`, `showInHierarchy`) VALUES ('7bf74041-99a5-11db-937f-000e0c431b59', 'Плиточные клеи Старатели', '1', '1');
INSERT INTO `ShopGroups` (`id`, `groupName`, `shown`, `showInHierarchy`) VALUES ('1aeaaebd-1df2-11de-8db9-000e0c431b58', 'Смеси для полов Старатели', '1', '1');
INSERT INTO `ShopGroups` (`id`, `groupName`, `shown`, `showInHierarchy`) VALUES ('7bf74043-99a5-11db-937f-000e0c431b59', 'Шпатлевки Старатели', '1', '1');
INSERT INTO `ShopGroups` (`id`, `groupName`, `shown`, `showInHierarchy`) VALUES ('1aeaaebe-1df2-11de-8db9-000e0c431b58', 'Штукатурки Старатели', '1', '1');
INSERT INTO `ShopGroups` (`id`, `groupName`, `shown`, `showInHierarchy`) VALUES ('31060fc6-84e8-11e3-93d3-005056be1f7b', 'Сухие смеси AKSOLIT', '1', '1');
INSERT INTO `ShopGroups` (`id`, `groupName`, `shown`, `showInHierarchy`) VALUES ('016074c0-71b8-11e2-b3db-005056be271d', 'яПрочее/ТРИМ (мелкая фасовка)', '1', '1');
INSERT INTO `ShopGroups` (`id`, `groupName`, `shown`, `showInHierarchy`) VALUES ('7bf741c7-99a5-11db-937f-000e0c431b59', 'яПрочее/Фарвест', '1', '1');
INSERT INTO `ShopGroups` (`id`, `groupName`, `shown`, `showInHierarchy`) VALUES ('7bf740b7-99a5-11db-937f-000e0c431b59', 'Шпаклевка /Фарвест/', '1', '1');
INSERT INTO `ShopGroups` (`id`, `groupName`, `shown`, `showInHierarchy`) VALUES ('93b8cb6c-8330-11de-8f0e-000e0c431b58', 'яПрочее/ФОРМАН', '1', '1');
INSERT INTO `ShopGroups` (`id`, `groupName`, `shown`, `showInHierarchy`) VALUES ('812838e9-1df6-11de-8db9-000e0c431b58', 'Смеси для полов  ФОРМАН', '1', '1');
INSERT INTO `ShopGroups` (`id`, `groupName`, `shown`, `showInHierarchy`) VALUES ('c640205c-f1d1-11dd-9439-000e0c431b58', 'Сухие смеси ФОРМАН', '1', '1');
INSERT INTO `ShopGroups` (`id`, `groupName`, `shown`, `showInHierarchy`) VALUES ('2ae549a7-1dd7-11de-8db9-000e0c431b58', 'Шпаклевки  ФОРМАН', '1', '1');
INSERT INTO `ShopGroups` (`id`, `groupName`, `shown`, `showInHierarchy`) VALUES ('2ae549a8-1dd7-11de-8db9-000e0c431b58', 'Штукатурка ФОРМАН  ', '1', '1');
INSERT INTO `ShopGroups` (`id`, `groupName`, `shown`, `showInHierarchy`) VALUES ('267b6283-a67f-11de-a774-000e0c431b58', 'яПрочее/ЭТАЛОНСТРОЙ', '1', '1');
INSERT INTO `ShopGroups` (`id`, `groupName`, `shown`, `showInHierarchy`) VALUES ('267b6284-a67f-11de-a774-000e0c431b58', 'Плиточный клей ЭТАЛОНСТРОЙ', '1', '1');
INSERT INTO `ShopGroups` (`id`, `groupName`, `shown`, `showInHierarchy`) VALUES ('267b6285-a67f-11de-a774-000e0c431b58', 'Смеси для полов   ЭТАЛОНСТРОЙ', '1', '1');
INSERT INTO `ShopGroups` (`id`, `groupName`, `shown`, `showInHierarchy`) VALUES ('c64939de-b239-11de-90d4-000e0c431b58', 'Шпатлевка  ЭТАЛОНСТРОЙ', '1', '1');
INSERT INTO `ShopGroups` (`id`, `groupName`, `shown`, `showInHierarchy`) VALUES ('267b6286-a67f-11de-a774-000e0c431b58', 'Штукатурка  ЭТАЛОНСТРОЙ', '1', '1');
INSERT INTO `ShopGroups` (`id`, `groupName`, `shown`, `showInHierarchy`) VALUES ('7bf74105-99a5-11db-937f-000e0c431b59', 'яПрочее/Юнис', '1', '1');
INSERT INTO `ShopGroups` (`id`, `groupName`, `shown`, `showInHierarchy`) VALUES ('7bf7404b-99a5-11db-937f-000e0c431b59', 'Затирки   ЮНИС', '1', '1');
INSERT INTO `ShopGroups` (`id`, `groupName`, `shown`, `showInHierarchy`) VALUES ('14a35e16-b2e8-11dd-8051-000e0c431b58', 'Шпатлевка  ЮНИС', '1', '1');

INSERT INTO `ShopProperties` (`id`, `propertyName`, `filterType`, `valueType`, `oneOfAllValues`) VALUES ('d624040a-3bb6-11e3-80e1-005056be1f7a', 'Основа', 'select', 'varchar', '0');
INSERT INTO `ShopProperties` (`id`, `propertyName`, `filterType`, `valueType`, `oneOfAllValues`) VALUES ('0a552a3f-3bb7-11e3-80e1-005056be1f7a', 'Цвет', 'select', 'varchar', '0');
INSERT INTO `ShopProperties` (`id`, `propertyName`, `filterType`, `valueType`, `oneOfAllValues`) VALUES ('c17ab514-3bbc-11e3-80e1-005056be1f7a', 'Блеск', 'select', 'varchar', '0');
INSERT INTO `ShopProperties` (`id`, `propertyName`, `filterType`, `valueType`, `oneOfAllValues`) VALUES ('27c97b3a-3bc1-11e3-80e1-005056be1f7a', 'Область применения', 'groupSelect', 'varchar', '1');
INSERT INTO `ShopProperties` (`id`, `propertyName`, `filterType`, `valueType`, `oneOfAllValues`) VALUES ('618eeb90-3bc1-11e3-80e1-005056be1f7a', 'Особенности', 'groupSelect', 'varchar', '1');
INSERT INTO `ShopProperties` (`id`, `propertyName`, `filterType`, `valueType`, `oneOfAllValues`) VALUES ('52b86f7c-9721-11e4-80ed-00155d37037a', 'Высота', 'intRange', 'int', '0');
INSERT INTO `ShopProperties` (`id`, `propertyName`, `filterType`, `valueType`, `oneOfAllValues`) VALUES ('5d6e6606-9721-11e4-80ed-00155d37037a', 'Упаковка', 'none', 'varchar', '0');
INSERT INTO `ShopProperties` (`id`, `propertyName`, `filterType`, `valueType`, `oneOfAllValues`) VALUES ('86212cd6-9722-11e4-80ed-00155d37037a', 'Длина', 'intRange', 'int', '1');
INSERT INTO `ShopProperties` (`id`, `propertyName`, `filterType`, `valueType`, `oneOfAllValues`) VALUES ('98d876e7-9722-11e4-80ed-00155d37037a', 'Ширина', 'intRange', 'int', '0');
INSERT INTO `ShopProperties` (`id`, `propertyName`, `filterType`, `valueType`, `oneOfAllValues`) VALUES ('c59571db-9722-11e4-80ed-00155d37037a', 'Толщина', 'intRange', 'int', '0');
INSERT INTO `ShopProperties` (`id`, `propertyName`, `filterType`, `valueType`, `oneOfAllValues`) VALUES ('2b321f98-9723-11e4-80ed-00155d37037a', 'Вес', 'intRange', 'float', '0');
INSERT INTO `ShopProperties` (`id`, `propertyName`, `filterType`, `valueType`, `oneOfAllValues`) VALUES ('a5b8e3d9-9723-11e4-80ed-00155d37037a', 'Машинная колеровка', 'bool', 'bool', '0');
INSERT INTO `ShopProperties` (`id`, `propertyName`, `filterType`, `valueType`, `oneOfAllValues`) VALUES ('5babbf5c-9803-11e4-80ef-00155d370385', 'Разбавитель', 'none', 'varchar', '0');
INSERT INTO `ShopProperties` (`id`, `propertyName`, `filterType`, `valueType`, `oneOfAllValues`) VALUES ('95672c1d-ab80-11e4-80f6-00155d370391', 'Основа', 'select', 'varchar', '0');
INSERT INTO `ShopProperties` (`id`, `propertyName`, `filterType`, `valueType`, `oneOfAllValues`) VALUES ('c3650a74-ab80-11e4-80f6-00155d370391', 'Основа', 'groupSelect', 'varchar', '1');
INSERT INTO `ShopProperties` (`id`, `propertyName`, `filterType`, `valueType`, `oneOfAllValues`) VALUES ('09ac244d-ab81-11e4-80f6-00155d370391', 'Основа', 'select', 'varchar', '0');
INSERT INTO `ShopProperties` (`id`, `propertyName`, `filterType`, `valueType`, `oneOfAllValues`) VALUES ('0569475c-1474-11e3-82b9-0050569a1080', 'Вид', 'select', 'varchar', '0');
INSERT INTO `ShopProperties` (`id`, `propertyName`, `filterType`, `valueType`, `oneOfAllValues`) VALUES ('0beb7c10-76ad-11e3-8868-005056be1f7a', 'Износоустойчивость', 'none', 'varchar', '0');
INSERT INTO `ShopProperties` (`id`, `propertyName`, `filterType`, `valueType`, `oneOfAllValues`) VALUES ('6cd386f1-3a4b-11e3-88c8-005056be1f7a', 'Объем', 'intRange', 'float', '0');
INSERT INTO `ShopProperties` (`id`, `propertyName`, `filterType`, `valueType`, `oneOfAllValues`) VALUES ('bbea9c1a-3a4b-11e3-88c8-005056be1f7a', 'Назначение', 'groupSelect', 'varchar', '1');
INSERT INTO `ShopProperties` (`id`, `propertyName`, `filterType`, `valueType`, `oneOfAllValues`) VALUES ('cce0ab91-6a67-11e4-8945-005056be1f7a', 'Страна-производитель', 'select', 'varchar', '0');
INSERT INTO `ShopProperties` (`id`, `propertyName`, `filterType`, `valueType`, `oneOfAllValues`) VALUES ('e765ba72-107d-11e3-8a5d-0050569a1080', 'База', 'select', 'varchar', '0');
INSERT INTO `ShopProperties` (`id`, `propertyName`, `filterType`, `valueType`, `oneOfAllValues`) VALUES ('e765ba75-107d-11e3-8a5d-0050569a1080', 'Тип', 'select', 'varchar', '0');
INSERT INTO `ShopProperties` (`id`, `propertyName`, `filterType`, `valueType`, `oneOfAllValues`) VALUES ('a34e94dc-9f77-11e3-9686-005056be1f7c', 'Морозостойкость', 'none', 'varchar', '0');
INSERT INTO `ShopProperties` (`id`, `propertyName`, `filterType`, `valueType`, `oneOfAllValues`) VALUES ('e8287600-ad96-11e3-b114-005056be1f7c', 'Брэнд', 'select', 'varchar', '0');
INSERT INTO `ShopProperties` (`id`, `propertyName`, `filterType`, `valueType`, `oneOfAllValues`) VALUES ('e2e87ce8-ad99-11e3-b114-005056be1f7c', 'Расход', 'none', 'varchar', '0');
INSERT INTO `ShopProperties` (`id`, `propertyName`, `filterType`, `valueType`, `oneOfAllValues`) VALUES ('5ca72995-ad9a-11e3-b114-005056be1f7c', 'TEST', 'none', 'text', '0');

INSERT INTO `ShopItems` (`id`, `itemName`, `group`, `action`, `amount`, `minAmount`, `description`, `shown`) VALUES ('75990b7b-d39c-11e0-8306-001cc494be80', 'Штукатурка  МР-75 МН 30кг Кнауф', '7bf7405b-99a5-11db-937f-000e0c431b59', '0', '229', '', 'Высокоадгезионная, универсальная сухая штукатурная смесь на основе гипса с полимерными добавками. Гипсовые сухие смеси могут быть различного цвета, от белого до серого и даже до розового. Это объясняется наличием природных примесей в гипсовом камне. Цвет смеси никак не влияет на ее характеристики.', '1');
INSERT INTO `ShopItems` (`id`, `itemName`, `group`, `action`, `amount`, `minAmount`, `description`, `shown`) VALUES ('7f6fe6a2-1482-11df-860d-000e0c431b58', 'Штукатурка  гипсовая Т-25 ГИПСВЭЛЛ 10кг  ОСНОВИТ ', '07e40b11-53f8-11de-a649-000e0c431b58', '0', '6', '267', 'Гипсовая штукатурка серая ОСНОВИТ ГИПСВЭЛЛ Т-25 предназначена для выравнивания стен и потолков в помещениях с нормальной влажностью. Для внутренних работ.', '1');
INSERT INTO `ShopItems` (`id`, `itemName`, `group`, `action`, `amount`, `minAmount`, `description`, `shown`) VALUES ('8f0c8f4f-99aa-11db-937f-000e0c431b59', 'Мастика ФЛЕХЕНДИХТ 5кг  Кнауф', '7bf74057-99a5-11db-937f-000e0c431b59', '0', '4', '7', 'КНАУФ-Флэхендихт, готовый состав, представляет собой не содержащую растворитель каучуко-битумную эмульсию, имеет хорошее сцепление почти со всеми основаниями, например с бетоном, известковой, цементной и гипсовой штукатуркой, гипсокартонными КНАУФ-листами и гипсоволокнистыми КНАУФ-суперлистами, кирпичной и каменной кладкой, асбестоцементом, деревом, древесно-стружечными и древесноволокнистыми плитами, полиуретаном, пенопластом, плиточной облицовкой, металлом. КНАУФ-Флэхендихт , безопасна для здоровья, не имеет запаха и вкуса.', '1');
INSERT INTO `ShopItems` (`id`, `itemName`, `group`, `action`, `amount`, `minAmount`, `description`, `shown`) VALUES ('8f0c8f51-99aa-11db-937f-000e0c431b59', 'Монтажный клей гипсовый  Перлфикс  30кг  Кнауф', '7bf74057-99a5-11db-937f-000e0c431b59', '0', '249', '113', 'Сухая монтажная смесь на основе гипса с полимерными добавками, обеспечивающими повышенную адгезию. Гипсовые сухие смеси могут быть различного цвета, от белого до серого и даже до розового. Это объясняется наличием природных примесей в гипсовом камне. Цвет смеси никак не влияет на ее характеристики.', '1');
INSERT INTO `ShopItems` (`id`, `itemName`, `group`, `action`, `amount`, `minAmount`, `description`, `shown`) VALUES ('8f0c8f59-99aa-11db-937f-000e0c431b59', 'Плиточный клей Флизенклебер 10 кг  Кнауф', '7bf74059-99a5-11db-937f-000e0c431b59', '0', '290', '134', 'Плиточный клей КНАУФ - универсальная сухая смесь на цементной основе с повышенной эластичностью и адгезией. Используется для внутренних и наружных работ и предназначен для облицовки стен и пола керамической плиткой и природным камнем, а также для крепления изоляционных материалов,(плит из пенополистирола, минеральной ваты, пенополиуретана и т.п.). Особенно рекомендуется для облицовки поверхностей с повышенными нагрузками (полы производственных помещений), поверхностей, подверженных колебаниям температуры (террасы, балконы, отапливаемые полы), а также для применения на деформируемых основаниях (ДСП, ЦСП) и при облицовке плиткой по плитке. После высыхания тепло-, морозо- и водоустойчив.', '1');
INSERT INTO `ShopItems` (`id`, `itemName`, `group`, `action`, `amount`, `minAmount`, `description`, `shown`) VALUES ('8f0c8f5b-99aa-11db-937f-000e0c431b59', 'Плиточный клей Флизенклебер 25кг  Кнауф', '7bf74059-99a5-11db-937f-000e0c431b59', '0', '1116', '649', 'Плиточный клей КНАУФ - универсальная сухая смесь на цементной основе с повышенной эластичностью и адгезией. Используется для внутренних и наружных работ и предназначен для облицовки стен и пола керамической плиткой и природным камнем, а также для крепления изоляционных материалов,(плит из пенополистирола, минеральной ваты, пенополиуретана и т.п.). Особенно рекомендуется для облицовки поверхностей с повышенными нагрузками (полы производственных помещений), поверхностей, подверженных колебаниям температуры (террасы, балконы, отапливаемые полы), а также для применения на деформируемых основаниях (ДСП, ЦСП) и при облицовке плиткой по плитке. После высыхания тепло-, морозо- и водоустойчив.', '1');
INSERT INTO `ShopItems` (`id`, `itemName`, `group`, `action`, `amount`, `minAmount`, `description`, `shown`) VALUES ('8f0c8f5d-99aa-11db-937f-000e0c431b59', 'Плиточный клей ФЛЕКСКЛЕБЕР 25кг  Кнауф', '7bf74059-99a5-11db-937f-000e0c431b59', '0', '504', '106', 'Плиточный клей КНАУФ - универсальная сухая смесь на цементной основе с повышенной эластичностью и адгезией. Используется для внутренних и наружных работ и предназначен для облицовки стен и пола керамической плиткой и природным камнем, а также для крепления изоляционных материалов,(плит из пенополистирола, минеральной ваты, пенополиуретана и т.п.). Особенно рекомендуется для облицовки поверхностей с повышенными нагрузками (полы производственных помещений), поверхностей, подверженных колебаниям температуры (террасы, балконы, отапливаемые полы), а также для применения на деформируемых основаниях (ДСП, ЦСП) и при облицовке плиткой по плитке. После высыхания тепло-, морозо- и водоустойчив.', '1');
INSERT INTO `ShopItems` (`id`, `itemName`, `group`, `action`, `amount`, `minAmount`, `description`, `shown`) VALUES ('8f0c8f68-99aa-11db-937f-000e0c431b59', 'Шпаклевка для швов  ГКЛ  Унифлот  25 кг  Кнауф', '7bf7405a-99a5-11db-937f-000e0c431b59', '0', '180', '70', 'Сухая шпаклевочная смесь на основе высокопрочного гипса с полимерными добавками. Гипсовые сухие смеси могут быть различного цвета, от белого до серого и даже до розового. Это объясняется наличием природных примесей в гипсовом камне. Цвет смеси никак не влияет на ее характеристики.', '1');
INSERT INTO `ShopItems` (`id`, `itemName`, `group`, `action`, `amount`, `minAmount`, `description`, `shown`) VALUES ('8f0c8f6b-99aa-11db-937f-000e0c431b59', 'Шпаклевка для швов  ГКЛ  Унифлот   5 кг  Кнауф', '7bf7405a-99a5-11db-937f-000e0c431b59', '0', '333', '80', 'Сухая шпаклевочная смесь на основе высокопрочного гипса с полимерными добавками. Гипсовые сухие смеси могут быть различного цвета, от белого до серого и даже до розового. Это объясняется наличием природных примесей в гипсовом камне. Цвет смеси никак не влияет на ее характеристики.', '1');
INSERT INTO `ShopItems` (`id`, `itemName`, `group`, `action`, `amount`, `minAmount`, `description`, `shown`) VALUES ('8f0c8f6d-99aa-11db-937f-000e0c431b59', 'Шпаклевка для швов  ГКЛ  Фугенфюллер  10 кг  Кнауф', '7bf7405a-99a5-11db-937f-000e0c431b59', '0', '368', '162', 'Сухая шпаклевочная смесь на основе высокопрочного гипса с полимерными добавками. Гипсовые сухие смеси могут быть различного цвета, от белого до серого и даже до розового. Это объясняется наличием природных примесей в гипсовом камне. Цвет смеси никак не влияет на ее характеристики.', '1');
INSERT INTO `ShopItems` (`id`, `itemName`, `group`, `action`, `amount`, `minAmount`, `description`, `shown`) VALUES ('8f0c8f6f-99aa-11db-937f-000e0c431b59', 'Шпаклевка для швов  ГКЛ  Фугенфюллер  25 кг  Кнауф', '7bf7405a-99a5-11db-937f-000e0c431b59', '0', '762', '326', 'Сухая шпаклевочная смесь на основе высокопрочного гипса с полимерными добавками. Гипсовые сухие смеси могут быть различного цвета, от белого до серого и даже до розового. Это объясняется наличием природных примесей в гипсовом камне. Цвет смеси никак не влияет на ее характеристики.', '1');
INSERT INTO `ShopItems` (`id`, `itemName`, `group`, `action`, `amount`, `minAmount`, `description`, `shown`) VALUES ('8f0c8f73-99aa-11db-937f-000e0c431b59', 'Штукатурка фасад Зокельпутц УП -310 25кг  Кнауф', '7bf7405b-99a5-11db-937f-000e0c431b59', '0', '193', '174', 'Цокольная штукатурка КНАУФ ЗОКЕЛЬПУТЦ УП 310 - сухая штукатурная смесь на цементной основе с повышенной прочностью. Предназначена для машинного и ручного нанесения в местах с повышенными динамическими нагрузками или воздействием грунтовых вод. Штукатурка Зокельпутц применяется для оштукатуривания цоколей фасадов, а также наружных и внутренних стен подвалов, для выравнивания оснований под облицовку плиткой или природным камнем и т.п. Внутри зданий рекомендуется для применения в помещениях с повышенной влажностью (подвалы, ванные, прачечные и т.д.).', '1');
INSERT INTO `ShopItems` (`id`, `itemName`, `group`, `action`, `amount`, `minAmount`, `description`, `shown`) VALUES ('8f0c8f75-99aa-11db-937f-000e0c431b59', 'Штукатурка структурная  Диамант 260 25кг  Кнауф', '7bf7405b-99a5-11db-937f-000e0c431b59', '0', '325', '259', 'Минеральная структурная штукатурка на цементной основе с полимерными добавками и пигментами различных цветов. Основной цвет: белый.', '1');
INSERT INTO `ShopItems` (`id`, `itemName`, `group`, `action`, `amount`, `minAmount`, `description`, `shown`) VALUES ('8f0c8f7f-99aa-11db-937f-000e0c431b59', 'Штукатурка  Ротбанд 30кг  Кнауф', '7bf7405b-99a5-11db-937f-000e0c431b59', '0', '3377', '613', 'Универсальная сухая штукатурная смесь на основе гипса с полимерными добавками, обеспечивающими повышенную адгезию. Гипсовые сухие смеси могут быть различного цвета, от белого до серого и даже до розового. Это объясняется наличием природных примесей в гипсовом камне. Цвет смеси никак не влияет на ее характеристики.', '1');
INSERT INTO `ShopItems` (`id`, `itemName`, `group`, `action`, `amount`, `minAmount`, `description`, `shown`) VALUES ('8f0c8f85-99aa-11db-937f-000e0c431b59', 'Штукатурка фасад Унтерпутц 25кг  Кнауф', '7bf7405b-99a5-11db-937f-000e0c431b59', '0', '113', '128', 'Штукатурка – материал, который используется перед окраской или оклейкой стен. Штукатурка бывает как для работ внутри помещения, так и для наружного применения. Основная цель штукатурки – выравнивание потолков и неровных стен. В отличие от шпатлевок, штукатурки не имеют крупного наполнителя и не могут шлифоваться. Особой популярностью пользуется штукатурка кнауф унтерпутц. Преимущества кнауф унтерпутц: •	Идеально подходит как основа под декоративное покрытие любого фасада •	Проста в использовании, обладает высокой пластичностью •	Предотвращает усаживание фасада •	Высокие водоудерживающие свойства •	Защищает стены и фасад от трещин Сухие смеси, применяемые для выравнивания различных поверхностей, могут использоваться как во внутренних, так и в фасадных работах. Штукатурки типа КНАУФ-Унтерпутц УП 210 штукатурная смесь цементная фасадная применяются для выравнивания поверхностей ручным и машинным способом. Сухие смеси и штукатурки типа КНАУФ-Унтерпутц УП 210 штукатурная смесь цементная фасадная подходят для выравнивания поверхностей в условиях повышенной влажности. КНАУФ-Унтерпутц УП 210 штукатурная смесь цементная фасадная идеально подходят для фасадных работ. Также такие штукатурки как КНАУФ-Унтерпутц УП 210 штукатурная смесь цементная фасадная могут использоваться и для внутренних работ.
', '1');
INSERT INTO `ShopItems` (`id`, `itemName`, `group`, `action`, `amount`, `minAmount`, `description`, `shown`) VALUES ('8f0c8f8f-99aa-11db-937f-000e0c431b59', 'Штукатурно-клеевая смесь СЕВЕНЕР 25кг  Кнауф', '7bf7405b-99a5-11db-937f-000e0c431b59', '0', '369', '173', 'Сухая смесь на цементной основе. Содержит фракционированный песок, специальные волокна и полимерные добавки.', '1');
INSERT INTO `ShopItems` (`id`, `itemName`, `group`, `action`, `amount`, `minAmount`, `description`, `shown`) VALUES ('79a1722c-a025-11e2-a366-005056be3574', 'Штукатурка фасадная СТАРТВЭЛЛ МН Т-21 ОСНОВИТ25 кг', '07e40b11-53f8-11de-a649-000e0c431b58', '0', '42', '', 'Гипсовая штукатурка ОСНОВИТ ГИПСВЭЛЛ Т-21 предназначена для выравнивания стен и потолков в помещениях с нормальной влажностью. Для внутренних работ.', '1');
INSERT INTO `ShopItems` (`id`, `itemName`, `group`, `action`, `amount`, `minAmount`, `description`, `shown`) VALUES ('07e40b13-53f8-11de-a649-000e0c431b58', 'Штукатурка  фасадная Т-21 СТАРТВЭЛЛ 25кг  ОСНОВИТ ', '07e40b11-53f8-11de-a649-000e0c431b58', '0', '198', '211', 'Гипсовая штукатурка ОСНОВИТ ГИПСВЭЛЛ Т-21 предназначена для выравнивания стен и потолков в помещениях с нормальной влажностью. Для внутренних работ.', '1');
INSERT INTO `ShopItems` (`id`, `itemName`, `group`, `action`, `amount`, `minAmount`, `description`, `shown`) VALUES ('07e40b15-53f8-11de-a649-000e0c431b58', 'Штукатурка цементная Т-22 БИГВЭЛЛ 25кг  ОСНОВИТ ', '07e40b11-53f8-11de-a649-000e0c431b58', '0', '275', '233', 'Гипсовая штукатурка ОСНОВИТ ГИПСВЭЛЛ Т-22 предназначена для выравнивания стен и потолков в помещениях с нормальной влажностью. Для внутренних работ.', '1');
INSERT INTO `ShopItems` (`id`, `itemName`, `group`, `action`, `amount`, `minAmount`, `description`, `shown`) VALUES ('220ea84d-8bc5-11de-a774-000e0c431b58', 'Штукатурка  гипсовая Т-25 ГИПСВЭЛЛ 30кг  ОСНОВИТ ', '07e40b11-53f8-11de-a649-000e0c431b58', '0', '777', '564', 'Гипсовая штукатурка серая ОСНОВИТ ГИПСВЭЛЛ Т-25 предназначена для выравнивания стен и потолков в помещениях с нормальной влажностью. Для внутренних работ.', '1');

INSERT INTO `ShopPricesTypes` (`id`, `typeName`, `default`) VALUES ('288427e0-9732-11db-bbb4-0017315894a1', 'Розничная', '1');
INSERT INTO `ShopPricesTypes` (`id`, `typeName`, `default`) VALUES ('feff0694-99ab-11db-937f-000e0c431b59', 'Оптовая', '0');

INSERT INTO `ShopGroupsHierarchy` (`group`, `parentGroup`) VALUES ('7bf74038-99a5-11db-937f-000e0c431b59', '7bf74036-99a5-11db-937f-000e0c431b59');
INSERT INTO `ShopGroupsHierarchy` (`group`, `parentGroup`) VALUES ('0e0a7c73-1daf-11de-8db9-000e0c431b58', '7bf74036-99a5-11db-937f-000e0c431b59');
INSERT INTO `ShopGroupsHierarchy` (`group`, `parentGroup`) VALUES ('0e0a7c6f-1daf-11de-8db9-000e0c431b58', '7bf74036-99a5-11db-937f-000e0c431b59');
INSERT INTO `ShopGroupsHierarchy` (`group`, `parentGroup`) VALUES ('763735c2-2a2b-11e2-9366-005056be3bd8', '0e0a7c6f-1daf-11de-8db9-000e0c431b58');
INSERT INTO `ShopGroupsHierarchy` (`group`, `parentGroup`) VALUES ('0e0a7c72-1daf-11de-8db9-000e0c431b58', '0e0a7c6f-1daf-11de-8db9-000e0c431b58');
INSERT INTO `ShopGroupsHierarchy` (`group`, `parentGroup`) VALUES ('7bf74058-99a5-11db-937f-000e0c431b59', '0e0a7c6f-1daf-11de-8db9-000e0c431b58');
INSERT INTO `ShopGroupsHierarchy` (`group`, `parentGroup`) VALUES ('26335c77-6153-11de-9531-000e0c431b58', '0e0a7c6f-1daf-11de-8db9-000e0c431b58');
INSERT INTO `ShopGroupsHierarchy` (`group`, `parentGroup`) VALUES ('55f723c2-160a-11e3-ae8d-005056be3574', '0e0a7c6f-1daf-11de-8db9-000e0c431b58');
INSERT INTO `ShopGroupsHierarchy` (`group`, `parentGroup`) VALUES ('f89ed568-4c91-11dc-97da-000e0c431b58', '0e0a7c6f-1daf-11de-8db9-000e0c431b58');
INSERT INTO `ShopGroupsHierarchy` (`group`, `parentGroup`) VALUES ('b9f8a041-e071-11e1-a27b-005056be3bd8', 'f89ed568-4c91-11dc-97da-000e0c431b58');
INSERT INTO `ShopGroupsHierarchy` (`group`, `parentGroup`) VALUES ('f85d7b04-07dd-11de-9846-000e0c431b58', 'f89ed568-4c91-11dc-97da-000e0c431b58');
INSERT INTO `ShopGroupsHierarchy` (`group`, `parentGroup`) VALUES ('6d99c77c-9dd4-11de-a774-000e0c431b58', 'f89ed568-4c91-11dc-97da-000e0c431b58');
INSERT INTO `ShopGroupsHierarchy` (`group`, `parentGroup`) VALUES ('0e0a7c70-1daf-11de-8db9-000e0c431b58', 'f89ed568-4c91-11dc-97da-000e0c431b58');
INSERT INTO `ShopGroupsHierarchy` (`group`, `parentGroup`) VALUES ('84056bc4-d341-11dc-bc3a-000e0c431b58', 'f89ed568-4c91-11dc-97da-000e0c431b58');
INSERT INTO `ShopGroupsHierarchy` (`group`, `parentGroup`) VALUES ('0e0a7c71-1daf-11de-8db9-000e0c431b58', 'f89ed568-4c91-11dc-97da-000e0c431b58');
INSERT INTO `ShopGroupsHierarchy` (`group`, `parentGroup`) VALUES ('62ed09fe-b896-11de-90d4-000e0c431b58', 'f89ed568-4c91-11dc-97da-000e0c431b58');
INSERT INTO `ShopGroupsHierarchy` (`group`, `parentGroup`) VALUES ('14a35e15-b2e8-11dd-8051-000e0c431b58', 'f89ed568-4c91-11dc-97da-000e0c431b58');
INSERT INTO `ShopGroupsHierarchy` (`group`, `parentGroup`) VALUES ('a964656d-2dd4-11df-860d-000e0c431b58', 'f89ed568-4c91-11dc-97da-000e0c431b58');
INSERT INTO `ShopGroupsHierarchy` (`group`, `parentGroup`) VALUES ('2b784715-bbc2-11e3-b52a-005056be1f7b', 'f89ed568-4c91-11dc-97da-000e0c431b58');
INSERT INTO `ShopGroupsHierarchy` (`group`, `parentGroup`) VALUES ('072e023b-f01c-11e1-b97a-005056be3bd8', 'f89ed568-4c91-11dc-97da-000e0c431b58');
INSERT INTO `ShopGroupsHierarchy` (`group`, `parentGroup`) VALUES ('11886488-1965-11e4-be61-005056be1f7b', '7bf74036-99a5-11db-937f-000e0c431b59');
INSERT INTO `ShopGroupsHierarchy` (`group`, `parentGroup`) VALUES ('90ad0703-2f58-11e4-891e-005056be1f7b', '11886488-1965-11e4-be61-005056be1f7b');
INSERT INTO `ShopGroupsHierarchy` (`group`, `parentGroup`) VALUES ('91e44b55-222d-11e4-89ba-005056be1f7b', '11886488-1965-11e4-be61-005056be1f7b');
INSERT INTO `ShopGroupsHierarchy` (`group`, `parentGroup`) VALUES ('7bf7403a-99a5-11db-937f-000e0c431b59', '7bf74036-99a5-11db-937f-000e0c431b59');
INSERT INTO `ShopGroupsHierarchy` (`group`, `parentGroup`) VALUES ('7bf7404a-99a5-11db-937f-000e0c431b59', '7bf74036-99a5-11db-937f-000e0c431b59');
INSERT INTO `ShopGroupsHierarchy` (`group`, `parentGroup`) VALUES ('14a35e14-b2e8-11dd-8051-000e0c431b58', '7bf7404a-99a5-11db-937f-000e0c431b59');
INSERT INTO `ShopGroupsHierarchy` (`group`, `parentGroup`) VALUES ('14a35e18-b2e8-11dd-8051-000e0c431b58', '7bf7404a-99a5-11db-937f-000e0c431b59');
INSERT INTO `ShopGroupsHierarchy` (`group`, `parentGroup`) VALUES ('14a35e17-b2e8-11dd-8051-000e0c431b58', '7bf7404a-99a5-11db-937f-000e0c431b59');
INSERT INTO `ShopGroupsHierarchy` (`group`, `parentGroup`) VALUES ('a6658bb3-bb8e-11e1-ad56-005056be3bd8', '7bf74036-99a5-11db-937f-000e0c431b59');
INSERT INTO `ShopGroupsHierarchy` (`group`, `parentGroup`) VALUES ('7bf74037-99a5-11db-937f-000e0c431b59', '7bf74036-99a5-11db-937f-000e0c431b59');
INSERT INTO `ShopGroupsHierarchy` (`group`, `parentGroup`) VALUES ('2850e32f-c091-11df-a0c5-000e0c431b58', '7bf74037-99a5-11db-937f-000e0c431b59');
INSERT INTO `ShopGroupsHierarchy` (`group`, `parentGroup`) VALUES ('2850e362-c091-11df-a0c5-000e0c431b58', '7bf74037-99a5-11db-937f-000e0c431b59');
INSERT INTO `ShopGroupsHierarchy` (`group`, `parentGroup`) VALUES ('fe3e115a-24be-11e1-bda7-001cc494be80', '7bf74037-99a5-11db-937f-000e0c431b59');
INSERT INTO `ShopGroupsHierarchy` (`group`, `parentGroup`) VALUES ('0e99b359-7cd6-11e2-bdb1-005056be3574', '7bf74037-99a5-11db-937f-000e0c431b59');
INSERT INTO `ShopGroupsHierarchy` (`group`, `parentGroup`) VALUES ('26924ea3-d1d3-11df-a0c5-000e0c431b58', '7bf74036-99a5-11db-937f-000e0c431b59');
INSERT INTO `ShopGroupsHierarchy` (`group`, `parentGroup`) VALUES ('dcbb53b5-d1e8-11df-a0c5-000e0c431b58', '26924ea3-d1d3-11df-a0c5-000e0c431b58');
INSERT INTO `ShopGroupsHierarchy` (`group`, `parentGroup`) VALUES ('7bb9953e-d9be-11e3-a9ae-005056be1f7b', '26924ea3-d1d3-11df-a0c5-000e0c431b58');
INSERT INTO `ShopGroupsHierarchy` (`group`, `parentGroup`) VALUES ('26924ea4-d1d3-11df-a0c5-000e0c431b58', '26924ea3-d1d3-11df-a0c5-000e0c431b58');
INSERT INTO `ShopGroupsHierarchy` (`group`, `parentGroup`) VALUES ('26924ea5-d1d3-11df-a0c5-000e0c431b58', '26924ea4-d1d3-11df-a0c5-000e0c431b58');
INSERT INTO `ShopGroupsHierarchy` (`group`, `parentGroup`) VALUES ('26924ea6-d1d3-11df-a0c5-000e0c431b58', '26924ea4-d1d3-11df-a0c5-000e0c431b58');
INSERT INTO `ShopGroupsHierarchy` (`group`, `parentGroup`) VALUES ('bf991644-d1d2-11df-a0c5-000e0c431b58', '26924ea3-d1d3-11df-a0c5-000e0c431b58');
INSERT INTO `ShopGroupsHierarchy` (`group`, `parentGroup`) VALUES ('a56ffce8-d268-11e1-9771-005056be3bd8', '26924ea3-d1d3-11df-a0c5-000e0c431b58');
INSERT INTO `ShopGroupsHierarchy` (`group`, `parentGroup`) VALUES ('bf991641-d1d2-11df-a0c5-000e0c431b58', 'a56ffce8-d268-11e1-9771-005056be3bd8');
INSERT INTO `ShopGroupsHierarchy` (`group`, `parentGroup`) VALUES ('5c2d416b-4327-11e0-894e-000e0c431b58', 'a56ffce8-d268-11e1-9771-005056be3bd8');
INSERT INTO `ShopGroupsHierarchy` (`group`, `parentGroup`) VALUES ('52b25ed9-11e5-11e1-ae34-001cc494be80', 'a56ffce8-d268-11e1-9771-005056be3bd8');
INSERT INTO `ShopGroupsHierarchy` (`group`, `parentGroup`) VALUES ('b4c46ac6-8aaf-11e1-b903-005056be3bd8', '7bf74036-99a5-11db-937f-000e0c431b59');
INSERT INTO `ShopGroupsHierarchy` (`group`, `parentGroup`) VALUES ('7bf7403c-99a5-11db-937f-000e0c431b59', '7bf74036-99a5-11db-937f-000e0c431b59');
INSERT INTO `ShopGroupsHierarchy` (`group`, `parentGroup`) VALUES ('7bf74046-99a5-11db-937f-000e0c431b59', '7bf74036-99a5-11db-937f-000e0c431b59');
INSERT INTO `ShopGroupsHierarchy` (`group`, `parentGroup`) VALUES ('3a2c3b23-c369-11e2-bd0e-005056be3574', '7bf74036-99a5-11db-937f-000e0c431b59');
INSERT INTO `ShopGroupsHierarchy` (`group`, `parentGroup`) VALUES ('1116661d-08ff-11e4-8631-005056be1f7b', '3a2c3b23-c369-11e2-bd0e-005056be3574');
INSERT INTO `ShopGroupsHierarchy` (`group`, `parentGroup`) VALUES ('c53af91c-08fe-11e4-8631-005056be1f7b', '3a2c3b23-c369-11e2-bd0e-005056be3574');
INSERT INTO `ShopGroupsHierarchy` (`group`, `parentGroup`) VALUES ('7bf7403d-99a5-11db-937f-000e0c431b59', '7bf74036-99a5-11db-937f-000e0c431b59');
INSERT INTO `ShopGroupsHierarchy` (`group`, `parentGroup`) VALUES ('1aeaaebc-1df2-11de-8db9-000e0c431b58', '7bf7403d-99a5-11db-937f-000e0c431b59');
INSERT INTO `ShopGroupsHierarchy` (`group`, `parentGroup`) VALUES ('1aeaaebb-1df2-11de-8db9-000e0c431b58', '7bf7403d-99a5-11db-937f-000e0c431b59');
INSERT INTO `ShopGroupsHierarchy` (`group`, `parentGroup`) VALUES ('7bf74057-99a5-11db-937f-000e0c431b59', '7bf74036-99a5-11db-937f-000e0c431b59');
INSERT INTO `ShopGroupsHierarchy` (`group`, `parentGroup`) VALUES ('7bf74059-99a5-11db-937f-000e0c431b59', '7bf74057-99a5-11db-937f-000e0c431b59');
INSERT INTO `ShopGroupsHierarchy` (`group`, `parentGroup`) VALUES ('7bf7405a-99a5-11db-937f-000e0c431b59', '7bf74057-99a5-11db-937f-000e0c431b59');
INSERT INTO `ShopGroupsHierarchy` (`group`, `parentGroup`) VALUES ('7bf7405b-99a5-11db-937f-000e0c431b59', '7bf74057-99a5-11db-937f-000e0c431b59');
INSERT INTO `ShopGroupsHierarchy` (`group`, `parentGroup`) VALUES ('0472249b-07b5-11de-9846-000e0c431b58', '7bf74036-99a5-11db-937f-000e0c431b59');
INSERT INTO `ShopGroupsHierarchy` (`group`, `parentGroup`) VALUES ('d5ce643c-c3d2-11e3-a69f-005056be1f7b', '0472249b-07b5-11de-9846-000e0c431b58');
INSERT INTO `ShopGroupsHierarchy` (`group`, `parentGroup`) VALUES ('d1b5414d-4557-11e4-8f7a-005056be1f7b', 'd5ce643c-c3d2-11e3-a69f-005056be1f7b');
INSERT INTO `ShopGroupsHierarchy` (`group`, `parentGroup`) VALUES ('0472249e-07b5-11de-9846-000e0c431b58', '0472249b-07b5-11de-9846-000e0c431b58');
INSERT INTO `ShopGroupsHierarchy` (`group`, `parentGroup`) VALUES ('047224a1-07b5-11de-9846-000e0c431b58', '0472249b-07b5-11de-9846-000e0c431b58');
INSERT INTO `ShopGroupsHierarchy` (`group`, `parentGroup`) VALUES ('07e40b12-53f8-11de-a649-000e0c431b58', '0472249b-07b5-11de-9846-000e0c431b58');
INSERT INTO `ShopGroupsHierarchy` (`group`, `parentGroup`) VALUES ('07e40b11-53f8-11de-a649-000e0c431b58', '0472249b-07b5-11de-9846-000e0c431b58');
INSERT INTO `ShopGroupsHierarchy` (`group`, `parentGroup`) VALUES ('7bf7403f-99a5-11db-937f-000e0c431b59', '7bf74036-99a5-11db-937f-000e0c431b59');
INSERT INTO `ShopGroupsHierarchy` (`group`, `parentGroup`) VALUES ('7bf74045-99a5-11db-937f-000e0c431b59', '7bf74036-99a5-11db-937f-000e0c431b59');
INSERT INTO `ShopGroupsHierarchy` (`group`, `parentGroup`) VALUES ('1cae3d85-8b8f-11dc-be6a-000e0c431b58', '7bf74045-99a5-11db-937f-000e0c431b59');
INSERT INTO `ShopGroupsHierarchy` (`group`, `parentGroup`) VALUES ('1cae3d84-8b8f-11dc-be6a-000e0c431b58', '7bf74045-99a5-11db-937f-000e0c431b59');
INSERT INTO `ShopGroupsHierarchy` (`group`, `parentGroup`) VALUES ('1cae3d83-8b8f-11dc-be6a-000e0c431b58', '7bf74045-99a5-11db-937f-000e0c431b59');
INSERT INTO `ShopGroupsHierarchy` (`group`, `parentGroup`) VALUES ('7b95eeaf-5f45-11e0-894e-000e0c431b58', '7bf74045-99a5-11db-937f-000e0c431b59');
INSERT INTO `ShopGroupsHierarchy` (`group`, `parentGroup`) VALUES ('e3977bf4-b671-11e3-9ba7-005056be1f7b', '7b95eeaf-5f45-11e0-894e-000e0c431b58');
INSERT INTO `ShopGroupsHierarchy` (`group`, `parentGroup`) VALUES ('5d7dfef6-11d5-11e2-8994-005056be3bd8', '7b95eeaf-5f45-11e0-894e-000e0c431b58');
INSERT INTO `ShopGroupsHierarchy` (`group`, `parentGroup`) VALUES ('df7cc964-ccf6-11de-860c-000e0c431b58', '7bf74036-99a5-11db-937f-000e0c431b59');
INSERT INTO `ShopGroupsHierarchy` (`group`, `parentGroup`) VALUES ('9b4a3bce-b50d-11db-af52-000e0c431b58', 'df7cc964-ccf6-11de-860c-000e0c431b58');
INSERT INTO `ShopGroupsHierarchy` (`group`, `parentGroup`) VALUES ('e96c3e00-0d24-11e2-a686-005056be3bd8', 'df7cc964-ccf6-11de-860c-000e0c431b58');
INSERT INTO `ShopGroupsHierarchy` (`group`, `parentGroup`) VALUES ('55be65df-5c69-11e1-951b-005056be3bd8', 'df7cc964-ccf6-11de-860c-000e0c431b58');
INSERT INTO `ShopGroupsHierarchy` (`group`, `parentGroup`) VALUES ('07bf903d-5d1e-11e1-b46a-005056be3bd8', '55be65df-5c69-11e1-951b-005056be3bd8');
INSERT INTO `ShopGroupsHierarchy` (`group`, `parentGroup`) VALUES ('39beaf66-2d43-11e1-b34d-001cc494be80', '55be65df-5c69-11e1-951b-005056be3bd8');
INSERT INTO `ShopGroupsHierarchy` (`group`, `parentGroup`) VALUES ('0e0a7c74-1daf-11de-8db9-000e0c431b58', 'df7cc964-ccf6-11de-860c-000e0c431b58');
INSERT INTO `ShopGroupsHierarchy` (`group`, `parentGroup`) VALUES ('7bf7403b-99a5-11db-937f-000e0c431b59', '0e0a7c74-1daf-11de-8db9-000e0c431b58');
INSERT INTO `ShopGroupsHierarchy` (`group`, `parentGroup`) VALUES ('7bf741c6-99a5-11db-937f-000e0c431b59', '0e0a7c74-1daf-11de-8db9-000e0c431b58');
INSERT INTO `ShopGroupsHierarchy` (`group`, `parentGroup`) VALUES ('7bf74049-99a5-11db-937f-000e0c431b59', 'df7cc964-ccf6-11de-860c-000e0c431b58');
INSERT INTO `ShopGroupsHierarchy` (`group`, `parentGroup`) VALUES ('7bf7403e-99a5-11db-937f-000e0c431b59', 'df7cc964-ccf6-11de-860c-000e0c431b58');
INSERT INTO `ShopGroupsHierarchy` (`group`, `parentGroup`) VALUES ('7bf74044-99a5-11db-937f-000e0c431b59', 'df7cc964-ccf6-11de-860c-000e0c431b58');
INSERT INTO `ShopGroupsHierarchy` (`group`, `parentGroup`) VALUES ('7bf74048-99a5-11db-937f-000e0c431b59', 'df7cc964-ccf6-11de-860c-000e0c431b58');
INSERT INTO `ShopGroupsHierarchy` (`group`, `parentGroup`) VALUES ('a56ffce7-d268-11e1-9771-005056be3bd8', 'df7cc964-ccf6-11de-860c-000e0c431b58');
INSERT INTO `ShopGroupsHierarchy` (`group`, `parentGroup`) VALUES ('0d59cfd2-0ebc-11e1-98a2-001cc494be80', 'a56ffce7-d268-11e1-9771-005056be3bd8');
INSERT INTO `ShopGroupsHierarchy` (`group`, `parentGroup`) VALUES ('7bf74039-99a5-11db-937f-000e0c431b59', 'df7cc964-ccf6-11de-860c-000e0c431b58');
INSERT INTO `ShopGroupsHierarchy` (`group`, `parentGroup`) VALUES ('7bf74104-99a5-11db-937f-000e0c431b59', '7bf74039-99a5-11db-937f-000e0c431b59');
INSERT INTO `ShopGroupsHierarchy` (`group`, `parentGroup`) VALUES ('05916707-1d2e-11de-8db9-000e0c431b58', '7bf74104-99a5-11db-937f-000e0c431b59');
INSERT INTO `ShopGroupsHierarchy` (`group`, `parentGroup`) VALUES ('1aeaaeb9-1df2-11de-8db9-000e0c431b58', 'df7cc964-ccf6-11de-860c-000e0c431b58');
INSERT INTO `ShopGroupsHierarchy` (`group`, `parentGroup`) VALUES ('1aeaaeba-1df2-11de-8db9-000e0c431b58', '1aeaaeb9-1df2-11de-8db9-000e0c431b58');
INSERT INTO `ShopGroupsHierarchy` (`group`, `parentGroup`) VALUES ('7bf741c8-99a5-11db-937f-000e0c431b59', 'df7cc964-ccf6-11de-860c-000e0c431b58');
INSERT INTO `ShopGroupsHierarchy` (`group`, `parentGroup`) VALUES ('7bf74047-99a5-11db-937f-000e0c431b59', '7bf741c8-99a5-11db-937f-000e0c431b59');
INSERT INTO `ShopGroupsHierarchy` (`group`, `parentGroup`) VALUES ('1aeaaec2-1df2-11de-8db9-000e0c431b58', '7bf741c8-99a5-11db-937f-000e0c431b59');
INSERT INTO `ShopGroupsHierarchy` (`group`, `parentGroup`) VALUES ('84056bc3-d341-11dc-bc3a-000e0c431b58', '7bf741c8-99a5-11db-937f-000e0c431b59');
INSERT INTO `ShopGroupsHierarchy` (`group`, `parentGroup`) VALUES ('4487332a-5458-11dc-beb4-000e0c431b58', '7bf741c8-99a5-11db-937f-000e0c431b59');
INSERT INTO `ShopGroupsHierarchy` (`group`, `parentGroup`) VALUES ('39b2c528-d28a-11e2-9f37-005056be3574', 'df7cc964-ccf6-11de-860c-000e0c431b58');
INSERT INTO `ShopGroupsHierarchy` (`group`, `parentGroup`) VALUES ('a56ffce6-d268-11e1-9771-005056be3bd8', 'df7cc964-ccf6-11de-860c-000e0c431b58');
INSERT INTO `ShopGroupsHierarchy` (`group`, `parentGroup`) VALUES ('fb2753ce-76af-11de-9531-000e0c431b58', 'df7cc964-ccf6-11de-860c-000e0c431b58');
INSERT INTO `ShopGroupsHierarchy` (`group`, `parentGroup`) VALUES ('fb2753d6-76af-11de-9531-000e0c431b58', 'fb2753ce-76af-11de-9531-000e0c431b58');
INSERT INTO `ShopGroupsHierarchy` (`group`, `parentGroup`) VALUES ('fb2753d5-76af-11de-9531-000e0c431b58', 'fb2753ce-76af-11de-9531-000e0c431b58');
INSERT INTO `ShopGroupsHierarchy` (`group`, `parentGroup`) VALUES ('ec837860-c0aa-11df-a0c5-000e0c431b58', 'df7cc964-ccf6-11de-860c-000e0c431b58');
INSERT INTO `ShopGroupsHierarchy` (`group`, `parentGroup`) VALUES ('0e0a7c76-1daf-11de-8db9-000e0c431b58', 'ec837860-c0aa-11df-a0c5-000e0c431b58');
INSERT INTO `ShopGroupsHierarchy` (`group`, `parentGroup`) VALUES ('7bf74103-99a5-11db-937f-000e0c431b59', 'df7cc964-ccf6-11de-860c-000e0c431b58');
INSERT INTO `ShopGroupsHierarchy` (`group`, `parentGroup`) VALUES ('77923ead-f38c-11e3-b05c-005056be1f7b', '7bf74103-99a5-11db-937f-000e0c431b59');
INSERT INTO `ShopGroupsHierarchy` (`group`, `parentGroup`) VALUES ('6c11fa21-d835-11de-860d-000e0c431b58', 'df7cc964-ccf6-11de-860c-000e0c431b58');
INSERT INTO `ShopGroupsHierarchy` (`group`, `parentGroup`) VALUES ('a56ffce5-d268-11e1-9771-005056be3bd8', 'df7cc964-ccf6-11de-860c-000e0c431b58');
INSERT INTO `ShopGroupsHierarchy` (`group`, `parentGroup`) VALUES ('e20d704b-cf99-11e3-a00d-005056be1f7b', 'a56ffce5-d268-11e1-9771-005056be3bd8');
INSERT INTO `ShopGroupsHierarchy` (`group`, `parentGroup`) VALUES ('e760d20b-c0a7-11df-a0c5-000e0c431b58', 'a56ffce5-d268-11e1-9771-005056be3bd8');
INSERT INTO `ShopGroupsHierarchy` (`group`, `parentGroup`) VALUES ('2850e32d-c091-11df-a0c5-000e0c431b58', 'a56ffce5-d268-11e1-9771-005056be3bd8');
INSERT INTO `ShopGroupsHierarchy` (`group`, `parentGroup`) VALUES ('b2ca7a14-d25f-11e1-9771-005056be3bd8', 'df7cc964-ccf6-11de-860c-000e0c431b58');
INSERT INTO `ShopGroupsHierarchy` (`group`, `parentGroup`) VALUES ('7bf74040-99a5-11db-937f-000e0c431b59', 'b2ca7a14-d25f-11e1-9771-005056be3bd8');
INSERT INTO `ShopGroupsHierarchy` (`group`, `parentGroup`) VALUES ('7bf74041-99a5-11db-937f-000e0c431b59', 'b2ca7a14-d25f-11e1-9771-005056be3bd8');
INSERT INTO `ShopGroupsHierarchy` (`group`, `parentGroup`) VALUES ('1aeaaebd-1df2-11de-8db9-000e0c431b58', 'b2ca7a14-d25f-11e1-9771-005056be3bd8');
INSERT INTO `ShopGroupsHierarchy` (`group`, `parentGroup`) VALUES ('7bf74043-99a5-11db-937f-000e0c431b59', 'b2ca7a14-d25f-11e1-9771-005056be3bd8');
INSERT INTO `ShopGroupsHierarchy` (`group`, `parentGroup`) VALUES ('1aeaaebe-1df2-11de-8db9-000e0c431b58', 'b2ca7a14-d25f-11e1-9771-005056be3bd8');
INSERT INTO `ShopGroupsHierarchy` (`group`, `parentGroup`) VALUES ('31060fc6-84e8-11e3-93d3-005056be1f7b', 'df7cc964-ccf6-11de-860c-000e0c431b58');
INSERT INTO `ShopGroupsHierarchy` (`group`, `parentGroup`) VALUES ('016074c0-71b8-11e2-b3db-005056be271d', 'df7cc964-ccf6-11de-860c-000e0c431b58');
INSERT INTO `ShopGroupsHierarchy` (`group`, `parentGroup`) VALUES ('7bf741c7-99a5-11db-937f-000e0c431b59', 'df7cc964-ccf6-11de-860c-000e0c431b58');
INSERT INTO `ShopGroupsHierarchy` (`group`, `parentGroup`) VALUES ('7bf740b7-99a5-11db-937f-000e0c431b59', '7bf741c7-99a5-11db-937f-000e0c431b59');
INSERT INTO `ShopGroupsHierarchy` (`group`, `parentGroup`) VALUES ('93b8cb6c-8330-11de-8f0e-000e0c431b58', 'df7cc964-ccf6-11de-860c-000e0c431b58');
INSERT INTO `ShopGroupsHierarchy` (`group`, `parentGroup`) VALUES ('812838e9-1df6-11de-8db9-000e0c431b58', '93b8cb6c-8330-11de-8f0e-000e0c431b58');
INSERT INTO `ShopGroupsHierarchy` (`group`, `parentGroup`) VALUES ('c640205c-f1d1-11dd-9439-000e0c431b58', '93b8cb6c-8330-11de-8f0e-000e0c431b58');
INSERT INTO `ShopGroupsHierarchy` (`group`, `parentGroup`) VALUES ('2ae549a7-1dd7-11de-8db9-000e0c431b58', 'c640205c-f1d1-11dd-9439-000e0c431b58');
INSERT INTO `ShopGroupsHierarchy` (`group`, `parentGroup`) VALUES ('2ae549a8-1dd7-11de-8db9-000e0c431b58', '93b8cb6c-8330-11de-8f0e-000e0c431b58');
INSERT INTO `ShopGroupsHierarchy` (`group`, `parentGroup`) VALUES ('267b6283-a67f-11de-a774-000e0c431b58', 'df7cc964-ccf6-11de-860c-000e0c431b58');
INSERT INTO `ShopGroupsHierarchy` (`group`, `parentGroup`) VALUES ('267b6284-a67f-11de-a774-000e0c431b58', '267b6283-a67f-11de-a774-000e0c431b58');
INSERT INTO `ShopGroupsHierarchy` (`group`, `parentGroup`) VALUES ('267b6285-a67f-11de-a774-000e0c431b58', '267b6283-a67f-11de-a774-000e0c431b58');
INSERT INTO `ShopGroupsHierarchy` (`group`, `parentGroup`) VALUES ('c64939de-b239-11de-90d4-000e0c431b58', '267b6283-a67f-11de-a774-000e0c431b58');
INSERT INTO `ShopGroupsHierarchy` (`group`, `parentGroup`) VALUES ('267b6286-a67f-11de-a774-000e0c431b58', '267b6283-a67f-11de-a774-000e0c431b58');
INSERT INTO `ShopGroupsHierarchy` (`group`, `parentGroup`) VALUES ('7bf74105-99a5-11db-937f-000e0c431b59', 'df7cc964-ccf6-11de-860c-000e0c431b58');
INSERT INTO `ShopGroupsHierarchy` (`group`, `parentGroup`) VALUES ('7bf7404b-99a5-11db-937f-000e0c431b59', '7bf74105-99a5-11db-937f-000e0c431b59');
INSERT INTO `ShopGroupsHierarchy` (`group`, `parentGroup`) VALUES ('14a35e16-b2e8-11dd-8051-000e0c431b58', '7bf74105-99a5-11db-937f-000e0c431b59');

INSERT INTO `ShopPropertiesInGroups` (`group`, `property`, `sequence`) VALUES ('7bf74036-99a5-11db-937f-000e0c431b59', 'e8287600-ad96-11e3-b114-005056be1f7c', '1');
INSERT INTO `ShopPropertiesInGroups` (`group`, `property`, `sequence`) VALUES ('7bf74036-99a5-11db-937f-000e0c431b59', 'cce0ab91-6a67-11e4-8945-005056be1f7a', '2');
INSERT INTO `ShopPropertiesInGroups` (`group`, `property`, `sequence`) VALUES ('7bf74036-99a5-11db-937f-000e0c431b59', '2b321f98-9723-11e4-80ed-00155d37037a', '3');
INSERT INTO `ShopPropertiesInGroups` (`group`, `property`, `sequence`) VALUES ('7bf74036-99a5-11db-937f-000e0c431b59', 'bbea9c1a-3a4b-11e3-88c8-005056be1f7a', '4');
INSERT INTO `ShopPropertiesInGroups` (`group`, `property`, `sequence`) VALUES ('7bf74036-99a5-11db-937f-000e0c431b59', '27c97b3a-3bc1-11e3-80e1-005056be1f7a', '5');
INSERT INTO `ShopPropertiesInGroups` (`group`, `property`, `sequence`) VALUES ('7bf74036-99a5-11db-937f-000e0c431b59', '618eeb90-3bc1-11e3-80e1-005056be1f7a', '6');
INSERT INTO `ShopPropertiesInGroups` (`group`, `property`, `sequence`) VALUES ('7bf74036-99a5-11db-937f-000e0c431b59', '0569475c-1474-11e3-82b9-0050569a1080', '7');
INSERT INTO `ShopPropertiesInGroups` (`group`, `property`, `sequence`) VALUES ('7bf74036-99a5-11db-937f-000e0c431b59', 'e765ba75-107d-11e3-8a5d-0050569a1080', '8');
INSERT INTO `ShopPropertiesInGroups` (`group`, `property`, `sequence`) VALUES ('7bf74036-99a5-11db-937f-000e0c431b59', 'e2e87ce8-ad99-11e3-b114-005056be1f7c', '9');
INSERT INTO `ShopPropertiesInGroups` (`group`, `property`, `sequence`) VALUES ('07e40b11-53f8-11de-a649-000e0c431b58', '27c97b3a-3bc1-11e3-80e1-005056be1f7a', '1');

INSERT INTO `ShopItemsPropertiesValues` (`item`, `property`, `value`, `measure`) VALUES ('75990b7b-d39c-11e0-8306-001cc494be80', 'e8287600-ad96-11e3-b114-005056be1f7c', '', '');
INSERT INTO `ShopItemsPropertiesValues` (`item`, `property`, `value`, `measure`) VALUES ('75990b7b-d39c-11e0-8306-001cc494be80', 'cce0ab91-6a67-11e4-8945-005056be1f7a', '', '');
INSERT INTO `ShopItemsPropertiesValues` (`item`, `property`, `value`, `measure`) VALUES ('75990b7b-d39c-11e0-8306-001cc494be80', '2b321f98-9723-11e4-80ed-00155d37037a', '', 'кг');
INSERT INTO `ShopItemsPropertiesValues` (`item`, `property`, `value`, `measure`) VALUES ('75990b7b-d39c-11e0-8306-001cc494be80', 'bbea9c1a-3a4b-11e3-88c8-005056be1f7a', '', '');
INSERT INTO `ShopItemsPropertiesValues` (`item`, `property`, `value`, `measure`) VALUES ('75990b7b-d39c-11e0-8306-001cc494be80', '27c97b3a-3bc1-11e3-80e1-005056be1f7a', '', '');
INSERT INTO `ShopItemsPropertiesValues` (`item`, `property`, `value`, `measure`) VALUES ('75990b7b-d39c-11e0-8306-001cc494be80', '618eeb90-3bc1-11e3-80e1-005056be1f7a', '', '');
INSERT INTO `ShopItemsPropertiesValues` (`item`, `property`, `value`, `measure`) VALUES ('75990b7b-d39c-11e0-8306-001cc494be80', '0569475c-1474-11e3-82b9-0050569a1080', '', '');
INSERT INTO `ShopItemsPropertiesValues` (`item`, `property`, `value`, `measure`) VALUES ('75990b7b-d39c-11e0-8306-001cc494be80', 'e765ba75-107d-11e3-8a5d-0050569a1080', '', '');
INSERT INTO `ShopItemsPropertiesValues` (`item`, `property`, `value`, `measure`) VALUES ('75990b7b-d39c-11e0-8306-001cc494be80', 'e2e87ce8-ad99-11e3-b114-005056be1f7c', '', '');
INSERT INTO `ShopItemsPropertiesValues` (`item`, `property`, `value`, `measure`) VALUES ('7f6fe6a2-1482-11df-860d-000e0c431b58', 'e8287600-ad96-11e3-b114-005056be1f7c', 'ОСНОВИТ', '');
INSERT INTO `ShopItemsPropertiesValues` (`item`, `property`, `value`, `measure`) VALUES ('7f6fe6a2-1482-11df-860d-000e0c431b58', 'cce0ab91-6a67-11e4-8945-005056be1f7a', 'Россия', '');
INSERT INTO `ShopItemsPropertiesValues` (`item`, `property`, `value`, `measure`) VALUES ('7f6fe6a2-1482-11df-860d-000e0c431b58', '2b321f98-9723-11e4-80ed-00155d37037a', '10', 'кг');
INSERT INTO `ShopItemsPropertiesValues` (`item`, `property`, `value`, `measure`) VALUES ('7f6fe6a2-1482-11df-860d-000e0c431b58', 'bbea9c1a-3a4b-11e3-88c8-005056be1f7a', 'пол', '');
INSERT INTO `ShopItemsPropertiesValues` (`item`, `property`, `value`, `measure`) VALUES ('7f6fe6a2-1482-11df-860d-000e0c431b58', 'bbea9c1a-3a4b-11e3-88c8-005056be1f7a', 'потолки', '');
INSERT INTO `ShopItemsPropertiesValues` (`item`, `property`, `value`, `measure`) VALUES ('7f6fe6a2-1482-11df-860d-000e0c431b58', '27c97b3a-3bc1-11e3-80e1-005056be1f7a', 'внутренние работы', '');
INSERT INTO `ShopItemsPropertiesValues` (`item`, `property`, `value`, `measure`) VALUES ('7f6fe6a2-1482-11df-860d-000e0c431b58', '618eeb90-3bc1-11e3-80e1-005056be1f7a', '', '');
INSERT INTO `ShopItemsPropertiesValues` (`item`, `property`, `value`, `measure`) VALUES ('7f6fe6a2-1482-11df-860d-000e0c431b58', '0569475c-1474-11e3-82b9-0050569a1080', 'штукатурка', '');
INSERT INTO `ShopItemsPropertiesValues` (`item`, `property`, `value`, `measure`) VALUES ('7f6fe6a2-1482-11df-860d-000e0c431b58', 'e765ba75-107d-11e3-8a5d-0050569a1080', '', '');
INSERT INTO `ShopItemsPropertiesValues` (`item`, `property`, `value`, `measure`) VALUES ('7f6fe6a2-1482-11df-860d-000e0c431b58', 'e2e87ce8-ad99-11e3-b114-005056be1f7c', 'Расход смеси при слое 10 мм – 9 кг. на 1 м/2', '');
INSERT INTO `ShopItemsPropertiesValues` (`item`, `property`, `value`, `measure`) VALUES ('8f0c8f4f-99aa-11db-937f-000e0c431b59', 'e8287600-ad96-11e3-b114-005056be1f7c', '', '');
INSERT INTO `ShopItemsPropertiesValues` (`item`, `property`, `value`, `measure`) VALUES ('8f0c8f4f-99aa-11db-937f-000e0c431b59', 'cce0ab91-6a67-11e4-8945-005056be1f7a', '', '');
INSERT INTO `ShopItemsPropertiesValues` (`item`, `property`, `value`, `measure`) VALUES ('8f0c8f4f-99aa-11db-937f-000e0c431b59', '2b321f98-9723-11e4-80ed-00155d37037a', '', 'кг');
INSERT INTO `ShopItemsPropertiesValues` (`item`, `property`, `value`, `measure`) VALUES ('8f0c8f4f-99aa-11db-937f-000e0c431b59', 'bbea9c1a-3a4b-11e3-88c8-005056be1f7a', '', '');
INSERT INTO `ShopItemsPropertiesValues` (`item`, `property`, `value`, `measure`) VALUES ('8f0c8f4f-99aa-11db-937f-000e0c431b59', '27c97b3a-3bc1-11e3-80e1-005056be1f7a', '', '');
INSERT INTO `ShopItemsPropertiesValues` (`item`, `property`, `value`, `measure`) VALUES ('8f0c8f4f-99aa-11db-937f-000e0c431b59', '618eeb90-3bc1-11e3-80e1-005056be1f7a', '', '');
INSERT INTO `ShopItemsPropertiesValues` (`item`, `property`, `value`, `measure`) VALUES ('8f0c8f4f-99aa-11db-937f-000e0c431b59', '0569475c-1474-11e3-82b9-0050569a1080', '', '');
INSERT INTO `ShopItemsPropertiesValues` (`item`, `property`, `value`, `measure`) VALUES ('8f0c8f4f-99aa-11db-937f-000e0c431b59', 'e765ba75-107d-11e3-8a5d-0050569a1080', '', '');
INSERT INTO `ShopItemsPropertiesValues` (`item`, `property`, `value`, `measure`) VALUES ('8f0c8f4f-99aa-11db-937f-000e0c431b59', 'e2e87ce8-ad99-11e3-b114-005056be1f7c', '', '');
INSERT INTO `ShopItemsPropertiesValues` (`item`, `property`, `value`, `measure`) VALUES ('8f0c8f51-99aa-11db-937f-000e0c431b59', 'e8287600-ad96-11e3-b114-005056be1f7c', '', '');
INSERT INTO `ShopItemsPropertiesValues` (`item`, `property`, `value`, `measure`) VALUES ('8f0c8f51-99aa-11db-937f-000e0c431b59', 'cce0ab91-6a67-11e4-8945-005056be1f7a', '', '');
INSERT INTO `ShopItemsPropertiesValues` (`item`, `property`, `value`, `measure`) VALUES ('8f0c8f51-99aa-11db-937f-000e0c431b59', '2b321f98-9723-11e4-80ed-00155d37037a', '', 'кг');
INSERT INTO `ShopItemsPropertiesValues` (`item`, `property`, `value`, `measure`) VALUES ('8f0c8f51-99aa-11db-937f-000e0c431b59', 'bbea9c1a-3a4b-11e3-88c8-005056be1f7a', '', '');
INSERT INTO `ShopItemsPropertiesValues` (`item`, `property`, `value`, `measure`) VALUES ('8f0c8f51-99aa-11db-937f-000e0c431b59', '27c97b3a-3bc1-11e3-80e1-005056be1f7a', '', '');
INSERT INTO `ShopItemsPropertiesValues` (`item`, `property`, `value`, `measure`) VALUES ('8f0c8f51-99aa-11db-937f-000e0c431b59', '618eeb90-3bc1-11e3-80e1-005056be1f7a', '', '');
INSERT INTO `ShopItemsPropertiesValues` (`item`, `property`, `value`, `measure`) VALUES ('8f0c8f51-99aa-11db-937f-000e0c431b59', '0569475c-1474-11e3-82b9-0050569a1080', '', '');
INSERT INTO `ShopItemsPropertiesValues` (`item`, `property`, `value`, `measure`) VALUES ('8f0c8f51-99aa-11db-937f-000e0c431b59', 'e765ba75-107d-11e3-8a5d-0050569a1080', '', '');
INSERT INTO `ShopItemsPropertiesValues` (`item`, `property`, `value`, `measure`) VALUES ('8f0c8f51-99aa-11db-937f-000e0c431b59', 'e2e87ce8-ad99-11e3-b114-005056be1f7c', '', '');
INSERT INTO `ShopItemsPropertiesValues` (`item`, `property`, `value`, `measure`) VALUES ('8f0c8f59-99aa-11db-937f-000e0c431b59', 'e8287600-ad96-11e3-b114-005056be1f7c', '', '');
INSERT INTO `ShopItemsPropertiesValues` (`item`, `property`, `value`, `measure`) VALUES ('8f0c8f59-99aa-11db-937f-000e0c431b59', 'cce0ab91-6a67-11e4-8945-005056be1f7a', '', '');
INSERT INTO `ShopItemsPropertiesValues` (`item`, `property`, `value`, `measure`) VALUES ('8f0c8f59-99aa-11db-937f-000e0c431b59', '2b321f98-9723-11e4-80ed-00155d37037a', '', 'кг');
INSERT INTO `ShopItemsPropertiesValues` (`item`, `property`, `value`, `measure`) VALUES ('8f0c8f59-99aa-11db-937f-000e0c431b59', 'bbea9c1a-3a4b-11e3-88c8-005056be1f7a', '', '');
INSERT INTO `ShopItemsPropertiesValues` (`item`, `property`, `value`, `measure`) VALUES ('8f0c8f59-99aa-11db-937f-000e0c431b59', '27c97b3a-3bc1-11e3-80e1-005056be1f7a', '', '');
INSERT INTO `ShopItemsPropertiesValues` (`item`, `property`, `value`, `measure`) VALUES ('8f0c8f59-99aa-11db-937f-000e0c431b59', '618eeb90-3bc1-11e3-80e1-005056be1f7a', '', '');
INSERT INTO `ShopItemsPropertiesValues` (`item`, `property`, `value`, `measure`) VALUES ('8f0c8f59-99aa-11db-937f-000e0c431b59', '0569475c-1474-11e3-82b9-0050569a1080', '', '');
INSERT INTO `ShopItemsPropertiesValues` (`item`, `property`, `value`, `measure`) VALUES ('8f0c8f59-99aa-11db-937f-000e0c431b59', 'e765ba75-107d-11e3-8a5d-0050569a1080', '', '');
INSERT INTO `ShopItemsPropertiesValues` (`item`, `property`, `value`, `measure`) VALUES ('8f0c8f59-99aa-11db-937f-000e0c431b59', 'e2e87ce8-ad99-11e3-b114-005056be1f7c', '', '');
INSERT INTO `ShopItemsPropertiesValues` (`item`, `property`, `value`, `measure`) VALUES ('8f0c8f5b-99aa-11db-937f-000e0c431b59', 'e8287600-ad96-11e3-b114-005056be1f7c', '', '');
INSERT INTO `ShopItemsPropertiesValues` (`item`, `property`, `value`, `measure`) VALUES ('8f0c8f5b-99aa-11db-937f-000e0c431b59', 'cce0ab91-6a67-11e4-8945-005056be1f7a', '', '');
INSERT INTO `ShopItemsPropertiesValues` (`item`, `property`, `value`, `measure`) VALUES ('8f0c8f5b-99aa-11db-937f-000e0c431b59', '2b321f98-9723-11e4-80ed-00155d37037a', '', 'кг');
INSERT INTO `ShopItemsPropertiesValues` (`item`, `property`, `value`, `measure`) VALUES ('8f0c8f5b-99aa-11db-937f-000e0c431b59', 'bbea9c1a-3a4b-11e3-88c8-005056be1f7a', '', '');
INSERT INTO `ShopItemsPropertiesValues` (`item`, `property`, `value`, `measure`) VALUES ('8f0c8f5b-99aa-11db-937f-000e0c431b59', '27c97b3a-3bc1-11e3-80e1-005056be1f7a', '', '');
INSERT INTO `ShopItemsPropertiesValues` (`item`, `property`, `value`, `measure`) VALUES ('8f0c8f5b-99aa-11db-937f-000e0c431b59', '618eeb90-3bc1-11e3-80e1-005056be1f7a', '', '');
INSERT INTO `ShopItemsPropertiesValues` (`item`, `property`, `value`, `measure`) VALUES ('8f0c8f5b-99aa-11db-937f-000e0c431b59', '0569475c-1474-11e3-82b9-0050569a1080', '', '');
INSERT INTO `ShopItemsPropertiesValues` (`item`, `property`, `value`, `measure`) VALUES ('8f0c8f5b-99aa-11db-937f-000e0c431b59', 'e765ba75-107d-11e3-8a5d-0050569a1080', '', '');
INSERT INTO `ShopItemsPropertiesValues` (`item`, `property`, `value`, `measure`) VALUES ('8f0c8f5b-99aa-11db-937f-000e0c431b59', 'e2e87ce8-ad99-11e3-b114-005056be1f7c', '', '');
INSERT INTO `ShopItemsPropertiesValues` (`item`, `property`, `value`, `measure`) VALUES ('8f0c8f5d-99aa-11db-937f-000e0c431b59', 'e8287600-ad96-11e3-b114-005056be1f7c', '', '');
INSERT INTO `ShopItemsPropertiesValues` (`item`, `property`, `value`, `measure`) VALUES ('8f0c8f5d-99aa-11db-937f-000e0c431b59', 'cce0ab91-6a67-11e4-8945-005056be1f7a', '', '');
INSERT INTO `ShopItemsPropertiesValues` (`item`, `property`, `value`, `measure`) VALUES ('8f0c8f5d-99aa-11db-937f-000e0c431b59', '2b321f98-9723-11e4-80ed-00155d37037a', '', 'кг');
INSERT INTO `ShopItemsPropertiesValues` (`item`, `property`, `value`, `measure`) VALUES ('8f0c8f5d-99aa-11db-937f-000e0c431b59', 'bbea9c1a-3a4b-11e3-88c8-005056be1f7a', '', '');
INSERT INTO `ShopItemsPropertiesValues` (`item`, `property`, `value`, `measure`) VALUES ('8f0c8f5d-99aa-11db-937f-000e0c431b59', '27c97b3a-3bc1-11e3-80e1-005056be1f7a', '', '');
INSERT INTO `ShopItemsPropertiesValues` (`item`, `property`, `value`, `measure`) VALUES ('8f0c8f5d-99aa-11db-937f-000e0c431b59', '618eeb90-3bc1-11e3-80e1-005056be1f7a', '', '');
INSERT INTO `ShopItemsPropertiesValues` (`item`, `property`, `value`, `measure`) VALUES ('8f0c8f5d-99aa-11db-937f-000e0c431b59', '0569475c-1474-11e3-82b9-0050569a1080', '', '');
INSERT INTO `ShopItemsPropertiesValues` (`item`, `property`, `value`, `measure`) VALUES ('8f0c8f5d-99aa-11db-937f-000e0c431b59', 'e765ba75-107d-11e3-8a5d-0050569a1080', '', '');
INSERT INTO `ShopItemsPropertiesValues` (`item`, `property`, `value`, `measure`) VALUES ('8f0c8f5d-99aa-11db-937f-000e0c431b59', 'e2e87ce8-ad99-11e3-b114-005056be1f7c', '', '');
INSERT INTO `ShopItemsPropertiesValues` (`item`, `property`, `value`, `measure`) VALUES ('8f0c8f68-99aa-11db-937f-000e0c431b59', 'e8287600-ad96-11e3-b114-005056be1f7c', '', '');
INSERT INTO `ShopItemsPropertiesValues` (`item`, `property`, `value`, `measure`) VALUES ('8f0c8f68-99aa-11db-937f-000e0c431b59', 'cce0ab91-6a67-11e4-8945-005056be1f7a', '', '');
INSERT INTO `ShopItemsPropertiesValues` (`item`, `property`, `value`, `measure`) VALUES ('8f0c8f68-99aa-11db-937f-000e0c431b59', '2b321f98-9723-11e4-80ed-00155d37037a', '', 'кг');
INSERT INTO `ShopItemsPropertiesValues` (`item`, `property`, `value`, `measure`) VALUES ('8f0c8f68-99aa-11db-937f-000e0c431b59', 'bbea9c1a-3a4b-11e3-88c8-005056be1f7a', '', '');
INSERT INTO `ShopItemsPropertiesValues` (`item`, `property`, `value`, `measure`) VALUES ('8f0c8f68-99aa-11db-937f-000e0c431b59', '27c97b3a-3bc1-11e3-80e1-005056be1f7a', '', '');
INSERT INTO `ShopItemsPropertiesValues` (`item`, `property`, `value`, `measure`) VALUES ('8f0c8f68-99aa-11db-937f-000e0c431b59', '618eeb90-3bc1-11e3-80e1-005056be1f7a', '', '');
INSERT INTO `ShopItemsPropertiesValues` (`item`, `property`, `value`, `measure`) VALUES ('8f0c8f68-99aa-11db-937f-000e0c431b59', '0569475c-1474-11e3-82b9-0050569a1080', '', '');
INSERT INTO `ShopItemsPropertiesValues` (`item`, `property`, `value`, `measure`) VALUES ('8f0c8f68-99aa-11db-937f-000e0c431b59', 'e765ba75-107d-11e3-8a5d-0050569a1080', '', '');
INSERT INTO `ShopItemsPropertiesValues` (`item`, `property`, `value`, `measure`) VALUES ('8f0c8f68-99aa-11db-937f-000e0c431b59', 'e2e87ce8-ad99-11e3-b114-005056be1f7c', '', '');
INSERT INTO `ShopItemsPropertiesValues` (`item`, `property`, `value`, `measure`) VALUES ('8f0c8f6b-99aa-11db-937f-000e0c431b59', 'e8287600-ad96-11e3-b114-005056be1f7c', '', '');
INSERT INTO `ShopItemsPropertiesValues` (`item`, `property`, `value`, `measure`) VALUES ('8f0c8f6b-99aa-11db-937f-000e0c431b59', 'cce0ab91-6a67-11e4-8945-005056be1f7a', '', '');
INSERT INTO `ShopItemsPropertiesValues` (`item`, `property`, `value`, `measure`) VALUES ('8f0c8f6b-99aa-11db-937f-000e0c431b59', '2b321f98-9723-11e4-80ed-00155d37037a', '', 'кг');
INSERT INTO `ShopItemsPropertiesValues` (`item`, `property`, `value`, `measure`) VALUES ('8f0c8f6b-99aa-11db-937f-000e0c431b59', 'bbea9c1a-3a4b-11e3-88c8-005056be1f7a', '', '');
INSERT INTO `ShopItemsPropertiesValues` (`item`, `property`, `value`, `measure`) VALUES ('8f0c8f6b-99aa-11db-937f-000e0c431b59', '27c97b3a-3bc1-11e3-80e1-005056be1f7a', '', '');
INSERT INTO `ShopItemsPropertiesValues` (`item`, `property`, `value`, `measure`) VALUES ('8f0c8f6b-99aa-11db-937f-000e0c431b59', '618eeb90-3bc1-11e3-80e1-005056be1f7a', '', '');
INSERT INTO `ShopItemsPropertiesValues` (`item`, `property`, `value`, `measure`) VALUES ('8f0c8f6b-99aa-11db-937f-000e0c431b59', '0569475c-1474-11e3-82b9-0050569a1080', '', '');
INSERT INTO `ShopItemsPropertiesValues` (`item`, `property`, `value`, `measure`) VALUES ('8f0c8f6b-99aa-11db-937f-000e0c431b59', 'e765ba75-107d-11e3-8a5d-0050569a1080', '', '');
INSERT INTO `ShopItemsPropertiesValues` (`item`, `property`, `value`, `measure`) VALUES ('8f0c8f6b-99aa-11db-937f-000e0c431b59', 'e2e87ce8-ad99-11e3-b114-005056be1f7c', '', '');
INSERT INTO `ShopItemsPropertiesValues` (`item`, `property`, `value`, `measure`) VALUES ('8f0c8f6d-99aa-11db-937f-000e0c431b59', 'e8287600-ad96-11e3-b114-005056be1f7c', '', '');
INSERT INTO `ShopItemsPropertiesValues` (`item`, `property`, `value`, `measure`) VALUES ('8f0c8f6d-99aa-11db-937f-000e0c431b59', 'cce0ab91-6a67-11e4-8945-005056be1f7a', '', '');
INSERT INTO `ShopItemsPropertiesValues` (`item`, `property`, `value`, `measure`) VALUES ('8f0c8f6d-99aa-11db-937f-000e0c431b59', '2b321f98-9723-11e4-80ed-00155d37037a', '', 'кг');
INSERT INTO `ShopItemsPropertiesValues` (`item`, `property`, `value`, `measure`) VALUES ('8f0c8f6d-99aa-11db-937f-000e0c431b59', 'bbea9c1a-3a4b-11e3-88c8-005056be1f7a', '', '');
INSERT INTO `ShopItemsPropertiesValues` (`item`, `property`, `value`, `measure`) VALUES ('8f0c8f6d-99aa-11db-937f-000e0c431b59', '27c97b3a-3bc1-11e3-80e1-005056be1f7a', '', '');
INSERT INTO `ShopItemsPropertiesValues` (`item`, `property`, `value`, `measure`) VALUES ('8f0c8f6d-99aa-11db-937f-000e0c431b59', '618eeb90-3bc1-11e3-80e1-005056be1f7a', '', '');
INSERT INTO `ShopItemsPropertiesValues` (`item`, `property`, `value`, `measure`) VALUES ('8f0c8f6d-99aa-11db-937f-000e0c431b59', '0569475c-1474-11e3-82b9-0050569a1080', '', '');
INSERT INTO `ShopItemsPropertiesValues` (`item`, `property`, `value`, `measure`) VALUES ('8f0c8f6d-99aa-11db-937f-000e0c431b59', 'e765ba75-107d-11e3-8a5d-0050569a1080', '', '');
INSERT INTO `ShopItemsPropertiesValues` (`item`, `property`, `value`, `measure`) VALUES ('8f0c8f6d-99aa-11db-937f-000e0c431b59', 'e2e87ce8-ad99-11e3-b114-005056be1f7c', '', '');
INSERT INTO `ShopItemsPropertiesValues` (`item`, `property`, `value`, `measure`) VALUES ('8f0c8f6f-99aa-11db-937f-000e0c431b59', 'e8287600-ad96-11e3-b114-005056be1f7c', '', '');
INSERT INTO `ShopItemsPropertiesValues` (`item`, `property`, `value`, `measure`) VALUES ('8f0c8f6f-99aa-11db-937f-000e0c431b59', 'cce0ab91-6a67-11e4-8945-005056be1f7a', '', '');
INSERT INTO `ShopItemsPropertiesValues` (`item`, `property`, `value`, `measure`) VALUES ('8f0c8f6f-99aa-11db-937f-000e0c431b59', '2b321f98-9723-11e4-80ed-00155d37037a', '', 'кг');
INSERT INTO `ShopItemsPropertiesValues` (`item`, `property`, `value`, `measure`) VALUES ('8f0c8f6f-99aa-11db-937f-000e0c431b59', 'bbea9c1a-3a4b-11e3-88c8-005056be1f7a', '', '');
INSERT INTO `ShopItemsPropertiesValues` (`item`, `property`, `value`, `measure`) VALUES ('8f0c8f6f-99aa-11db-937f-000e0c431b59', '27c97b3a-3bc1-11e3-80e1-005056be1f7a', '', '');
INSERT INTO `ShopItemsPropertiesValues` (`item`, `property`, `value`, `measure`) VALUES ('8f0c8f6f-99aa-11db-937f-000e0c431b59', '618eeb90-3bc1-11e3-80e1-005056be1f7a', '', '');
INSERT INTO `ShopItemsPropertiesValues` (`item`, `property`, `value`, `measure`) VALUES ('8f0c8f6f-99aa-11db-937f-000e0c431b59', '0569475c-1474-11e3-82b9-0050569a1080', '', '');
INSERT INTO `ShopItemsPropertiesValues` (`item`, `property`, `value`, `measure`) VALUES ('8f0c8f6f-99aa-11db-937f-000e0c431b59', 'e765ba75-107d-11e3-8a5d-0050569a1080', '', '');
INSERT INTO `ShopItemsPropertiesValues` (`item`, `property`, `value`, `measure`) VALUES ('8f0c8f6f-99aa-11db-937f-000e0c431b59', 'e2e87ce8-ad99-11e3-b114-005056be1f7c', '', '');
INSERT INTO `ShopItemsPropertiesValues` (`item`, `property`, `value`, `measure`) VALUES ('8f0c8f73-99aa-11db-937f-000e0c431b59', 'e8287600-ad96-11e3-b114-005056be1f7c', '', '');
INSERT INTO `ShopItemsPropertiesValues` (`item`, `property`, `value`, `measure`) VALUES ('8f0c8f73-99aa-11db-937f-000e0c431b59', 'cce0ab91-6a67-11e4-8945-005056be1f7a', '', '');
INSERT INTO `ShopItemsPropertiesValues` (`item`, `property`, `value`, `measure`) VALUES ('8f0c8f73-99aa-11db-937f-000e0c431b59', '2b321f98-9723-11e4-80ed-00155d37037a', '', 'кг');
INSERT INTO `ShopItemsPropertiesValues` (`item`, `property`, `value`, `measure`) VALUES ('8f0c8f73-99aa-11db-937f-000e0c431b59', 'bbea9c1a-3a4b-11e3-88c8-005056be1f7a', '', '');
INSERT INTO `ShopItemsPropertiesValues` (`item`, `property`, `value`, `measure`) VALUES ('8f0c8f73-99aa-11db-937f-000e0c431b59', '27c97b3a-3bc1-11e3-80e1-005056be1f7a', '', '');
INSERT INTO `ShopItemsPropertiesValues` (`item`, `property`, `value`, `measure`) VALUES ('8f0c8f73-99aa-11db-937f-000e0c431b59', '618eeb90-3bc1-11e3-80e1-005056be1f7a', '', '');
INSERT INTO `ShopItemsPropertiesValues` (`item`, `property`, `value`, `measure`) VALUES ('8f0c8f73-99aa-11db-937f-000e0c431b59', '0569475c-1474-11e3-82b9-0050569a1080', '', '');
INSERT INTO `ShopItemsPropertiesValues` (`item`, `property`, `value`, `measure`) VALUES ('8f0c8f73-99aa-11db-937f-000e0c431b59', 'e765ba75-107d-11e3-8a5d-0050569a1080', '', '');
INSERT INTO `ShopItemsPropertiesValues` (`item`, `property`, `value`, `measure`) VALUES ('8f0c8f73-99aa-11db-937f-000e0c431b59', 'e2e87ce8-ad99-11e3-b114-005056be1f7c', '', '');
INSERT INTO `ShopItemsPropertiesValues` (`item`, `property`, `value`, `measure`) VALUES ('8f0c8f75-99aa-11db-937f-000e0c431b59', 'e8287600-ad96-11e3-b114-005056be1f7c', '', '');
INSERT INTO `ShopItemsPropertiesValues` (`item`, `property`, `value`, `measure`) VALUES ('8f0c8f75-99aa-11db-937f-000e0c431b59', 'cce0ab91-6a67-11e4-8945-005056be1f7a', '', '');
INSERT INTO `ShopItemsPropertiesValues` (`item`, `property`, `value`, `measure`) VALUES ('8f0c8f75-99aa-11db-937f-000e0c431b59', '2b321f98-9723-11e4-80ed-00155d37037a', '', 'кг');
INSERT INTO `ShopItemsPropertiesValues` (`item`, `property`, `value`, `measure`) VALUES ('8f0c8f75-99aa-11db-937f-000e0c431b59', 'bbea9c1a-3a4b-11e3-88c8-005056be1f7a', '', '');
INSERT INTO `ShopItemsPropertiesValues` (`item`, `property`, `value`, `measure`) VALUES ('8f0c8f75-99aa-11db-937f-000e0c431b59', '27c97b3a-3bc1-11e3-80e1-005056be1f7a', '', '');
INSERT INTO `ShopItemsPropertiesValues` (`item`, `property`, `value`, `measure`) VALUES ('8f0c8f75-99aa-11db-937f-000e0c431b59', '618eeb90-3bc1-11e3-80e1-005056be1f7a', '', '');
INSERT INTO `ShopItemsPropertiesValues` (`item`, `property`, `value`, `measure`) VALUES ('8f0c8f75-99aa-11db-937f-000e0c431b59', '0569475c-1474-11e3-82b9-0050569a1080', '', '');
INSERT INTO `ShopItemsPropertiesValues` (`item`, `property`, `value`, `measure`) VALUES ('8f0c8f75-99aa-11db-937f-000e0c431b59', 'e765ba75-107d-11e3-8a5d-0050569a1080', '', '');
INSERT INTO `ShopItemsPropertiesValues` (`item`, `property`, `value`, `measure`) VALUES ('8f0c8f75-99aa-11db-937f-000e0c431b59', 'e2e87ce8-ad99-11e3-b114-005056be1f7c', '', '');
INSERT INTO `ShopItemsPropertiesValues` (`item`, `property`, `value`, `measure`) VALUES ('8f0c8f7f-99aa-11db-937f-000e0c431b59', 'e8287600-ad96-11e3-b114-005056be1f7c', '', '');
INSERT INTO `ShopItemsPropertiesValues` (`item`, `property`, `value`, `measure`) VALUES ('8f0c8f7f-99aa-11db-937f-000e0c431b59', 'cce0ab91-6a67-11e4-8945-005056be1f7a', '', '');
INSERT INTO `ShopItemsPropertiesValues` (`item`, `property`, `value`, `measure`) VALUES ('8f0c8f7f-99aa-11db-937f-000e0c431b59', '2b321f98-9723-11e4-80ed-00155d37037a', '', 'кг');
INSERT INTO `ShopItemsPropertiesValues` (`item`, `property`, `value`, `measure`) VALUES ('8f0c8f7f-99aa-11db-937f-000e0c431b59', 'bbea9c1a-3a4b-11e3-88c8-005056be1f7a', '', '');
INSERT INTO `ShopItemsPropertiesValues` (`item`, `property`, `value`, `measure`) VALUES ('8f0c8f7f-99aa-11db-937f-000e0c431b59', '27c97b3a-3bc1-11e3-80e1-005056be1f7a', '', '');
INSERT INTO `ShopItemsPropertiesValues` (`item`, `property`, `value`, `measure`) VALUES ('8f0c8f7f-99aa-11db-937f-000e0c431b59', '618eeb90-3bc1-11e3-80e1-005056be1f7a', '', '');
INSERT INTO `ShopItemsPropertiesValues` (`item`, `property`, `value`, `measure`) VALUES ('8f0c8f7f-99aa-11db-937f-000e0c431b59', '0569475c-1474-11e3-82b9-0050569a1080', '', '');
INSERT INTO `ShopItemsPropertiesValues` (`item`, `property`, `value`, `measure`) VALUES ('8f0c8f7f-99aa-11db-937f-000e0c431b59', 'e765ba75-107d-11e3-8a5d-0050569a1080', '', '');
INSERT INTO `ShopItemsPropertiesValues` (`item`, `property`, `value`, `measure`) VALUES ('8f0c8f7f-99aa-11db-937f-000e0c431b59', 'e2e87ce8-ad99-11e3-b114-005056be1f7c', '', '');
INSERT INTO `ShopItemsPropertiesValues` (`item`, `property`, `value`, `measure`) VALUES ('8f0c8f85-99aa-11db-937f-000e0c431b59', 'e8287600-ad96-11e3-b114-005056be1f7c', '', '');
INSERT INTO `ShopItemsPropertiesValues` (`item`, `property`, `value`, `measure`) VALUES ('8f0c8f85-99aa-11db-937f-000e0c431b59', 'cce0ab91-6a67-11e4-8945-005056be1f7a', '', '');
INSERT INTO `ShopItemsPropertiesValues` (`item`, `property`, `value`, `measure`) VALUES ('8f0c8f85-99aa-11db-937f-000e0c431b59', '2b321f98-9723-11e4-80ed-00155d37037a', '', 'кг');
INSERT INTO `ShopItemsPropertiesValues` (`item`, `property`, `value`, `measure`) VALUES ('8f0c8f85-99aa-11db-937f-000e0c431b59', 'bbea9c1a-3a4b-11e3-88c8-005056be1f7a', '', '');
INSERT INTO `ShopItemsPropertiesValues` (`item`, `property`, `value`, `measure`) VALUES ('8f0c8f85-99aa-11db-937f-000e0c431b59', '27c97b3a-3bc1-11e3-80e1-005056be1f7a', '', '');
INSERT INTO `ShopItemsPropertiesValues` (`item`, `property`, `value`, `measure`) VALUES ('8f0c8f85-99aa-11db-937f-000e0c431b59', '618eeb90-3bc1-11e3-80e1-005056be1f7a', '', '');
INSERT INTO `ShopItemsPropertiesValues` (`item`, `property`, `value`, `measure`) VALUES ('8f0c8f85-99aa-11db-937f-000e0c431b59', '0569475c-1474-11e3-82b9-0050569a1080', '', '');
INSERT INTO `ShopItemsPropertiesValues` (`item`, `property`, `value`, `measure`) VALUES ('8f0c8f85-99aa-11db-937f-000e0c431b59', 'e765ba75-107d-11e3-8a5d-0050569a1080', '', '');
INSERT INTO `ShopItemsPropertiesValues` (`item`, `property`, `value`, `measure`) VALUES ('8f0c8f85-99aa-11db-937f-000e0c431b59', 'e2e87ce8-ad99-11e3-b114-005056be1f7c', '', '');
INSERT INTO `ShopItemsPropertiesValues` (`item`, `property`, `value`, `measure`) VALUES ('8f0c8f8f-99aa-11db-937f-000e0c431b59', 'e8287600-ad96-11e3-b114-005056be1f7c', '', '');
INSERT INTO `ShopItemsPropertiesValues` (`item`, `property`, `value`, `measure`) VALUES ('8f0c8f8f-99aa-11db-937f-000e0c431b59', 'cce0ab91-6a67-11e4-8945-005056be1f7a', '', '');
INSERT INTO `ShopItemsPropertiesValues` (`item`, `property`, `value`, `measure`) VALUES ('8f0c8f8f-99aa-11db-937f-000e0c431b59', '2b321f98-9723-11e4-80ed-00155d37037a', '', 'кг');
INSERT INTO `ShopItemsPropertiesValues` (`item`, `property`, `value`, `measure`) VALUES ('8f0c8f8f-99aa-11db-937f-000e0c431b59', 'bbea9c1a-3a4b-11e3-88c8-005056be1f7a', '', '');
INSERT INTO `ShopItemsPropertiesValues` (`item`, `property`, `value`, `measure`) VALUES ('8f0c8f8f-99aa-11db-937f-000e0c431b59', '27c97b3a-3bc1-11e3-80e1-005056be1f7a', '', '');
INSERT INTO `ShopItemsPropertiesValues` (`item`, `property`, `value`, `measure`) VALUES ('8f0c8f8f-99aa-11db-937f-000e0c431b59', '618eeb90-3bc1-11e3-80e1-005056be1f7a', '', '');
INSERT INTO `ShopItemsPropertiesValues` (`item`, `property`, `value`, `measure`) VALUES ('8f0c8f8f-99aa-11db-937f-000e0c431b59', '0569475c-1474-11e3-82b9-0050569a1080', '', '');
INSERT INTO `ShopItemsPropertiesValues` (`item`, `property`, `value`, `measure`) VALUES ('8f0c8f8f-99aa-11db-937f-000e0c431b59', 'e765ba75-107d-11e3-8a5d-0050569a1080', '', '');
INSERT INTO `ShopItemsPropertiesValues` (`item`, `property`, `value`, `measure`) VALUES ('8f0c8f8f-99aa-11db-937f-000e0c431b59', 'e2e87ce8-ad99-11e3-b114-005056be1f7c', '', '');
INSERT INTO `ShopItemsPropertiesValues` (`item`, `property`, `value`, `measure`) VALUES ('79a1722c-a025-11e2-a366-005056be3574', 'e8287600-ad96-11e3-b114-005056be1f7c', '', '');
INSERT INTO `ShopItemsPropertiesValues` (`item`, `property`, `value`, `measure`) VALUES ('79a1722c-a025-11e2-a366-005056be3574', 'cce0ab91-6a67-11e4-8945-005056be1f7a', '', '');
INSERT INTO `ShopItemsPropertiesValues` (`item`, `property`, `value`, `measure`) VALUES ('79a1722c-a025-11e2-a366-005056be3574', '2b321f98-9723-11e4-80ed-00155d37037a', '', 'кг');
INSERT INTO `ShopItemsPropertiesValues` (`item`, `property`, `value`, `measure`) VALUES ('79a1722c-a025-11e2-a366-005056be3574', 'bbea9c1a-3a4b-11e3-88c8-005056be1f7a', '', '');
INSERT INTO `ShopItemsPropertiesValues` (`item`, `property`, `value`, `measure`) VALUES ('79a1722c-a025-11e2-a366-005056be3574', '618eeb90-3bc1-11e3-80e1-005056be1f7a', '', '');
INSERT INTO `ShopItemsPropertiesValues` (`item`, `property`, `value`, `measure`) VALUES ('79a1722c-a025-11e2-a366-005056be3574', '0569475c-1474-11e3-82b9-0050569a1080', '', '');
INSERT INTO `ShopItemsPropertiesValues` (`item`, `property`, `value`, `measure`) VALUES ('79a1722c-a025-11e2-a366-005056be3574', 'e765ba75-107d-11e3-8a5d-0050569a1080', '', '');
INSERT INTO `ShopItemsPropertiesValues` (`item`, `property`, `value`, `measure`) VALUES ('79a1722c-a025-11e2-a366-005056be3574', 'e2e87ce8-ad99-11e3-b114-005056be1f7c', '', '');
INSERT INTO `ShopItemsPropertiesValues` (`item`, `property`, `value`, `measure`) VALUES ('07e40b13-53f8-11de-a649-000e0c431b58', 'e8287600-ad96-11e3-b114-005056be1f7c', '', '');
INSERT INTO `ShopItemsPropertiesValues` (`item`, `property`, `value`, `measure`) VALUES ('07e40b13-53f8-11de-a649-000e0c431b58', 'cce0ab91-6a67-11e4-8945-005056be1f7a', '', '');
INSERT INTO `ShopItemsPropertiesValues` (`item`, `property`, `value`, `measure`) VALUES ('07e40b13-53f8-11de-a649-000e0c431b58', '2b321f98-9723-11e4-80ed-00155d37037a', '', 'кг');
INSERT INTO `ShopItemsPropertiesValues` (`item`, `property`, `value`, `measure`) VALUES ('07e40b13-53f8-11de-a649-000e0c431b58', 'bbea9c1a-3a4b-11e3-88c8-005056be1f7a', '', '');
INSERT INTO `ShopItemsPropertiesValues` (`item`, `property`, `value`, `measure`) VALUES ('07e40b13-53f8-11de-a649-000e0c431b58', '618eeb90-3bc1-11e3-80e1-005056be1f7a', '', '');
INSERT INTO `ShopItemsPropertiesValues` (`item`, `property`, `value`, `measure`) VALUES ('07e40b13-53f8-11de-a649-000e0c431b58', '0569475c-1474-11e3-82b9-0050569a1080', '', '');
INSERT INTO `ShopItemsPropertiesValues` (`item`, `property`, `value`, `measure`) VALUES ('07e40b13-53f8-11de-a649-000e0c431b58', 'e765ba75-107d-11e3-8a5d-0050569a1080', '', '');
INSERT INTO `ShopItemsPropertiesValues` (`item`, `property`, `value`, `measure`) VALUES ('07e40b13-53f8-11de-a649-000e0c431b58', 'e2e87ce8-ad99-11e3-b114-005056be1f7c', '', '');
INSERT INTO `ShopItemsPropertiesValues` (`item`, `property`, `value`, `measure`) VALUES ('07e40b15-53f8-11de-a649-000e0c431b58', 'e8287600-ad96-11e3-b114-005056be1f7c', '', '');
INSERT INTO `ShopItemsPropertiesValues` (`item`, `property`, `value`, `measure`) VALUES ('07e40b15-53f8-11de-a649-000e0c431b58', 'cce0ab91-6a67-11e4-8945-005056be1f7a', '', '');
INSERT INTO `ShopItemsPropertiesValues` (`item`, `property`, `value`, `measure`) VALUES ('07e40b15-53f8-11de-a649-000e0c431b58', '2b321f98-9723-11e4-80ed-00155d37037a', '', 'кг');
INSERT INTO `ShopItemsPropertiesValues` (`item`, `property`, `value`, `measure`) VALUES ('07e40b15-53f8-11de-a649-000e0c431b58', 'bbea9c1a-3a4b-11e3-88c8-005056be1f7a', '', '');
INSERT INTO `ShopItemsPropertiesValues` (`item`, `property`, `value`, `measure`) VALUES ('07e40b15-53f8-11de-a649-000e0c431b58', '618eeb90-3bc1-11e3-80e1-005056be1f7a', '', '');
INSERT INTO `ShopItemsPropertiesValues` (`item`, `property`, `value`, `measure`) VALUES ('07e40b15-53f8-11de-a649-000e0c431b58', '0569475c-1474-11e3-82b9-0050569a1080', '', '');
INSERT INTO `ShopItemsPropertiesValues` (`item`, `property`, `value`, `measure`) VALUES ('07e40b15-53f8-11de-a649-000e0c431b58', 'e765ba75-107d-11e3-8a5d-0050569a1080', '', '');
INSERT INTO `ShopItemsPropertiesValues` (`item`, `property`, `value`, `measure`) VALUES ('07e40b15-53f8-11de-a649-000e0c431b58', 'e2e87ce8-ad99-11e3-b114-005056be1f7c', '', '');
INSERT INTO `ShopItemsPropertiesValues` (`item`, `property`, `value`, `measure`) VALUES ('220ea84d-8bc5-11de-a774-000e0c431b58', 'e8287600-ad96-11e3-b114-005056be1f7c', 'ОСНОВИТ', '');
INSERT INTO `ShopItemsPropertiesValues` (`item`, `property`, `value`, `measure`) VALUES ('220ea84d-8bc5-11de-a774-000e0c431b58', 'cce0ab91-6a67-11e4-8945-005056be1f7a', 'Россия', '');
INSERT INTO `ShopItemsPropertiesValues` (`item`, `property`, `value`, `measure`) VALUES ('220ea84d-8bc5-11de-a774-000e0c431b58', '2b321f98-9723-11e4-80ed-00155d37037a', '30', 'кг');
INSERT INTO `ShopItemsPropertiesValues` (`item`, `property`, `value`, `measure`) VALUES ('220ea84d-8bc5-11de-a774-000e0c431b58', 'bbea9c1a-3a4b-11e3-88c8-005056be1f7a', 'пол', '');
INSERT INTO `ShopItemsPropertiesValues` (`item`, `property`, `value`, `measure`) VALUES ('220ea84d-8bc5-11de-a774-000e0c431b58', 'bbea9c1a-3a4b-11e3-88c8-005056be1f7a', 'потолки', '');
INSERT INTO `ShopItemsPropertiesValues` (`item`, `property`, `value`, `measure`) VALUES ('220ea84d-8bc5-11de-a774-000e0c431b58', '27c97b3a-3bc1-11e3-80e1-005056be1f7a', 'внутренние работы', '');
INSERT INTO `ShopItemsPropertiesValues` (`item`, `property`, `value`, `measure`) VALUES ('220ea84d-8bc5-11de-a774-000e0c431b58', '618eeb90-3bc1-11e3-80e1-005056be1f7a', '', '');
INSERT INTO `ShopItemsPropertiesValues` (`item`, `property`, `value`, `measure`) VALUES ('220ea84d-8bc5-11de-a774-000e0c431b58', '0569475c-1474-11e3-82b9-0050569a1080', 'штукатурка', '');
INSERT INTO `ShopItemsPropertiesValues` (`item`, `property`, `value`, `measure`) VALUES ('220ea84d-8bc5-11de-a774-000e0c431b58', 'e765ba75-107d-11e3-8a5d-0050569a1080', '', '');
INSERT INTO `ShopItemsPropertiesValues` (`item`, `property`, `value`, `measure`) VALUES ('220ea84d-8bc5-11de-a774-000e0c431b58', 'e2e87ce8-ad99-11e3-b114-005056be1f7c', 'Расход смеси при слое 10 мм – 9 кг. на 1 м/2', '');

INSERT INTO `ShopItemsPrices` (`item`, `price`, `value`) VALUES ('75990b7b-d39c-11e0-8306-001cc494be80', 'feff0694-99ab-11db-937f-000e0c431b59', '260');
INSERT INTO `ShopItemsPrices` (`item`, `price`, `value`) VALUES ('75990b7b-d39c-11e0-8306-001cc494be80', '288427e0-9732-11db-bbb4-0017315894a1', '285');
INSERT INTO `ShopItemsPrices` (`item`, `price`, `value`) VALUES ('7f6fe6a2-1482-11df-860d-000e0c431b58', 'feff0694-99ab-11db-937f-000e0c431b59', '115');
INSERT INTO `ShopItemsPrices` (`item`, `price`, `value`) VALUES ('7f6fe6a2-1482-11df-860d-000e0c431b58', '288427e0-9732-11db-bbb4-0017315894a1', '132');
INSERT INTO `ShopItemsPrices` (`item`, `price`, `value`) VALUES ('8f0c8f4f-99aa-11db-937f-000e0c431b59', 'feff0694-99ab-11db-937f-000e0c431b59', '1115');
INSERT INTO `ShopItemsPrices` (`item`, `price`, `value`) VALUES ('8f0c8f4f-99aa-11db-937f-000e0c431b59', '288427e0-9732-11db-bbb4-0017315894a1', '1199');
INSERT INTO `ShopItemsPrices` (`item`, `price`, `value`) VALUES ('8f0c8f51-99aa-11db-937f-000e0c431b59', 'feff0694-99ab-11db-937f-000e0c431b59', '274');
INSERT INTO `ShopItemsPrices` (`item`, `price`, `value`) VALUES ('8f0c8f51-99aa-11db-937f-000e0c431b59', '288427e0-9732-11db-bbb4-0017315894a1', '286');
INSERT INTO `ShopItemsPrices` (`item`, `price`, `value`) VALUES ('8f0c8f59-99aa-11db-937f-000e0c431b59', 'feff0694-99ab-11db-937f-000e0c431b59', '145');
INSERT INTO `ShopItemsPrices` (`item`, `price`, `value`) VALUES ('8f0c8f59-99aa-11db-937f-000e0c431b59', '288427e0-9732-11db-bbb4-0017315894a1', '157');
INSERT INTO `ShopItemsPrices` (`item`, `price`, `value`) VALUES ('8f0c8f5b-99aa-11db-937f-000e0c431b59', 'feff0694-99ab-11db-937f-000e0c431b59', '271');
INSERT INTO `ShopItemsPrices` (`item`, `price`, `value`) VALUES ('8f0c8f5b-99aa-11db-937f-000e0c431b59', '288427e0-9732-11db-bbb4-0017315894a1', '289');
INSERT INTO `ShopItemsPrices` (`item`, `price`, `value`) VALUES ('8f0c8f5d-99aa-11db-937f-000e0c431b59', 'feff0694-99ab-11db-937f-000e0c431b59', '569');
INSERT INTO `ShopItemsPrices` (`item`, `price`, `value`) VALUES ('8f0c8f5d-99aa-11db-937f-000e0c431b59', '288427e0-9732-11db-bbb4-0017315894a1', '609');
INSERT INTO `ShopItemsPrices` (`item`, `price`, `value`) VALUES ('8f0c8f68-99aa-11db-937f-000e0c431b59', 'feff0694-99ab-11db-937f-000e0c431b59', '946');
INSERT INTO `ShopItemsPrices` (`item`, `price`, `value`) VALUES ('8f0c8f68-99aa-11db-937f-000e0c431b59', '288427e0-9732-11db-bbb4-0017315894a1', '989');
INSERT INTO `ShopItemsPrices` (`item`, `price`, `value`) VALUES ('8f0c8f6b-99aa-11db-937f-000e0c431b59', 'feff0694-99ab-11db-937f-000e0c431b59', '226');
INSERT INTO `ShopItemsPrices` (`item`, `price`, `value`) VALUES ('8f0c8f6b-99aa-11db-937f-000e0c431b59', '288427e0-9732-11db-bbb4-0017315894a1', '239');
INSERT INTO `ShopItemsPrices` (`item`, `price`, `value`) VALUES ('8f0c8f6d-99aa-11db-937f-000e0c431b59', 'feff0694-99ab-11db-937f-000e0c431b59', '176');
INSERT INTO `ShopItemsPrices` (`item`, `price`, `value`) VALUES ('8f0c8f6d-99aa-11db-937f-000e0c431b59', '288427e0-9732-11db-bbb4-0017315894a1', '201');
INSERT INTO `ShopItemsPrices` (`item`, `price`, `value`) VALUES ('8f0c8f6f-99aa-11db-937f-000e0c431b59', 'feff0694-99ab-11db-937f-000e0c431b59', '359');
INSERT INTO `ShopItemsPrices` (`item`, `price`, `value`) VALUES ('8f0c8f6f-99aa-11db-937f-000e0c431b59', '288427e0-9732-11db-bbb4-0017315894a1', '359');
INSERT INTO `ShopItemsPrices` (`item`, `price`, `value`) VALUES ('8f0c8f73-99aa-11db-937f-000e0c431b59', 'feff0694-99ab-11db-937f-000e0c431b59', '249');
INSERT INTO `ShopItemsPrices` (`item`, `price`, `value`) VALUES ('8f0c8f73-99aa-11db-937f-000e0c431b59', '288427e0-9732-11db-bbb4-0017315894a1', '269');
INSERT INTO `ShopItemsPrices` (`item`, `price`, `value`) VALUES ('8f0c8f75-99aa-11db-937f-000e0c431b59', 'feff0694-99ab-11db-937f-000e0c431b59', '336');
INSERT INTO `ShopItemsPrices` (`item`, `price`, `value`) VALUES ('8f0c8f75-99aa-11db-937f-000e0c431b59', '288427e0-9732-11db-bbb4-0017315894a1', '366');
INSERT INTO `ShopItemsPrices` (`item`, `price`, `value`) VALUES ('8f0c8f7f-99aa-11db-937f-000e0c431b59', 'feff0694-99ab-11db-937f-000e0c431b59', '365');
INSERT INTO `ShopItemsPrices` (`item`, `price`, `value`) VALUES ('8f0c8f7f-99aa-11db-937f-000e0c431b59', '288427e0-9732-11db-bbb4-0017315894a1', '379');
INSERT INTO `ShopItemsPrices` (`item`, `price`, `value`) VALUES ('8f0c8f85-99aa-11db-937f-000e0c431b59', 'feff0694-99ab-11db-937f-000e0c431b59', '256');
INSERT INTO `ShopItemsPrices` (`item`, `price`, `value`) VALUES ('8f0c8f85-99aa-11db-937f-000e0c431b59', '288427e0-9732-11db-bbb4-0017315894a1', '275');
INSERT INTO `ShopItemsPrices` (`item`, `price`, `value`) VALUES ('8f0c8f8f-99aa-11db-937f-000e0c431b59', 'feff0694-99ab-11db-937f-000e0c431b59', '392');
INSERT INTO `ShopItemsPrices` (`item`, `price`, `value`) VALUES ('8f0c8f8f-99aa-11db-937f-000e0c431b59', '288427e0-9732-11db-bbb4-0017315894a1', '415');
INSERT INTO `ShopItemsPrices` (`item`, `price`, `value`) VALUES ('79a1722c-a025-11e2-a366-005056be3574', 'feff0694-99ab-11db-937f-000e0c431b59', '184');
INSERT INTO `ShopItemsPrices` (`item`, `price`, `value`) VALUES ('79a1722c-a025-11e2-a366-005056be3574', '288427e0-9732-11db-bbb4-0017315894a1', '190');
INSERT INTO `ShopItemsPrices` (`item`, `price`, `value`) VALUES ('07e40b13-53f8-11de-a649-000e0c431b58', 'feff0694-99ab-11db-937f-000e0c431b59', '185');
INSERT INTO `ShopItemsPrices` (`item`, `price`, `value`) VALUES ('07e40b13-53f8-11de-a649-000e0c431b58', '288427e0-9732-11db-bbb4-0017315894a1', '219');
INSERT INTO `ShopItemsPrices` (`item`, `price`, `value`) VALUES ('07e40b15-53f8-11de-a649-000e0c431b58', 'feff0694-99ab-11db-937f-000e0c431b59', '203');
INSERT INTO `ShopItemsPrices` (`item`, `price`, `value`) VALUES ('07e40b15-53f8-11de-a649-000e0c431b58', '288427e0-9732-11db-bbb4-0017315894a1', '239');
INSERT INTO `ShopItemsPrices` (`item`, `price`, `value`) VALUES ('220ea84d-8bc5-11de-a774-000e0c431b58', 'feff0694-99ab-11db-937f-000e0c431b59', '268');
INSERT INTO `ShopItemsPrices` (`item`, `price`, `value`) VALUES ('220ea84d-8bc5-11de-a774-000e0c431b58', '288427e0-9732-11db-bbb4-0017315894a1', '299');

