--
-- Export Date: 2015.03.26 12:11:33
-- Export User: Гриненко Михаил (дизайнер)
--
-- Import Date: 2015.03.26_11.31.31
-- Import User: Максим Зайцев [RayMefise]
--

--
-- DeleteDataLinks
--

DELETE FROM `ShopGroupsHierarchy` WHERE `group` = '01f691f1-87cd-11de-8f0e-000e0c431b58' OR `group` = '01f691f2-87cd-11de-8f0e-000e0c431b58' OR `group` = '076d216a-4380-11de-8f53-000e0c431b58' OR `group` = '27566c6a-9ed8-11e3-96ad-005056be1f7b' OR `group` = '75d66d1b-99a5-11db-937f-000e0c431b59' OR `group` = '75d66d49-99a5-11db-937f-000e0c431b59' OR `group` = '9291c606-5ab3-11dc-be42-000e0c431b58' OR `group` = '9291c607-5ab3-11dc-be42-000e0c431b58' OR `group` = 'a6f80c91-516a-11dd-a89a-000e0c431b58' OR `group` = 'f8e15f34-b217-11dd-8051-000e0c431b58' ;
DELETE FROM `ShopPropertiesInGroups` WHERE `group` = '01f691f1-87cd-11de-8f0e-000e0c431b58' OR `group` = '01f691f2-87cd-11de-8f0e-000e0c431b58' OR `group` = '076d216a-4380-11de-8f53-000e0c431b58' OR `group` = '27566c6a-9ed8-11e3-96ad-005056be1f7b' OR `group` = '75d66d1b-99a5-11db-937f-000e0c431b59' OR `group` = '75d66d49-99a5-11db-937f-000e0c431b59' OR `group` = '9291c606-5ab3-11dc-be42-000e0c431b58' OR `group` = '9291c607-5ab3-11dc-be42-000e0c431b58' OR `group` = 'a6f80c91-516a-11dd-a89a-000e0c431b58' OR `group` = 'f8e15f34-b217-11dd-8051-000e0c431b58' ;
DELETE FROM `ShopItemsPropertiesValues` WHERE `item` = '04834f06-93b0-11e3-82a4-005056be1f7b' OR `item` = '076d2137-4380-11de-8f53-000e0c431b58' OR `item` = '076d2139-4380-11de-8f53-000e0c431b58' OR `item` = '076d213b-4380-11de-8f53-000e0c431b58' OR `item` = '076d213d-4380-11de-8f53-000e0c431b58' OR `item` = '076d213f-4380-11de-8f53-000e0c431b58' OR `item` = '076d2141-4380-11de-8f53-000e0c431b58' OR `item` = '076d2143-4380-11de-8f53-000e0c431b58' OR `item` = '076d2145-4380-11de-8f53-000e0c431b58' OR `item` = '076d2147-4380-11de-8f53-000e0c431b58' OR `item` = '076d2149-4380-11de-8f53-000e0c431b58' OR `item` = '076d214b-4380-11de-8f53-000e0c431b58' OR `item` = '076d214d-4380-11de-8f53-000e0c431b58' OR `item` = '13ce3df2-93b0-11e3-82a4-005056be1f7b' OR `item` = '1bd57597-93b0-11e3-82a4-005056be1f7b' OR `item` = '3479e733-bce7-11e4-a1f3-005056be1f7b' OR `item` = '82ebcce8-bce7-11e4-a1f3-005056be1f7b' OR `item` = 'b182dc4f-f994-11e2-98ef-005056be3574' OR `item` = 'b182dc51-f994-11e2-98ef-005056be3574' OR `item` = 'c4df9e0d-00c0-11e2-a554-005056be3bd8' OR `item` = 'c4df9e0f-00c0-11e2-a554-005056be3bd8' OR `item` = 'c4df9e11-00c0-11e2-a554-005056be3bd8' OR `item` = 'c4df9e13-00c0-11e2-a554-005056be3bd8' OR `item` = 'da49edc1-58f9-11e0-894e-000e0c431b58' OR `item` = 'da49edc3-58f9-11e0-894e-000e0c431b58' OR `item` = 'da49edc5-58f9-11e0-894e-000e0c431b58' OR `item` = 'da49edc7-58f9-11e0-894e-000e0c431b58' OR `item` = 'da49edc9-58f9-11e0-894e-000e0c431b58' OR `item` = 'da49edcb-58f9-11e0-894e-000e0c431b58' OR `item` = 'df210450-93af-11e3-82a4-005056be1f7b' OR `item` = 'e8976171-93af-11e3-82a4-005056be1f7b' OR `item` = 'f0ad1dd1-1f91-11e4-9591-005056be1f7b' OR `item` = 'fbb89466-93af-11e3-82a4-005056be1f7b' OR `item` = '076d216b-4380-11de-8f53-000e0c431b58' OR `item` = '076d216d-4380-11de-8f53-000e0c431b58' OR `item` = '076d216f-4380-11de-8f53-000e0c431b58' OR `item` = '076d2173-4380-11de-8f53-000e0c431b58' OR `item` = '35c08325-4386-11de-8f53-000e0c431b58' OR `item` = '35c08327-4386-11de-8f53-000e0c431b58' OR `item` = '35c08329-4386-11de-8f53-000e0c431b58' OR `item` = '35c0832b-4386-11de-8f53-000e0c431b58' OR `item` = '35c0832d-4386-11de-8f53-000e0c431b58' OR `item` = '35c0832f-4386-11de-8f53-000e0c431b58' OR `item` = '35c08331-4386-11de-8f53-000e0c431b58' OR `item` = '35c08333-4386-11de-8f53-000e0c431b58' OR `item` = '35c08335-4386-11de-8f53-000e0c431b58' OR `item` = '35c08337-4386-11de-8f53-000e0c431b58' OR `item` = '35c08339-4386-11de-8f53-000e0c431b58' OR `item` = '35c0833b-4386-11de-8f53-000e0c431b58' OR `item` = '35c0833d-4386-11de-8f53-000e0c431b58' ;
DELETE FROM `ShopItemsPropertiesValues` WHERE `item` = '35c0833f-4386-11de-8f53-000e0c431b58' OR `item` = '35c08341-4386-11de-8f53-000e0c431b58' OR `item` = '35c08343-4386-11de-8f53-000e0c431b58' OR `item` = '0916172c-947c-11e3-8d88-005056be1f7b' OR `item` = '963b6b0a-04a8-11e3-94de-005056be3574' OR `item` = 'b7e28649-21de-11df-860d-000e0c431b58' OR `item` = 'b7e2864b-21de-11df-860d-000e0c431b58' OR `item` = 'd5823752-947b-11e3-8d88-005056be1f7b' OR `item` = 'f5f1fcd6-d1c2-11e3-8b7a-005056be1f7b' OR `item` = 'fded4984-d1c2-11e3-8b7a-005056be1f7b' OR `item` = '9291c63a-5ab3-11dc-be42-000e0c431b58' OR `item` = '9291c63c-5ab3-11dc-be42-000e0c431b58' OR `item` = '9291c63e-5ab3-11dc-be42-000e0c431b58' OR `item` = '9291c640-5ab3-11dc-be42-000e0c431b58' OR `item` = 'cf6aa526-48b8-11dd-9342-000e0c431b58' OR `item` = 'fea6c165-5ab6-11dc-be42-000e0c431b58' OR `item` = 'fea6c167-5ab6-11dc-be42-000e0c431b58' OR `item` = 'fea6c169-5ab6-11dc-be42-000e0c431b58' OR `item` = 'fea6c16b-5ab6-11dc-be42-000e0c431b58' OR `item` = 'fea6c16d-5ab6-11dc-be42-000e0c431b58' OR `item` = 'fea6c16f-5ab6-11dc-be42-000e0c431b58' OR `item` = 'fea6c171-5ab6-11dc-be42-000e0c431b58' OR `item` = 'fea6c173-5ab6-11dc-be42-000e0c431b58' OR `item` = 'fea6c175-5ab6-11dc-be42-000e0c431b58' OR `item` = 'fea6c177-5ab6-11dc-be42-000e0c431b58' OR `item` = 'fea6c179-5ab6-11dc-be42-000e0c431b58' OR `item` = 'fea6c17b-5ab6-11dc-be42-000e0c431b58' OR `item` = 'fea6c17d-5ab6-11dc-be42-000e0c431b58' OR `item` = 'fea6c17f-5ab6-11dc-be42-000e0c431b58' OR `item` = 'fea6c181-5ab6-11dc-be42-000e0c431b58' OR `item` = 'fea6c183-5ab6-11dc-be42-000e0c431b58' OR `item` = 'fea6c185-5ab6-11dc-be42-000e0c431b58' OR `item` = 'fea6c187-5ab6-11dc-be42-000e0c431b58' OR `item` = 'fea6c189-5ab6-11dc-be42-000e0c431b58' OR `item` = 'fea6c18b-5ab6-11dc-be42-000e0c431b58' OR `item` = 'fea6c18d-5ab6-11dc-be42-000e0c431b58' OR `item` = 'fea6c18f-5ab6-11dc-be42-000e0c431b58' OR `item` = 'fea6c191-5ab6-11dc-be42-000e0c431b58' OR `item` = '047805a5-fe8c-11e3-bbdb-005056be1f7b' OR `item` = '129c7f4d-5273-11de-8f53-000e0c431b58' OR `item` = '56a6f723-ea03-11de-860d-000e0c431b58' OR `item` = '56f519d0-4f2c-11de-8f53-000e0c431b58' OR `item` = '7a3c5db1-777c-11de-9531-000e0c431b58' OR `item` = '7a3c5db3-777c-11de-9531-000e0c431b58' OR `item` = '7a3c5db5-777c-11de-9531-000e0c431b58' OR `item` = '7a3c5db7-777c-11de-9531-000e0c431b58' OR `item` = '992163db-a731-11de-90d4-000e0c431b58' OR `item` = '992163dd-a731-11de-90d4-000e0c431b58' OR `item` = 'a6f80c96-516a-11dd-a89a-000e0c431b58' OR `item` = 'a6f80c98-516a-11dd-a89a-000e0c431b58' ;
DELETE FROM `ShopItemsPropertiesValues` WHERE `item` = 'a6f80c9c-516a-11dd-a89a-000e0c431b58' OR `item` = 'a6f80c9e-516a-11dd-a89a-000e0c431b58' OR `item` = 'a6f80ca2-516a-11dd-a89a-000e0c431b58' OR `item` = 'a6f80ca4-516a-11dd-a89a-000e0c431b58' OR `item` = 'a6f80ca8-516a-11dd-a89a-000e0c431b58' OR `item` = 'a6f80cac-516a-11dd-a89a-000e0c431b58' OR `item` = 'a6f80cae-516a-11dd-a89a-000e0c431b58' OR `item` = 'e242e97f-f29b-11dd-9439-000e0c431b58' OR `item` = 'e4020814-4598-11e1-8212-001cc494be80' ;
DELETE FROM `ShopItemsPrices` WHERE `item` = '04834f06-93b0-11e3-82a4-005056be1f7b' OR `item` = '076d2137-4380-11de-8f53-000e0c431b58' OR `item` = '076d2139-4380-11de-8f53-000e0c431b58' OR `item` = '076d213b-4380-11de-8f53-000e0c431b58' OR `item` = '076d213d-4380-11de-8f53-000e0c431b58' OR `item` = '076d213f-4380-11de-8f53-000e0c431b58' OR `item` = '076d2141-4380-11de-8f53-000e0c431b58' OR `item` = '076d2143-4380-11de-8f53-000e0c431b58' OR `item` = '076d2145-4380-11de-8f53-000e0c431b58' OR `item` = '076d2147-4380-11de-8f53-000e0c431b58' OR `item` = '076d2149-4380-11de-8f53-000e0c431b58' OR `item` = '076d214b-4380-11de-8f53-000e0c431b58' OR `item` = '076d214d-4380-11de-8f53-000e0c431b58' OR `item` = '13ce3df2-93b0-11e3-82a4-005056be1f7b' OR `item` = '1bd57597-93b0-11e3-82a4-005056be1f7b' OR `item` = '3479e733-bce7-11e4-a1f3-005056be1f7b' OR `item` = '82ebcce8-bce7-11e4-a1f3-005056be1f7b' OR `item` = 'b182dc4f-f994-11e2-98ef-005056be3574' OR `item` = 'b182dc51-f994-11e2-98ef-005056be3574' OR `item` = 'c4df9e0d-00c0-11e2-a554-005056be3bd8' OR `item` = 'c4df9e0f-00c0-11e2-a554-005056be3bd8' OR `item` = 'c4df9e11-00c0-11e2-a554-005056be3bd8' OR `item` = 'c4df9e13-00c0-11e2-a554-005056be3bd8' OR `item` = 'da49edc1-58f9-11e0-894e-000e0c431b58' OR `item` = 'da49edc3-58f9-11e0-894e-000e0c431b58' OR `item` = 'da49edc5-58f9-11e0-894e-000e0c431b58' OR `item` = 'da49edc7-58f9-11e0-894e-000e0c431b58' OR `item` = 'da49edc9-58f9-11e0-894e-000e0c431b58' OR `item` = 'da49edcb-58f9-11e0-894e-000e0c431b58' OR `item` = 'df210450-93af-11e3-82a4-005056be1f7b' OR `item` = 'e8976171-93af-11e3-82a4-005056be1f7b' OR `item` = 'f0ad1dd1-1f91-11e4-9591-005056be1f7b' OR `item` = 'fbb89466-93af-11e3-82a4-005056be1f7b' OR `item` = '076d216b-4380-11de-8f53-000e0c431b58' OR `item` = '076d216d-4380-11de-8f53-000e0c431b58' OR `item` = '076d216f-4380-11de-8f53-000e0c431b58' OR `item` = '076d2173-4380-11de-8f53-000e0c431b58' OR `item` = '35c08325-4386-11de-8f53-000e0c431b58' OR `item` = '35c08327-4386-11de-8f53-000e0c431b58' OR `item` = '35c08329-4386-11de-8f53-000e0c431b58' OR `item` = '35c0832b-4386-11de-8f53-000e0c431b58' OR `item` = '35c0832d-4386-11de-8f53-000e0c431b58' OR `item` = '35c0832f-4386-11de-8f53-000e0c431b58' OR `item` = '35c08331-4386-11de-8f53-000e0c431b58' OR `item` = '35c08333-4386-11de-8f53-000e0c431b58' OR `item` = '35c08335-4386-11de-8f53-000e0c431b58' OR `item` = '35c08337-4386-11de-8f53-000e0c431b58' OR `item` = '35c08339-4386-11de-8f53-000e0c431b58' OR `item` = '35c0833b-4386-11de-8f53-000e0c431b58' OR `item` = '35c0833d-4386-11de-8f53-000e0c431b58' ;
DELETE FROM `ShopItemsPrices` WHERE `item` = '35c0833f-4386-11de-8f53-000e0c431b58' OR `item` = '35c08341-4386-11de-8f53-000e0c431b58' OR `item` = '35c08343-4386-11de-8f53-000e0c431b58' OR `item` = '0916172c-947c-11e3-8d88-005056be1f7b' OR `item` = '963b6b0a-04a8-11e3-94de-005056be3574' OR `item` = 'b7e28649-21de-11df-860d-000e0c431b58' OR `item` = 'b7e2864b-21de-11df-860d-000e0c431b58' OR `item` = 'd5823752-947b-11e3-8d88-005056be1f7b' OR `item` = 'f5f1fcd6-d1c2-11e3-8b7a-005056be1f7b' OR `item` = 'fded4984-d1c2-11e3-8b7a-005056be1f7b' OR `item` = '9291c63a-5ab3-11dc-be42-000e0c431b58' OR `item` = '9291c63c-5ab3-11dc-be42-000e0c431b58' OR `item` = '9291c63e-5ab3-11dc-be42-000e0c431b58' OR `item` = '9291c640-5ab3-11dc-be42-000e0c431b58' OR `item` = 'cf6aa526-48b8-11dd-9342-000e0c431b58' OR `item` = 'fea6c165-5ab6-11dc-be42-000e0c431b58' OR `item` = 'fea6c167-5ab6-11dc-be42-000e0c431b58' OR `item` = 'fea6c169-5ab6-11dc-be42-000e0c431b58' OR `item` = 'fea6c16b-5ab6-11dc-be42-000e0c431b58' OR `item` = 'fea6c16d-5ab6-11dc-be42-000e0c431b58' OR `item` = 'fea6c16f-5ab6-11dc-be42-000e0c431b58' OR `item` = 'fea6c171-5ab6-11dc-be42-000e0c431b58' OR `item` = 'fea6c173-5ab6-11dc-be42-000e0c431b58' OR `item` = 'fea6c175-5ab6-11dc-be42-000e0c431b58' OR `item` = 'fea6c177-5ab6-11dc-be42-000e0c431b58' OR `item` = 'fea6c179-5ab6-11dc-be42-000e0c431b58' OR `item` = 'fea6c17b-5ab6-11dc-be42-000e0c431b58' OR `item` = 'fea6c17d-5ab6-11dc-be42-000e0c431b58' OR `item` = 'fea6c17f-5ab6-11dc-be42-000e0c431b58' OR `item` = 'fea6c181-5ab6-11dc-be42-000e0c431b58' OR `item` = 'fea6c183-5ab6-11dc-be42-000e0c431b58' OR `item` = 'fea6c185-5ab6-11dc-be42-000e0c431b58' OR `item` = 'fea6c187-5ab6-11dc-be42-000e0c431b58' OR `item` = 'fea6c189-5ab6-11dc-be42-000e0c431b58' OR `item` = 'fea6c18b-5ab6-11dc-be42-000e0c431b58' OR `item` = 'fea6c18d-5ab6-11dc-be42-000e0c431b58' OR `item` = 'fea6c18f-5ab6-11dc-be42-000e0c431b58' OR `item` = 'fea6c191-5ab6-11dc-be42-000e0c431b58' OR `item` = '047805a5-fe8c-11e3-bbdb-005056be1f7b' OR `item` = '129c7f4d-5273-11de-8f53-000e0c431b58' OR `item` = '56a6f723-ea03-11de-860d-000e0c431b58' OR `item` = '56f519d0-4f2c-11de-8f53-000e0c431b58' OR `item` = '7a3c5db1-777c-11de-9531-000e0c431b58' OR `item` = '7a3c5db3-777c-11de-9531-000e0c431b58' OR `item` = '7a3c5db5-777c-11de-9531-000e0c431b58' OR `item` = '7a3c5db7-777c-11de-9531-000e0c431b58' OR `item` = '992163db-a731-11de-90d4-000e0c431b58' OR `item` = '992163dd-a731-11de-90d4-000e0c431b58' OR `item` = 'a6f80c96-516a-11dd-a89a-000e0c431b58' OR `item` = 'a6f80c98-516a-11dd-a89a-000e0c431b58' ;
DELETE FROM `ShopItemsPrices` WHERE `item` = 'a6f80c9c-516a-11dd-a89a-000e0c431b58' OR `item` = 'a6f80c9e-516a-11dd-a89a-000e0c431b58' OR `item` = 'a6f80ca2-516a-11dd-a89a-000e0c431b58' OR `item` = 'a6f80ca4-516a-11dd-a89a-000e0c431b58' OR `item` = 'a6f80ca8-516a-11dd-a89a-000e0c431b58' OR `item` = 'a6f80cac-516a-11dd-a89a-000e0c431b58' OR `item` = 'a6f80cae-516a-11dd-a89a-000e0c431b58' OR `item` = 'e242e97f-f29b-11dd-9439-000e0c431b58' OR `item` = 'e4020814-4598-11e1-8212-001cc494be80' ;

--
-- HideData
--


--
-- DeleteData
--


--
-- UpdateData
--

UPDATE `ShopGroups` SET `id` = '75d66d1b-99a5-11db-937f-000e0c431b59', `groupName` = 'ЛАКОКРАСОЧНАЯ ПРОДУКЦИЯ', `shown` = '1', `showInHierarchy` = '1' WHERE `id` = '75d66d1b-99a5-11db-937f-000e0c431b59';
UPDATE `ShopGroups` SET `id` = '9291c606-5ab3-11dc-be42-000e0c431b58', `groupName` = 'Аэрозольные эмали "KUDO"', `shown` = '1', `showInHierarchy` = '1' WHERE `id` = '9291c606-5ab3-11dc-be42-000e0c431b58';
UPDATE `ShopGroups` SET `id` = '9291c607-5ab3-11dc-be42-000e0c431b58', `groupName` = 'Эмаль универсальная', `shown` = '1', `showInHierarchy` = '1' WHERE `id` = '9291c607-5ab3-11dc-be42-000e0c431b58';
UPDATE `ShopGroups` SET `id` = '01f691f1-87cd-11de-8f0e-000e0c431b58', `groupName` = 'Грунт-эмали', `shown` = '1', `showInHierarchy` = '1' WHERE `id` = '01f691f1-87cd-11de-8f0e-000e0c431b58';
UPDATE `ShopGroups` SET `id` = '01f691f2-87cd-11de-8f0e-000e0c431b58', `groupName` = 'Грунт-эмали "DALI"', `shown` = '1', `showInHierarchy` = '1' WHERE `id` = '01f691f2-87cd-11de-8f0e-000e0c431b58';
UPDATE `ShopGroups` SET `id` = 'f8e15f34-b217-11dd-8051-000e0c431b58', `groupName` = 'Краски "DALI"', `shown` = '1', `showInHierarchy` = '1' WHERE `id` = 'f8e15f34-b217-11dd-8051-000e0c431b58';
UPDATE `ShopGroups` SET `id` = 'a6f80c91-516a-11dd-a89a-000e0c431b58', `groupName` = 'Краска ВД "DALI"', `shown` = '1', `showInHierarchy` = '1' WHERE `id` = 'a6f80c91-516a-11dd-a89a-000e0c431b58';
UPDATE `ShopGroups` SET `id` = '75d66d49-99a5-11db-937f-000e0c431b59', `groupName` = 'Краски "ЛАКРА"', `shown` = '1', `showInHierarchy` = '1' WHERE `id` = '75d66d49-99a5-11db-937f-000e0c431b59';
UPDATE `ShopGroups` SET `id` = '27566c6a-9ed8-11e3-96ad-005056be1f7b', `groupName` = 'Декоративные покрытия(для внутренних и наружных работ)', `shown` = '1', `showInHierarchy` = '1' WHERE `id` = '27566c6a-9ed8-11e3-96ad-005056be1f7b';
UPDATE `ShopGroups` SET `id` = '076d216a-4380-11de-8f53-000e0c431b58', `groupName` = 'Колер', `shown` = '1', `showInHierarchy` = '1' WHERE `id` = '076d216a-4380-11de-8f53-000e0c431b58';
UPDATE `ShopProperties` SET `id` = 'd624040a-3bb6-11e3-80e1-005056be1f7a', `propertyName` = 'Основа', `filterType` = 'groupSelect', `valueType` = 'varchar', `oneOfAllValues` = '0' WHERE `id` = 'd624040a-3bb6-11e3-80e1-005056be1f7a';
UPDATE `ShopProperties` SET `id` = '0a552a3f-3bb7-11e3-80e1-005056be1f7a', `propertyName` = 'Цвет', `filterType` = 'groupSelect', `valueType` = 'varchar', `oneOfAllValues` = '0' WHERE `id` = '0a552a3f-3bb7-11e3-80e1-005056be1f7a';
UPDATE `ShopProperties` SET `id` = 'c17ab514-3bbc-11e3-80e1-005056be1f7a', `propertyName` = 'Блеск', `filterType` = 'groupSelect', `valueType` = 'varchar', `oneOfAllValues` = '0' WHERE `id` = 'c17ab514-3bbc-11e3-80e1-005056be1f7a';
UPDATE `ShopProperties` SET `id` = '27c97b3a-3bc1-11e3-80e1-005056be1f7a', `propertyName` = 'Область применения', `filterType` = 'groupSelect', `valueType` = 'varchar', `oneOfAllValues` = '0' WHERE `id` = '27c97b3a-3bc1-11e3-80e1-005056be1f7a';
UPDATE `ShopProperties` SET `id` = '618eeb90-3bc1-11e3-80e1-005056be1f7a', `propertyName` = 'Особенности', `filterType` = 'groupSelect', `valueType` = 'varchar', `oneOfAllValues` = '0' WHERE `id` = '618eeb90-3bc1-11e3-80e1-005056be1f7a';
UPDATE `ShopProperties` SET `id` = '0569475c-1474-11e3-82b9-0050569a1080', `propertyName` = 'Тип', `filterType` = 'groupSelect', `valueType` = 'varchar', `oneOfAllValues` = '0' WHERE `id` = '0569475c-1474-11e3-82b9-0050569a1080';
UPDATE `ShopProperties` SET `id` = '0beb7c10-76ad-11e3-8868-005056be1f7a', `propertyName` = 'Износоустойчивость', `filterType` = 'groupSelect', `valueType` = 'varchar', `oneOfAllValues` = '0' WHERE `id` = '0beb7c10-76ad-11e3-8868-005056be1f7a';
UPDATE `ShopProperties` SET `id` = '6cd386f1-3a4b-11e3-88c8-005056be1f7a', `propertyName` = 'Объем (л.)', `filterType` = 'intRange', `valueType` = 'float', `oneOfAllValues` = '0' WHERE `id` = '6cd386f1-3a4b-11e3-88c8-005056be1f7a';
UPDATE `ShopProperties` SET `id` = 'bbea9c1a-3a4b-11e3-88c8-005056be1f7a', `propertyName` = 'Назначение', `filterType` = 'groupSelect', `valueType` = 'varchar', `oneOfAllValues` = '0' WHERE `id` = 'bbea9c1a-3a4b-11e3-88c8-005056be1f7a';
UPDATE `ShopProperties` SET `id` = 'cce0ab91-6a67-11e4-8945-005056be1f7a', `propertyName` = 'Страна-производитель', `filterType` = 'groupSelect', `valueType` = 'varchar', `oneOfAllValues` = '0' WHERE `id` = 'cce0ab91-6a67-11e4-8945-005056be1f7a';
UPDATE `ShopProperties` SET `id` = 'e765ba72-107d-11e3-8a5d-0050569a1080', `propertyName` = 'База', `filterType` = 'groupSelect', `valueType` = 'varchar', `oneOfAllValues` = '0' WHERE `id` = 'e765ba72-107d-11e3-8a5d-0050569a1080';
UPDATE `ShopProperties` SET `id` = 'e765ba75-107d-11e3-8a5d-0050569a1080', `propertyName` = 'Вес (кг.)', `filterType` = 'intRange', `valueType` = 'float', `oneOfAllValues` = '0' WHERE `id` = 'e765ba75-107d-11e3-8a5d-0050569a1080';
UPDATE `ShopProperties` SET `id` = 'a34e94dc-9f77-11e3-9686-005056be1f7c', `propertyName` = 'Морозостойкость', `filterType` = 'groupSelect', `valueType` = 'varchar', `oneOfAllValues` = '0' WHERE `id` = 'a34e94dc-9f77-11e3-9686-005056be1f7c';
UPDATE `ShopProperties` SET `id` = '6e62ed56-970e-11e4-9be0-005056be1f7c', `propertyName` = 'Упаковка', `filterType` = 'groupSelect', `valueType` = 'varchar', `oneOfAllValues` = '0' WHERE `id` = '6e62ed56-970e-11e4-9be0-005056be1f7c';
UPDATE `ShopProperties` SET `id` = 'c2267174-970e-11e4-9be0-005056be1f7c', `propertyName` = 'Длина (м.)', `filterType` = 'intRange', `valueType` = 'float', `oneOfAllValues` = '0' WHERE `id` = 'c2267174-970e-11e4-9be0-005056be1f7c';
UPDATE `ShopProperties` SET `id` = '42d0b52f-970f-11e4-9be0-005056be1f7c', `propertyName` = 'Вид', `filterType` = 'groupSelect', `valueType` = 'varchar', `oneOfAllValues` = '0' WHERE `id` = '42d0b52f-970f-11e4-9be0-005056be1f7c';
UPDATE `ShopProperties` SET `id` = '0e31c585-9718-11e4-9be0-005056be1f7c', `propertyName` = 'Ширина (м.)', `filterType` = 'intRange', `valueType` = 'float', `oneOfAllValues` = '0' WHERE `id` = '0e31c585-9718-11e4-9be0-005056be1f7c';
UPDATE `ShopProperties` SET `id` = '1452d640-9718-11e4-9be0-005056be1f7c', `propertyName` = 'Толщина (м.)', `filterType` = 'intRange', `valueType` = 'float', `oneOfAllValues` = '0' WHERE `id` = '1452d640-9718-11e4-9be0-005056be1f7c';
UPDATE `ShopProperties` SET `id` = '24cace4a-9718-11e4-9be0-005056be1f7c', `propertyName` = 'Высота (м.)', `filterType` = 'intRange', `valueType` = 'float', `oneOfAllValues` = '0' WHERE `id` = '24cace4a-9718-11e4-9be0-005056be1f7c';
UPDATE `ShopProperties` SET `id` = '1ea6fcc4-d206-11e4-9be0-005056be1f7c', `propertyName` = 'Размер зерна (мм)', `filterType` = 'intRange', `valueType` = 'float', `oneOfAllValues` = '0' WHERE `id` = '1ea6fcc4-d206-11e4-9be0-005056be1f7c';
UPDATE `ShopProperties` SET `id` = 'd17cb785-d20b-11e4-9be0-005056be1f7c', `propertyName` = 'Объем (мл.)', `filterType` = 'intRange', `valueType` = 'float', `oneOfAllValues` = '0' WHERE `id` = 'd17cb785-d20b-11e4-9be0-005056be1f7c';
UPDATE `ShopProperties` SET `id` = '1d08380b-ce34-11e4-a80e-005056be1f7a', `propertyName` = 'Вес (гр.)', `filterType` = 'intRange', `valueType` = 'float', `oneOfAllValues` = '0' WHERE `id` = '1d08380b-ce34-11e4-a80e-005056be1f7a';
UPDATE `ShopProperties` SET `id` = 'e8287600-ad96-11e3-b114-005056be1f7c', `propertyName` = 'Брэнд', `filterType` = 'groupSelect', `valueType` = 'varchar', `oneOfAllValues` = '0' WHERE `id` = 'e8287600-ad96-11e3-b114-005056be1f7c';
UPDATE `ShopProperties` SET `id` = 'e2e87ce8-ad99-11e3-b114-005056be1f7c', `propertyName` = 'Расход', `filterType` = 'intRange', `valueType` = 'float', `oneOfAllValues` = '0' WHERE `id` = 'e2e87ce8-ad99-11e3-b114-005056be1f7c';
UPDATE `ShopProperties` SET `id` = '5ca72995-ad9a-11e3-b114-005056be1f7c', `propertyName` = 'Диаметр (м.)', `filterType` = 'intRange', `valueType` = 'float', `oneOfAllValues` = '0' WHERE `id` = '5ca72995-ad9a-11e3-b114-005056be1f7c';
UPDATE `ShopItems` SET `id` = 'fea6c187-5ab6-11dc-be42-000e0c431b58', `itemName` = 'Эмаль универсальная алюминий 520 мл.', `group` = '9291c607-5ab3-11dc-be42-000e0c431b58', `action` = '0', `amount` = '159', `minAmount` = '28', `description` = 'Высококачественная алкидная эмаль предназначена для окраски предварительно загрунтованных металлических и деревянных поверхностей. Применяется для наружных и внутренних работ. Легко наносится на труднодоступные места, имеет хорошую укрывистость и атмосферостойкость, превосходную адгезию к окрашиваемой поверхности. 
', `shown` = '1' WHERE `id` = 'fea6c187-5ab6-11dc-be42-000e0c431b58';
UPDATE `ShopItems` SET `id` = 'fea6c16d-5ab6-11dc-be42-000e0c431b58', `itemName` = 'Эмаль универсальная бежевая 520 мл.', `group` = '9291c607-5ab3-11dc-be42-000e0c431b58', `action` = '0', `amount` = '42', `minAmount` = '31', `description` = 'Высококачественная алкидная эмаль предназначена для окраски предварительно загрунтованных металлических и деревянных поверхностей. Применяется для наружных и внутренних работ. Легко наносится на труднодоступные места, имеет хорошую укрывистость и атмосферостойкость, превосходную адгезию к окрашиваемой поверхности. 
', `shown` = '1' WHERE `id` = 'fea6c16d-5ab6-11dc-be42-000e0c431b58';
UPDATE `ShopItems` SET `id` = '9291c63a-5ab3-11dc-be42-000e0c431b58', `itemName` = 'Эмаль универсальная белая глянцевая 520 мл.', `group` = '9291c607-5ab3-11dc-be42-000e0c431b58', `action` = '0', `amount` = '97', `minAmount` = '48', `description` = 'Высококачественная алкидная эмаль предназначена для окраски предварительно загрунтованных металлических и деревянных поверхностей. Применяется для наружных и внутренних работ. Легко наносится на труднодоступные места, имеет хорошую укрывистость и атмосферостойкость, превосходную адгезию к окрашиваемой поверхности. 
', `shown` = '1' WHERE `id` = '9291c63a-5ab3-11dc-be42-000e0c431b58';
UPDATE `ShopItems` SET `id` = 'fea6c18f-5ab6-11dc-be42-000e0c431b58', `itemName` = 'Эмаль универсальная белая матовая 520 мл.', `group` = '9291c607-5ab3-11dc-be42-000e0c431b58', `action` = '0', `amount` = '92', `minAmount` = '45', `description` = 'Высококачественная алкидная эмаль предназначена для окраски предварительно загрунтованных металлических и деревянных поверхностей. Применяется для наружных и внутренних работ. Легко наносится на труднодоступные места, имеет хорошую укрывистость и атмосферостойкость, превосходную адгезию к окрашиваемой поверхности. 
', `shown` = '1' WHERE `id` = 'fea6c18f-5ab6-11dc-be42-000e0c431b58';
UPDATE `ShopItems` SET `id` = 'fea6c17d-5ab6-11dc-be42-000e0c431b58', `itemName` = 'Эмаль универсальная бирюзовая 520 мл.', `group` = '9291c607-5ab3-11dc-be42-000e0c431b58', `action` = '0', `amount` = '37', `minAmount` = '28', `description` = 'Высококачественная алкидная эмаль предназначена для окраски предварительно загрунтованных металлических и деревянных поверхностей. Применяется для наружных и внутренних работ. Легко наносится на труднодоступные места, имеет хорошую укрывистость и атмосферостойкость, превосходную адгезию к окрашиваемой поверхности. 
', `shown` = '1' WHERE `id` = 'fea6c17d-5ab6-11dc-be42-000e0c431b58';
UPDATE `ShopItems` SET `id` = 'cf6aa526-48b8-11dd-9342-000e0c431b58', `itemName` = 'Эмаль универсальная бронза 520 мл.', `group` = '9291c607-5ab3-11dc-be42-000e0c431b58', `action` = '0', `amount` = '84', `minAmount` = '38', `description` = 'Высококачественная алкидная эмаль предназначена для окраски предварительно загрунтованных металлических и деревянных поверхностей. Применяется для наружных и внутренних работ. Легко наносится на труднодоступные места, имеет хорошую укрывистость и атмосферостойкость, превосходную адгезию к окрашиваемой поверхности. 
', `shown` = '1' WHERE `id` = 'cf6aa526-48b8-11dd-9342-000e0c431b58';
UPDATE `ShopItems` SET `id` = '9291c640-5ab3-11dc-be42-000e0c431b58', `itemName` = 'Эмаль универсальная вишневая 520 мл.', `group` = '9291c607-5ab3-11dc-be42-000e0c431b58', `action` = '0', `amount` = '32', `minAmount` = '27', `description` = 'Высококачественная алкидная эмаль предназначена для окраски предварительно загрунтованных металлических и деревянных поверхностей. Применяется для наружных и внутренних работ. Легко наносится на труднодоступные места, имеет хорошую укрывистость и атмосферостойкость, превосходную адгезию к окрашиваемой поверхности. 
', `shown` = '1' WHERE `id` = '9291c640-5ab3-11dc-be42-000e0c431b58';
UPDATE `ShopItems` SET `id` = 'fea6c16f-5ab6-11dc-be42-000e0c431b58', `itemName` = 'Эмаль универсальная голубая 520 мл.', `group` = '9291c607-5ab3-11dc-be42-000e0c431b58', `action` = '0', `amount` = '38', `minAmount` = '31', `description` = 'Высококачественная алкидная эмаль предназначена для окраски предварительно загрунтованных металлических и деревянных поверхностей. Применяется для наружных и внутренних работ. Легко наносится на труднодоступные места, имеет хорошую укрывистость и атмосферостойкость, превосходную адгезию к окрашиваемой поверхности. 
', `shown` = '1' WHERE `id` = 'fea6c16f-5ab6-11dc-be42-000e0c431b58';
UPDATE `ShopItems` SET `id` = 'fea6c175-5ab6-11dc-be42-000e0c431b58', `itemName` = 'Эмаль универсальная желтая 520 мл.', `group` = '9291c607-5ab3-11dc-be42-000e0c431b58', `action` = '0', `amount` = '48', `minAmount` = '31', `description` = 'Высококачественная алкидная эмаль предназначена для окраски предварительно загрунтованных металлических и деревянных поверхностей. Применяется для наружных и внутренних работ. Легко наносится на труднодоступные места, имеет хорошую укрывистость и атмосферостойкость, превосходную адгезию к окрашиваемой поверхности. 
', `shown` = '1' WHERE `id` = 'fea6c175-5ab6-11dc-be42-000e0c431b58';
UPDATE `ShopItems` SET `id` = 'fea6c18b-5ab6-11dc-be42-000e0c431b58', `itemName` = 'Эмаль универсальная золото 520 мл.', `group` = '9291c607-5ab3-11dc-be42-000e0c431b58', `action` = '0', `amount` = '65', `minAmount` = '45', `description` = 'Высококачественная алкидная эмаль предназначена для окраски предварительно загрунтованных металлических и деревянных поверхностей. Применяется для наружных и внутренних работ. Легко наносится на труднодоступные места, имеет хорошую укрывистость и атмосферостойкость, превосходную адгезию к окрашиваемой поверхности. 
', `shown` = '1' WHERE `id` = 'fea6c18b-5ab6-11dc-be42-000e0c431b58';
UPDATE `ShopItems` SET `id` = 'fea6c183-5ab6-11dc-be42-000e0c431b58', `itemName` = 'Эмаль универсальная какао 520 мл.', `group` = '9291c607-5ab3-11dc-be42-000e0c431b58', `action` = '0', `amount` = '37', `minAmount` = '29', `description` = 'Высококачественная алкидная эмаль предназначена для окраски предварительно загрунтованных металлических и деревянных поверхностей. Применяется для наружных и внутренних работ. Легко наносится на труднодоступные места, имеет хорошую укрывистость и атмосферостойкость, превосходную адгезию к окрашиваемой поверхности. 
', `shown` = '1' WHERE `id` = 'fea6c183-5ab6-11dc-be42-000e0c431b58';
UPDATE `ShopItems` SET `id` = 'fea6c173-5ab6-11dc-be42-000e0c431b58', `itemName` = 'Эмаль универсальная коричневая 520 мл.', `group` = '9291c607-5ab3-11dc-be42-000e0c431b58', `action` = '0', `amount` = '64', `minAmount` = '38', `description` = 'Высококачественная алкидная эмаль предназначена для окраски предварительно загрунтованных металлических и деревянных поверхностей. Применяется для наружных и внутренних работ. Легко наносится на труднодоступные места, имеет хорошую укрывистость и атмосферостойкость, превосходную адгезию к окрашиваемой поверхности. 
', `shown` = '1' WHERE `id` = 'fea6c173-5ab6-11dc-be42-000e0c431b58';
UPDATE `ShopItems` SET `id` = '9291c63e-5ab3-11dc-be42-000e0c431b58', `itemName` = 'Эмаль универсальная красная 520 мл.', `group` = '9291c607-5ab3-11dc-be42-000e0c431b58', `action` = '0', `amount` = '88', `minAmount` = '40', `description` = 'Высококачественная алкидная эмаль предназначена для окраски предварительно загрунтованных металлических и деревянных поверхностей. Применяется для наружных и внутренних работ. Легко наносится на труднодоступные места, имеет хорошую укрывистость и атмосферостойкость, превосходную адгезию к окрашиваемой поверхности. 
', `shown` = '1' WHERE `id` = '9291c63e-5ab3-11dc-be42-000e0c431b58';
UPDATE `ShopItems` SET `id` = 'fea6c185-5ab6-11dc-be42-000e0c431b58', `itemName` = 'Эмаль универсальная красно-коричневая 520 мл.', `group` = '9291c607-5ab3-11dc-be42-000e0c431b58', `action` = '0', `amount` = '39', `minAmount` = '27', `description` = 'Высококачественная алкидная эмаль предназначена для окраски предварительно загрунтованных металлических и деревянных поверхностей. Применяется для наружных и внутренних работ. Легко наносится на труднодоступные места, имеет хорошую укрывистость и атмосферостойкость, превосходную адгезию к окрашиваемой поверхности. 
', `shown` = '1' WHERE `id` = 'fea6c185-5ab6-11dc-be42-000e0c431b58';
UPDATE `ShopItems` SET `id` = 'fea6c18d-5ab6-11dc-be42-000e0c431b58', `itemName` = 'Эмаль универсальная медь 520 мл.', `group` = '9291c607-5ab3-11dc-be42-000e0c431b58', `action` = '0', `amount` = '42', `minAmount` = '28', `description` = 'Высококачественная алкидная эмаль предназначена для окраски предварительно загрунтованных металлических и деревянных поверхностей. Применяется для наружных и внутренних работ. Легко наносится на труднодоступные места, имеет хорошую укрывистость и атмосферостойкость, превосходную адгезию к окрашиваемой поверхности. 
', `shown` = '1' WHERE `id` = 'fea6c18d-5ab6-11dc-be42-000e0c431b58';
UPDATE `ShopItems` SET `id` = 'fea6c17b-5ab6-11dc-be42-000e0c431b58', `itemName` = 'Эмаль универсальная оранжевая 520 мл.', `group` = '9291c607-5ab3-11dc-be42-000e0c431b58', `action` = '0', `amount` = '47', `minAmount` = '28', `description` = 'Высококачественная алкидная эмаль предназначена для окраски предварительно загрунтованных металлических и деревянных поверхностей. Применяется для наружных и внутренних работ. Легко наносится на труднодоступные места, имеет хорошую укрывистость и атмосферостойкость, превосходную адгезию к окрашиваемой поверхности. 
', `shown` = '1' WHERE `id` = 'fea6c17b-5ab6-11dc-be42-000e0c431b58';
UPDATE `ShopItems` SET `id` = 'fea6c181-5ab6-11dc-be42-000e0c431b58', `itemName` = 'Эмаль универсальная охра 520 мл.', `group` = '9291c607-5ab3-11dc-be42-000e0c431b58', `action` = '0', `amount` = '34', `minAmount` = '26', `description` = 'Высококачественная алкидная эмаль предназначена для окраски предварительно загрунтованных металлических и деревянных поверхностей. Применяется для наружных и внутренних работ. Легко наносится на труднодоступные места, имеет хорошую укрывистость и атмосферостойкость, превосходную адгезию к окрашиваемой поверхности. 
', `shown` = '1' WHERE `id` = 'fea6c181-5ab6-11dc-be42-000e0c431b58';
UPDATE `ShopItems` SET `id` = 'fea6c167-5ab6-11dc-be42-000e0c431b58', `itemName` = 'Эмаль универсальная светло-зеленая 520 мл.', `group` = '9291c607-5ab3-11dc-be42-000e0c431b58', `action` = '0', `amount` = '35', `minAmount` = '27', `description` = 'Высококачественная алкидная эмаль предназначена для окраски предварительно загрунтованных металлических и деревянных поверхностей. Применяется для наружных и внутренних работ. Легко наносится на труднодоступные места, имеет хорошую укрывистость и атмосферостойкость, превосходную адгезию к окрашиваемой поверхности. 
', `shown` = '1' WHERE `id` = 'fea6c167-5ab6-11dc-be42-000e0c431b58';
UPDATE `ShopItems` SET `id` = 'fea6c177-5ab6-11dc-be42-000e0c431b58', `itemName` = 'Эмаль универсальная светло-серая 520 мл.', `group` = '9291c607-5ab3-11dc-be42-000e0c431b58', `action` = '0', `amount` = '41', `minAmount` = '29', `description` = 'Высококачественная алкидная эмаль предназначена для окраски предварительно загрунтованных металлических и деревянных поверхностей. Применяется для наружных и внутренних работ. Легко наносится на труднодоступные места, имеет хорошую укрывистость и атмосферостойкость, превосходную адгезию к окрашиваемой поверхности. 
', `shown` = '1' WHERE `id` = 'fea6c177-5ab6-11dc-be42-000e0c431b58';
UPDATE `ShopItems` SET `id` = 'fea6c179-5ab6-11dc-be42-000e0c431b58', `itemName` = 'Эмаль универсальная серая 520 мл.', `group` = '9291c607-5ab3-11dc-be42-000e0c431b58', `action` = '0', `amount` = '71', `minAmount` = '34', `description` = 'Высококачественная алкидная эмаль предназначена для окраски предварительно загрунтованных металлических и деревянных поверхностей. Применяется для наружных и внутренних работ. Легко наносится на труднодоступные места, имеет хорошую укрывистость и атмосферостойкость, превосходную адгезию к окрашиваемой поверхности. 
', `shown` = '1' WHERE `id` = 'fea6c179-5ab6-11dc-be42-000e0c431b58';
UPDATE `ShopItems` SET `id` = 'fea6c171-5ab6-11dc-be42-000e0c431b58', `itemName` = 'Эмаль универсальная синяя 520 мл.', `group` = '9291c607-5ab3-11dc-be42-000e0c431b58', `action` = '0', `amount` = '51', `minAmount` = '30', `description` = 'Высококачественная алкидная эмаль предназначена для окраски предварительно загрунтованных металлических и деревянных поверхностей. Применяется для наружных и внутренних работ. Легко наносится на труднодоступные места, имеет хорошую укрывистость и атмосферостойкость, превосходную адгезию к окрашиваемой поверхности. 
', `shown` = '1' WHERE `id` = 'fea6c171-5ab6-11dc-be42-000e0c431b58';
UPDATE `ShopItems` SET `id` = 'fea6c17f-5ab6-11dc-be42-000e0c431b58', `itemName` = 'Эмаль универсальная сиреневая 520 мл.', `group` = '9291c607-5ab3-11dc-be42-000e0c431b58', `action` = '0', `amount` = '36', `minAmount` = '28', `description` = 'Высококачественная алкидная эмаль предназначена для окраски предварительно загрунтованных металлических и деревянных поверхностей. Применяется для наружных и внутренних работ. Легко наносится на труднодоступные места, имеет хорошую укрывистость и атмосферостойкость, превосходную адгезию к окрашиваемой поверхности. 
', `shown` = '1' WHERE `id` = 'fea6c17f-5ab6-11dc-be42-000e0c431b58';
UPDATE `ShopItems` SET `id` = 'fea6c169-5ab6-11dc-be42-000e0c431b58', `itemName` = 'Эмаль универсальная темно-зеленая 520 мл.', `group` = '9291c607-5ab3-11dc-be42-000e0c431b58', `action` = '0', `amount` = '38', `minAmount` = '29', `description` = 'Высококачественная алкидная эмаль предназначена для окраски предварительно загрунтованных металлических и деревянных поверхностей. Применяется для наружных и внутренних работ. Легко наносится на труднодоступные места, имеет хорошую укрывистость и атмосферостойкость, превосходную адгезию к окрашиваемой поверхности. 
', `shown` = '1' WHERE `id` = 'fea6c169-5ab6-11dc-be42-000e0c431b58';
UPDATE `ShopItems` SET `id` = 'fea6c16b-5ab6-11dc-be42-000e0c431b58', `itemName` = 'Эмаль универсальная фисташковая 520 мл.', `group` = '9291c607-5ab3-11dc-be42-000e0c431b58', `action` = '0', `amount` = '39', `minAmount` = '27', `description` = 'Высококачественная алкидная эмаль предназначена для окраски предварительно загрунтованных металлических и деревянных поверхностей. Применяется для наружных и внутренних работ. Легко наносится на труднодоступные места, имеет хорошую укрывистость и атмосферостойкость, превосходную адгезию к окрашиваемой поверхности. 
', `shown` = '1' WHERE `id` = 'fea6c16b-5ab6-11dc-be42-000e0c431b58';
UPDATE `ShopItems` SET `id` = 'fea6c165-5ab6-11dc-be42-000e0c431b58', `itemName` = 'Эмаль универсальная хаки 520 мл.', `group` = '9291c607-5ab3-11dc-be42-000e0c431b58', `action` = '0', `amount` = '52', `minAmount` = '27', `description` = 'Высококачественная алкидная эмаль предназначена для окраски предварительно загрунтованных металлических и деревянных поверхностей. Применяется для наружных и внутренних работ. Легко наносится на труднодоступные места, имеет хорошую укрывистость и атмосферостойкость, превосходную адгезию к окрашиваемой поверхности. 
', `shown` = '1' WHERE `id` = 'fea6c165-5ab6-11dc-be42-000e0c431b58';
UPDATE `ShopItems` SET `id` = 'fea6c189-5ab6-11dc-be42-000e0c431b58', `itemName` = 'Эмаль универсальная хром 520 мл.', `group` = '9291c607-5ab3-11dc-be42-000e0c431b58', `action` = '0', `amount` = '62', `minAmount` = '44', `description` = 'Высококачественная алкидная эмаль предназначена для окраски предварительно загрунтованных металлических и деревянных поверхностей. Применяется для наружных и внутренних работ. Легко наносится на труднодоступные места, имеет хорошую укрывистость и атмосферостойкость, превосходную адгезию к окрашиваемой поверхности. 
', `shown` = '1' WHERE `id` = 'fea6c189-5ab6-11dc-be42-000e0c431b58';
UPDATE `ShopItems` SET `id` = '9291c63c-5ab3-11dc-be42-000e0c431b58', `itemName` = 'Эмаль универсальная черная глянцевая 520 мл.', `group` = '9291c607-5ab3-11dc-be42-000e0c431b58', `action` = '0', `amount` = '91', `minAmount` = '51', `description` = 'Высококачественная алкидная эмаль предназначена для окраски предварительно загрунтованных металлических и деревянных поверхностей. Применяется для наружных и внутренних работ. Легко наносится на труднодоступные места, имеет хорошую укрывистость и атмосферостойкость, превосходную адгезию к окрашиваемой поверхности. 
', `shown` = '1' WHERE `id` = '9291c63c-5ab3-11dc-be42-000e0c431b58';
UPDATE `ShopItems` SET `id` = 'fea6c191-5ab6-11dc-be42-000e0c431b58', `itemName` = 'Эмаль универсальная черная матовая 520 мл.', `group` = '9291c607-5ab3-11dc-be42-000e0c431b58', `action` = '0', `amount` = '99', `minAmount` = '51', `description` = 'Высококачественная алкидная эмаль предназначена для окраски предварительно загрунтованных металлических и деревянных поверхностей. Применяется для наружных и внутренних работ. Легко наносится на труднодоступные места, имеет хорошую укрывистость и атмосферостойкость, превосходную адгезию к окрашиваемой поверхности. 
', `shown` = '1' WHERE `id` = 'fea6c191-5ab6-11dc-be42-000e0c431b58';
UPDATE `ShopItems` SET `id` = '076d213b-4380-11de-8f53-000e0c431b58', `itemName` = 'Грунт-эмаль по ржавчине белая 0,75л  DALI', `group` = '01f691f2-87cd-11de-8f0e-000e0c431b58', `action` = '0', `amount` = '242', `minAmount` = '45', `description` = 'Применяется для наружных и внутренних работ для окрашивания цветных металлов, оцинкованного металла и нержавеющей стали. Металлическую поверхность, обработанную грунт-эмалью, эффективно защищает от образования коррозии и создает атмосферостойкое, водостойкое покрытие.', `shown` = '1' WHERE `id` = '076d213b-4380-11de-8f53-000e0c431b58';
UPDATE `ShopItems` SET `id` = 'da49edc1-58f9-11e0-894e-000e0c431b58', `itemName` = 'Грунт-эмаль по ржавчине белая 10л  DALI', `group` = '01f691f2-87cd-11de-8f0e-000e0c431b58', `action` = '0', `amount` = '0', `minAmount` = '0', `description` = 'Применяется для наружных и внутренних работ для окрашивания цветных металлов, оцинкованного металла и нержавеющей стали. Металлическую поверхность, обработанную грунт-эмалью, эффективно защищает от образования коррозии и создает атмосферостойкое, водостойкое покрытие.', `shown` = '1' WHERE `id` = 'da49edc1-58f9-11e0-894e-000e0c431b58';
UPDATE `ShopItems` SET `id` = '076d213d-4380-11de-8f53-000e0c431b58', `itemName` = 'Грунт-эмаль по ржавчине белая 2л  DALI', `group` = '01f691f2-87cd-11de-8f0e-000e0c431b58', `action` = '0', `amount` = '202', `minAmount` = '36', `description` = 'Применяется для наружных и внутренних работ для окрашивания цветных металлов, оцинкованного металла и нержавеющей стали. Металлическую поверхность, обработанную грунт-эмалью, эффективно защищает от образования коррозии и создает атмосферостойкое, водостойкое покрытие.', `shown` = '1' WHERE `id` = '076d213d-4380-11de-8f53-000e0c431b58';
UPDATE `ShopItems` SET `id` = 'df210450-93af-11e3-82a4-005056be1f7b', `itemName` = 'Грунт-эмаль по ржавчине жёлтый 0,75л  DALI', `group` = '01f691f2-87cd-11de-8f0e-000e0c431b58', `action` = '0', `amount` = '62', `minAmount` = '25', `description` = 'Применяется для наружных и внутренних работ для окрашивания цветных металлов, оцинкованного металла и нержавеющей стали. Металлическую поверхность, обработанную грунт-эмалью, эффективно защищает от образования коррозии и создает атмосферостойкое, водостойкое покрытие.', `shown` = '1' WHERE `id` = 'df210450-93af-11e3-82a4-005056be1f7b';
UPDATE `ShopItems` SET `id` = 'f0ad1dd1-1f91-11e4-9591-005056be1f7b', `itemName` = 'Грунт-эмаль по ржавчине жёлтый 10л  DALI', `group` = '01f691f2-87cd-11de-8f0e-000e0c431b58', `action` = '0', `amount` = '1', `minAmount` = '0', `description` = 'Применяется для наружных и внутренних работ для окрашивания цветных металлов, оцинкованного металла и нержавеющей стали. Металлическую поверхность, обработанную грунт-эмалью, эффективно защищает от образования коррозии и создает атмосферостойкое, водостойкое покрытие.', `shown` = '1' WHERE `id` = 'f0ad1dd1-1f91-11e4-9591-005056be1f7b';
UPDATE `ShopItems` SET `id` = 'e8976171-93af-11e3-82a4-005056be1f7b', `itemName` = 'Грунт-эмаль по ржавчине жёлтый 2л  DALI', `group` = '01f691f2-87cd-11de-8f0e-000e0c431b58', `action` = '0', `amount` = '59', `minAmount` = '22', `description` = 'Применяется для наружных и внутренних работ для окрашивания цветных металлов, оцинкованного металла и нержавеющей стали. Металлическую поверхность, обработанную грунт-эмалью, эффективно защищает от образования коррозии и создает атмосферостойкое, водостойкое покрытие.', `shown` = '1' WHERE `id` = 'e8976171-93af-11e3-82a4-005056be1f7b';
UPDATE `ShopItems` SET `id` = '076d214b-4380-11de-8f53-000e0c431b58', `itemName` = 'Грунт-эмаль по ржавчине зеленая 0,75л  DALI', `group` = '01f691f2-87cd-11de-8f0e-000e0c431b58', `action` = '0', `amount` = '130', `minAmount` = '36', `description` = 'Применяется для наружных и внутренних работ для окрашивания цветных металлов, оцинкованного металла и нержавеющей стали. Металлическую поверхность, обработанную грунт-эмалью, эффективно защищает от образования коррозии и создает атмосферостойкое, водостойкое покрытие.', `shown` = '1' WHERE `id` = '076d214b-4380-11de-8f53-000e0c431b58';
UPDATE `ShopItems` SET `id` = 'da49edc3-58f9-11e0-894e-000e0c431b58', `itemName` = 'Грунт-эмаль по ржавчине зеленая 10л  DALI', `group` = '01f691f2-87cd-11de-8f0e-000e0c431b58', `action` = '0', `amount` = '0', `minAmount` = '0', `description` = 'Применяется для наружных и внутренних работ для окрашивания цветных металлов, оцинкованного металла и нержавеющей стали. Металлическую поверхность, обработанную грунт-эмалью, эффективно защищает от образования коррозии и создает атмосферостойкое, водостойкое покрытие.', `shown` = '1' WHERE `id` = 'da49edc3-58f9-11e0-894e-000e0c431b58';
UPDATE `ShopItems` SET `id` = '076d214d-4380-11de-8f53-000e0c431b58', `itemName` = 'Грунт-эмаль по ржавчине зеленая 2л  DALI', `group` = '01f691f2-87cd-11de-8f0e-000e0c431b58', `action` = '0', `amount` = '147', `minAmount` = '40', `description` = 'Применяется для наружных и внутренних работ для окрашивания цветных металлов, оцинкованного металла и нержавеющей стали. Металлическую поверхность, обработанную грунт-эмалью, эффективно защищает от образования коррозии и создает атмосферостойкое, водостойкое покрытие.', `shown` = '1' WHERE `id` = '076d214d-4380-11de-8f53-000e0c431b58';
UPDATE `ShopItems` SET `id` = '076d213f-4380-11de-8f53-000e0c431b58', `itemName` = 'Грунт-эмаль по ржавчине коричневая 0,75л  DALI', `group` = '01f691f2-87cd-11de-8f0e-000e0c431b58', `action` = '0', `amount` = '291', `minAmount` = '42', `description` = 'Применяется для наружных и внутренних работ для окрашивания цветных металлов, оцинкованного металла и нержавеющей стали. Металлическую поверхность, обработанную грунт-эмалью, эффективно защищает от образования коррозии и создает атмосферостойкое, водостойкое покрытие.', `shown` = '1' WHERE `id` = '076d213f-4380-11de-8f53-000e0c431b58';
UPDATE `ShopItems` SET `id` = 'da49edc5-58f9-11e0-894e-000e0c431b58', `itemName` = 'Грунт-эмаль по ржавчине коричневая 10л  DALI', `group` = '01f691f2-87cd-11de-8f0e-000e0c431b58', `action` = '0', `amount` = '2', `minAmount` = '0', `description` = 'Применяется для наружных и внутренних работ для окрашивания цветных металлов, оцинкованного металла и нержавеющей стали. Металлическую поверхность, обработанную грунт-эмалью, эффективно защищает от образования коррозии и создает атмосферостойкое, водостойкое покрытие.', `shown` = '1' WHERE `id` = 'da49edc5-58f9-11e0-894e-000e0c431b58';
UPDATE `ShopItems` SET `id` = '076d2141-4380-11de-8f53-000e0c431b58', `itemName` = 'Грунт-эмаль по ржавчине коричневая 2л  DALI', `group` = '01f691f2-87cd-11de-8f0e-000e0c431b58', `action` = '0', `amount` = '339', `minAmount` = '42', `description` = 'Применяется для наружных и внутренних работ для окрашивания цветных металлов, оцинкованного металла и нержавеющей стали. Металлическую поверхность, обработанную грунт-эмалью, эффективно защищает от образования коррозии и создает атмосферостойкое, водостойкое покрытие.', `shown` = '1' WHERE `id` = '076d2141-4380-11de-8f53-000e0c431b58';
UPDATE `ShopItems` SET `id` = '076d2143-4380-11de-8f53-000e0c431b58', `itemName` = 'Грунт-эмаль по ржавчине красно-коричневая 0,75л  DALI', `group` = '01f691f2-87cd-11de-8f0e-000e0c431b58', `action` = '0', `amount` = '184', `minAmount` = '42', `description` = 'Применяется для наружных и внутренних работ для окрашивания цветных металлов, оцинкованного металла и нержавеющей стали. Металлическую поверхность, обработанную грунт-эмалью, эффективно защищает от образования коррозии и создает атмосферостойкое, водостойкое покрытие.', `shown` = '1' WHERE `id` = '076d2143-4380-11de-8f53-000e0c431b58';
UPDATE `ShopItems` SET `id` = 'da49edc7-58f9-11e0-894e-000e0c431b58', `itemName` = 'Грунт-эмаль по ржавчине красно-коричневая 10л  DALI', `group` = '01f691f2-87cd-11de-8f0e-000e0c431b58', `action` = '0', `amount` = '23', `minAmount` = '3', `description` = 'Применяется для наружных и внутренних работ для окрашивания цветных металлов, оцинкованного металла и нержавеющей стали. Металлическую поверхность, обработанную грунт-эмалью, эффективно защищает от образования коррозии и создает атмосферостойкое, водостойкое покрытие.', `shown` = '1' WHERE `id` = 'da49edc7-58f9-11e0-894e-000e0c431b58';
UPDATE `ShopItems` SET `id` = '076d2145-4380-11de-8f53-000e0c431b58', `itemName` = 'Грунт-эмаль по ржавчине красно-коричневая 2л  DALI', `group` = '01f691f2-87cd-11de-8f0e-000e0c431b58', `action` = '0', `amount` = '245', `minAmount` = '37', `description` = 'Применяется для наружных и внутренних работ для окрашивания цветных металлов, оцинкованного металла и нержавеющей стали. Металлическую поверхность, обработанную грунт-эмалью, эффективно защищает от образования коррозии и создает атмосферостойкое, водостойкое покрытие.', `shown` = '1' WHERE `id` = '076d2145-4380-11de-8f53-000e0c431b58';
UPDATE `ShopItems` SET `id` = 'fbb89466-93af-11e3-82a4-005056be1f7b', `itemName` = 'Грунт-эмаль по ржавчине красный 0,75л  DALI', `group` = '01f691f2-87cd-11de-8f0e-000e0c431b58', `action` = '0', `amount` = '23', `minAmount` = '21', `description` = 'Применяется для наружных и внутренних работ для окрашивания цветных металлов, оцинкованного металла и нержавеющей стали. Металлическую поверхность, обработанную грунт-эмалью, эффективно защищает от образования коррозии и создает атмосферостойкое, водостойкое покрытие.', `shown` = '1' WHERE `id` = 'fbb89466-93af-11e3-82a4-005056be1f7b';
UPDATE `ShopItems` SET `id` = '04834f06-93b0-11e3-82a4-005056be1f7b', `itemName` = 'Грунт-эмаль по ржавчине красный 2л  DALI', `group` = '01f691f2-87cd-11de-8f0e-000e0c431b58', `action` = '0', `amount` = '14', `minAmount` = '19', `description` = 'Применяется для наружных и внутренних работ для окрашивания цветных металлов, оцинкованного металла и нержавеющей стали. Металлическую поверхность, обработанную грунт-эмалью, эффективно защищает от образования коррозии и создает атмосферостойкое, водостойкое покрытие.', `shown` = '1' WHERE `id` = '04834f06-93b0-11e3-82a4-005056be1f7b';
UPDATE `ShopItems` SET `id` = '076d2147-4380-11de-8f53-000e0c431b58', `itemName` = 'Грунт-эмаль по ржавчине серая 0,75л  DALI', `group` = '01f691f2-87cd-11de-8f0e-000e0c431b58', `action` = '0', `amount` = '502', `minAmount` = '52', `description` = 'Применяется для наружных и внутренних работ для окрашивания цветных металлов, оцинкованного металла и нержавеющей стали. Металлическую поверхность, обработанную грунт-эмалью, эффективно защищает от образования коррозии и создает атмосферостойкое, водостойкое покрытие.', `shown` = '1' WHERE `id` = '076d2147-4380-11de-8f53-000e0c431b58';
UPDATE `ShopItems` SET `id` = 'da49edc9-58f9-11e0-894e-000e0c431b58', `itemName` = 'Грунт-эмаль по ржавчине серая 10л  DALI', `group` = '01f691f2-87cd-11de-8f0e-000e0c431b58', `action` = '0', `amount` = '42', `minAmount` = '0', `description` = 'Применяется для наружных и внутренних работ для окрашивания цветных металлов, оцинкованного металла и нержавеющей стали. Металлическую поверхность, обработанную грунт-эмалью, эффективно защищает от образования коррозии и создает атмосферостойкое, водостойкое покрытие.', `shown` = '1' WHERE `id` = 'da49edc9-58f9-11e0-894e-000e0c431b58';
UPDATE `ShopItems` SET `id` = '076d2149-4380-11de-8f53-000e0c431b58', `itemName` = 'Грунт-эмаль по ржавчине серая 2л  DALI', `group` = '01f691f2-87cd-11de-8f0e-000e0c431b58', `action` = '0', `amount` = '602', `minAmount` = '46', `description` = 'Применяется для наружных и внутренних работ для окрашивания цветных металлов, оцинкованного металла и нержавеющей стали. Металлическую поверхность, обработанную грунт-эмалью, эффективно защищает от образования коррозии и создает атмосферостойкое, водостойкое покрытие.', `shown` = '1' WHERE `id` = '076d2149-4380-11de-8f53-000e0c431b58';
UPDATE `ShopItems` SET `id` = '1bd57597-93b0-11e3-82a4-005056be1f7b', `itemName` = 'Грунт-эмаль по ржавчине синий 0,75л  DALI', `group` = '01f691f2-87cd-11de-8f0e-000e0c431b58', `action` = '0', `amount` = '39', `minAmount` = '25', `description` = 'Применяется для наружных и внутренних работ для окрашивания цветных металлов, оцинкованного металла и нержавеющей стали. Металлическую поверхность, обработанную грунт-эмалью, эффективно защищает от образования коррозии и создает атмосферостойкое, водостойкое покрытие.', `shown` = '1' WHERE `id` = '1bd57597-93b0-11e3-82a4-005056be1f7b';
UPDATE `ShopItems` SET `id` = '13ce3df2-93b0-11e3-82a4-005056be1f7b', `itemName` = 'Грунт-эмаль по ржавчине синий 2л  DALI', `group` = '01f691f2-87cd-11de-8f0e-000e0c431b58', `action` = '0', `amount` = '44', `minAmount` = '19', `description` = 'Применяется для наружных и внутренних работ для окрашивания цветных металлов, оцинкованного металла и нержавеющей стали. Металлическую поверхность, обработанную грунт-эмалью, эффективно защищает от образования коррозии и создает атмосферостойкое, водостойкое покрытие.', `shown` = '1' WHERE `id` = '13ce3df2-93b0-11e3-82a4-005056be1f7b';
UPDATE `ShopItems` SET `id` = '076d2137-4380-11de-8f53-000e0c431b58', `itemName` = 'Грунт-эмаль по ржавчине черная 0,75л  DALI', `group` = '01f691f2-87cd-11de-8f0e-000e0c431b58', `action` = '0', `amount` = '391', `minAmount` = '75', `description` = 'Применяется для наружных и внутренних работ для окрашивания цветных металлов, оцинкованного металла и нержавеющей стали. Металлическую поверхность, обработанную грунт-эмалью, эффективно защищает от образования коррозии и создает атмосферостойкое, водостойкое покрытие.', `shown` = '1' WHERE `id` = '076d2137-4380-11de-8f53-000e0c431b58';
UPDATE `ShopItems` SET `id` = 'da49edcb-58f9-11e0-894e-000e0c431b58', `itemName` = 'Грунт-эмаль по ржавчине черная 10л  DALI', `group` = '01f691f2-87cd-11de-8f0e-000e0c431b58', `action` = '0', `amount` = '0', `minAmount` = '5', `description` = 'Применяется для наружных и внутренних работ для окрашивания цветных металлов, оцинкованного металла и нержавеющей стали. Металлическую поверхность, обработанную грунт-эмалью, эффективно защищает от образования коррозии и создает атмосферостойкое, водостойкое покрытие.', `shown` = '1' WHERE `id` = 'da49edcb-58f9-11e0-894e-000e0c431b58';
UPDATE `ShopItems` SET `id` = '076d2139-4380-11de-8f53-000e0c431b58', `itemName` = 'Грунт-эмаль по ржавчине черная 2л  DALI', `group` = '01f691f2-87cd-11de-8f0e-000e0c431b58', `action` = '0', `amount` = '327', `minAmount` = '53', `description` = 'Применяется для наружных и внутренних работ для окрашивания цветных металлов, оцинкованного металла и нержавеющей стали. Металлическую поверхность, обработанную грунт-эмалью, эффективно защищает от образования коррозии и создает атмосферостойкое, водостойкое покрытие.', `shown` = '1' WHERE `id` = '076d2139-4380-11de-8f53-000e0c431b58';
UPDATE `ShopItems` SET `id` = 'b182dc51-f994-11e2-98ef-005056be3574', `itemName` = 'Молотковая грунт-эмаль по ржавчине зеленая 0,75л  DALI', `group` = '01f691f2-87cd-11de-8f0e-000e0c431b58', `action` = '0', `amount` = '42', `minAmount` = '26', `description` = 'Применяется по любым металлическим поверхностям: решетки, ограды, гаражи, различные металлоконструкции, автомобильные детали и др. внутри помещений и в условиях атмосферного воздействия.', `shown` = '1' WHERE `id` = 'b182dc51-f994-11e2-98ef-005056be3574';
UPDATE `ShopItems` SET `id` = 'c4df9e0d-00c0-11e2-a554-005056be3bd8', `itemName` = 'Молотковая грунт-эмаль по ржавчине коричневая 0,75л  DALI', `group` = '01f691f2-87cd-11de-8f0e-000e0c431b58', `action` = '0', `amount` = '167', `minAmount` = '23', `description` = 'Применяется по любым металлическим поверхностям: решетки, ограды, гаражи, различные металлоконструкции, автомобильные детали и др. внутри помещений и в условиях атмосферного воздействия.', `shown` = '1' WHERE `id` = 'c4df9e0d-00c0-11e2-a554-005056be3bd8';
UPDATE `ShopItems` SET `id` = 'c4df9e0f-00c0-11e2-a554-005056be3bd8', `itemName` = 'Молотковая грунт-эмаль по ржавчине медная 0,75л  DALI', `group` = '01f691f2-87cd-11de-8f0e-000e0c431b58', `action` = '0', `amount` = '79', `minAmount` = '23', `description` = 'Применяется по любым металлическим поверхностям: решетки, ограды, гаражи, различные металлоконструкции, автомобильные детали и др. внутри помещений и в условиях атмосферного воздействия.', `shown` = '1' WHERE `id` = 'c4df9e0f-00c0-11e2-a554-005056be3bd8';
UPDATE `ShopItems` SET `id` = 'c4df9e13-00c0-11e2-a554-005056be3bd8', `itemName` = 'Молотковая грунт-эмаль по ржавчине серая 0,75л  DALI', `group` = '01f691f2-87cd-11de-8f0e-000e0c431b58', `action` = '0', `amount` = '85', `minAmount` = '23', `description` = 'Применяется по любым металлическим поверхностям: решетки, ограды, гаражи, различные металлоконструкции, автомобильные детали и др. внутри помещений и в условиях атмосферного воздействия.', `shown` = '1' WHERE `id` = 'c4df9e13-00c0-11e2-a554-005056be3bd8';
UPDATE `ShopItems` SET `id` = 'c4df9e11-00c0-11e2-a554-005056be3bd8', `itemName` = 'Молотковая грунт-эмаль по ржавчине серебристая 0,75л  DALI', `group` = '01f691f2-87cd-11de-8f0e-000e0c431b58', `action` = '0', `amount` = '139', `minAmount` = '23', `description` = 'Применяется по любым металлическим поверхностям: решетки, ограды, гаражи, различные металлоконструкции, автомобильные детали и др. внутри помещений и в условиях атмосферного воздействия.', `shown` = '1' WHERE `id` = 'c4df9e11-00c0-11e2-a554-005056be3bd8';
UPDATE `ShopItems` SET `id` = '82ebcce8-bce7-11e4-a1f3-005056be1f7b', `itemName` = 'Молотковая грунт-эмаль по ржавчине серебристая 10 л  DALI', `group` = '01f691f2-87cd-11de-8f0e-000e0c431b58', `action` = '0', `amount` = '0', `minAmount` = '0', `description` = 'Применяется по любым металлическим поверхностям: решетки, ограды, гаражи, различные металлоконструкции, автомобильные детали и др. внутри помещений и в условиях атмосферного воздействия.', `shown` = '1' WHERE `id` = '82ebcce8-bce7-11e4-a1f3-005056be1f7b';
UPDATE `ShopItems` SET `id` = '3479e733-bce7-11e4-a1f3-005056be1f7b', `itemName` = 'Молотковая грунт-эмаль по ржавчине серебристая 2 л  DALI', `group` = '01f691f2-87cd-11de-8f0e-000e0c431b58', `action` = '0', `amount` = '0', `minAmount` = '0', `description` = 'Применяется по любым металлическим поверхностям: решетки, ограды, гаражи, различные металлоконструкции, автомобильные детали и др. внутри помещений и в условиях атмосферного воздействия.', `shown` = '1' WHERE `id` = '3479e733-bce7-11e4-a1f3-005056be1f7b';
UPDATE `ShopItems` SET `id` = 'b182dc4f-f994-11e2-98ef-005056be3574', `itemName` = 'Молотковая грунт-эмаль по ржавчине черная 0,75л  DALI', `group` = '01f691f2-87cd-11de-8f0e-000e0c431b58', `action` = '0', `amount` = '91', `minAmount` = '26', `description` = 'Применяется по любым металлическим поверхностям: решетки, ограды, гаражи, различные металлоконструкции, автомобильные детали и др. внутри помещений и в условиях атмосферного воздействия.', `shown` = '1' WHERE `id` = 'b182dc4f-f994-11e2-98ef-005056be3574';
UPDATE `ShopItems` SET `id` = 'a6f80c96-516a-11dd-a89a-000e0c431b58', `itemName` = 'Краска ВД акриловая д/обоев DALI 2,5л (Рогнеда)', `group` = 'a6f80c91-516a-11dd-a89a-000e0c431b58', `action` = '0', `amount` = '197', `minAmount` = '35', `description` = 'Краска DALI акриловая для обоев обладает отличной адгезией к бумажным, флизелиновым и стеклообоям. Благодаря специально разработанному составу, краска DALI обладает хорошей укрывистостью и без проблем наносится на обои под покраску, сохраняя фактуру. Так же краска DALI может быть нанесена на минеральные поверхности, такие как гипсокартон, штукатурки, шпатлевки и тому подобные покрытия. Единственным условием к поверхности - нормальная влажность и температура в помещении, в котором производятся работы. Краска Dali содержит в составе специальные антибактериальные добавки, препятствующие образованию и размножению био организмов и бактерий. Кроме того краска DALI устойчива к влажной уборке и применению моющих средств, что делает стены и потолок помещения долговечными. Существуют две разновидности краски DALI - база А, подходящая и для машинной и для ручной колеровки, и база С, подходящая только для машинной колеровки. Купить и заколеровать краску DALI, а так же другую продукцию компании Рогнеда Вы можете в интернет магазине СтройБери, а так же в сети розничных магазинов.', `shown` = '1' WHERE `id` = 'a6f80c96-516a-11dd-a89a-000e0c431b58';
UPDATE `ShopItems` SET `id` = 'a6f80c98-516a-11dd-a89a-000e0c431b58', `itemName` = 'Краска ВД акриловая д/обоев DALI 5л (Рогнеда)', `group` = 'a6f80c91-516a-11dd-a89a-000e0c431b58', `action` = '0', `amount` = '136', `minAmount` = '30', `description` = 'Краска DALI акриловая для обоев обладает отличной адгезией к бумажным, флизелиновым и стеклообоям. Благодаря специально разработанному составу, краска DALI обладает хорошей укрывистостью и без проблем наносится на обои под покраску, сохраняя фактуру. Так же краска DALI может быть нанесена на минеральные поверхности, такие как гипсокартон, штукатурки, шпатлевки и тому подобные покрытия. Единственным условием к поверхности - нормальная влажность и температура в помещении, в котором производятся работы. Краска Dali содержит в составе специальные антибактериальные добавки, препятствующие образованию и размножению био организмов и бактерий. Кроме того краска DALI устойчива к влажной уборке и применению моющих средств, что делает стены и потолок помещения долговечными. Существуют две разновидности краски DALI - база А, подходящая и для машинной и для ручной колеровки, и база С, подходящая только для машинной колеровки. Купить и заколеровать краску DALI, а так же другую продукцию компании Рогнеда Вы можете в интернет магазине СтройБери, а так же в сети розничных магазинов.', `shown` = '1' WHERE `id` = 'a6f80c98-516a-11dd-a89a-000e0c431b58';
UPDATE `ShopItems` SET `id` = '56a6f723-ea03-11de-860d-000e0c431b58', `itemName` = 'Краска ВД акриловая д/обоев DALI 9л (Рогнеда)', `group` = 'a6f80c91-516a-11dd-a89a-000e0c431b58', `action` = '0', `amount` = '134', `minAmount` = '29', `description` = 'Краска DALI акриловая для обоев обладает отличной адгезией к бумажным, флизелиновым и стеклообоям. Благодаря специально разработанному составу, краска DALI обладает хорошей укрывистостью и без проблем наносится на обои под покраску, сохраняя фактуру. Так же краска DALI может быть нанесена на минеральные поверхности, такие как гипсокартон, штукатурки, шпатлевки и тому подобные покрытия. Единственным условием к поверхности - нормальная влажность и температура в помещении, в котором производятся работы. Краска Dali содержит в составе специальные антибактериальные добавки, препятствующие образованию и размножению био организмов и бактерий. Кроме того краска DALI устойчива к влажной уборке и применению моющих средств, что делает стены и потолок помещения долговечными. Существуют две разновидности краски DALI - база А, подходящая и для машинной и для ручной колеровки, и база С, подходящая только для машинной колеровки. Купить и заколеровать краску DALI, а так же другую продукцию компании Рогнеда Вы можете в интернет магазине СтройБери, а так же в сети розничных магазинов.', `shown` = '1' WHERE `id` = '56a6f723-ea03-11de-860d-000e0c431b58';
UPDATE `ShopItems` SET `id` = 'a6f80c9c-516a-11dd-a89a-000e0c431b58', `itemName` = 'Краска ВД акриловая д/потолков DALI 2,5л (Рогнеда)', `group` = 'a6f80c91-516a-11dd-a89a-000e0c431b58', `action` = '0', `amount` = '273', `minAmount` = '35', `description` = 'КРАСКА ДАЛИ АКРИЛОВАЯ ДЛЯ ПОТОЛКОВ Предназначена для декоративного окрашивания потолков в сухих жилых и общественных помещениях с низкой эксплуатационной нагрузкой.', `shown` = '1' WHERE `id` = 'a6f80c9c-516a-11dd-a89a-000e0c431b58';
UPDATE `ShopItems` SET `id` = 'a6f80c9e-516a-11dd-a89a-000e0c431b58', `itemName` = 'Краска ВД акриловая д/потолков DALI 5л (Рогнеда)', `group` = 'a6f80c91-516a-11dd-a89a-000e0c431b58', `action` = '0', `amount` = '261', `minAmount` = '38', `description` = 'КРАСКА ДАЛИ АКРИЛОВАЯ ДЛЯ ПОТОЛКОВ Предназначена для декоративного окрашивания потолков в сухих жилых и общественных помещениях с низкой эксплуатационной нагрузкой.', `shown` = '1' WHERE `id` = 'a6f80c9e-516a-11dd-a89a-000e0c431b58';
UPDATE `ShopItems` SET `id` = '992163db-a731-11de-90d4-000e0c431b58', `itemName` = 'Краска ВД акриловая д/потолков DALI 9л (Рогнеда)', `group` = 'a6f80c91-516a-11dd-a89a-000e0c431b58', `action` = '1', `amount` = '196', `minAmount` = '30', `description` = 'КРАСКА ДАЛИ АКРИЛОВАЯ ДЛЯ ПОТОЛКОВ Предназначена для декоративного окрашивания потолков в сухих жилых и общественных помещениях с низкой эксплуатационной нагрузкой.', `shown` = '1' WHERE `id` = '992163db-a731-11de-90d4-000e0c431b58';
UPDATE `ShopItems` SET `id` = 'a6f80ca2-516a-11dd-a89a-000e0c431b58', `itemName` = 'Краска ВД акриловая д/стен и потолков (PROFESSIONAL) DALI 2,5л (Рогнеда)', `group` = 'a6f80c91-516a-11dd-a89a-000e0c431b58', `action` = '0', `amount` = '354', `minAmount` = '39', `description` = 'КРАСКА ДАЛИ ДЛЯ СТЕН И ПОТОЛКОВ предназначена для декоративного и экологичного окрашивания стен и потолков внутри помещений с повышенной эксплуатационной нагрузкой. Применяется для окраски кирпичных, бетонных, оштукатуренных и других минеральных поверхностей.', `shown` = '1' WHERE `id` = 'a6f80ca2-516a-11dd-a89a-000e0c431b58';
UPDATE `ShopItems` SET `id` = 'a6f80ca4-516a-11dd-a89a-000e0c431b58', `itemName` = 'Краска ВД акриловая д/стен и потолков (PROFESSIONAL) DALI 5л (Рогнеда)', `group` = 'a6f80c91-516a-11dd-a89a-000e0c431b58', `action` = '0', `amount` = '310', `minAmount` = '34', `description` = 'КРАСКА ДАЛИ ДЛЯ СТЕН И ПОТОЛКОВ предназначена для декоративного и экологичного окрашивания стен и потолков внутри помещений с повышенной эксплуатационной нагрузкой. Применяется для окраски кирпичных, бетонных, оштукатуренных и других минеральных поверхностей.', `shown` = '1' WHERE `id` = 'a6f80ca4-516a-11dd-a89a-000e0c431b58';
UPDATE `ShopItems` SET `id` = '129c7f4d-5273-11de-8f53-000e0c431b58', `itemName` = 'Краска ВД акриловая д/стен и потолков (PROFESSIONAL) DALI 9л (Рогнеда)', `group` = 'a6f80c91-516a-11dd-a89a-000e0c431b58', `action` = '0', `amount` = '262', `minAmount` = '32', `description` = 'КРАСКА ДАЛИ ДЛЯ СТЕН И ПОТОЛКОВ предназначена для декоративного и экологичного окрашивания стен и потолков внутри помещений с повышенной эксплуатационной нагрузкой. Применяется для окраски кирпичных, бетонных, оштукатуренных и других минеральных поверхностей.', `shown` = '1' WHERE `id` = '129c7f4d-5273-11de-8f53-000e0c431b58';
UPDATE `ShopItems` SET `id` = '047805a5-fe8c-11e3-bbdb-005056be1f7b', `itemName` = 'Краска ВД акриловая д/стен и потолков (PROFESSIONAL) База С DALI 2,5л (Рогнеда)', `group` = 'a6f80c91-516a-11dd-a89a-000e0c431b58', `action` = '0', `amount` = '14', `minAmount` = '7', `description` = 'КРАСКА ДАЛИ ДЛЯ СТЕН И ПОТОЛКОВ предназначена для декоративного и экологичного окрашивания стен и потолков внутри помещений с повышенной эксплуатационной нагрузкой. Применяется для окраски кирпичных, бетонных, оштукатуренных и других минеральных поверхностей.', `shown` = '1' WHERE `id` = '047805a5-fe8c-11e3-bbdb-005056be1f7b';
UPDATE `ShopItems` SET `id` = '7a3c5db3-777c-11de-9531-000e0c431b58', `itemName` = 'Краска ВД акриловая д/стен и потолков (PROFESSIONAL) База С DALI 5л (Рогнеда)', `group` = 'a6f80c91-516a-11dd-a89a-000e0c431b58', `action` = '0', `amount` = '16', `minAmount` = '14', `description` = 'КРАСКА ДАЛИ ДЛЯ СТЕН И ПОТОЛКОВ предназначена для декоративного и экологичного окрашивания стен и потолков внутри помещений с повышенной эксплуатационной нагрузкой. Применяется для окраски кирпичных, бетонных, оштукатуренных и других минеральных поверхностей.', `shown` = '1' WHERE `id` = '7a3c5db3-777c-11de-9531-000e0c431b58';
UPDATE `ShopItems` SET `id` = '7a3c5db1-777c-11de-9531-000e0c431b58', `itemName` = 'Краска ВД акриловая д/стен и потолков (PROFESSIONAL) База С DALI 9л (Рогнеда)', `group` = 'a6f80c91-516a-11dd-a89a-000e0c431b58', `action` = '1', `amount` = '10', `minAmount` = '7', `description` = 'КРАСКА ДАЛИ ДЛЯ СТЕН И ПОТОЛКОВ предназначена для декоративного и экологичного окрашивания стен и потолков внутри помещений с повышенной эксплуатационной нагрузкой. Применяется для окраски кирпичных, бетонных, оштукатуренных и других минеральных поверхностей.', `shown` = '1' WHERE `id` = '7a3c5db1-777c-11de-9531-000e0c431b58';
UPDATE `ShopItems` SET `id` = 'e242e97f-f29b-11dd-9439-000e0c431b58', `itemName` = 'Краска ВД акриловая фасадная всесезонная База А DALI 9л (Рогнеда)', `group` = 'a6f80c91-516a-11dd-a89a-000e0c431b58', `action` = '0', `amount` = '71', `minAmount` = '17', `description` = 'КРАСКА ДАЛИ ФАСАДНАЯ ВСЕСЕЗОННАЯ DALI органорастворимая предназначена для высококачественной отделки фасадов при температуре воздуха до -20 С. Может применяться для ответственного окрашивания поверхностей на основе бетона, штукатурки, ДСП, ацеита, кирпича, пенобетона, дерева во всех климатических поясах, в том числе и в регионах со сложными атмосферными условиями. ', `shown` = '1' WHERE `id` = 'e242e97f-f29b-11dd-9439-000e0c431b58';
UPDATE `ShopItems` SET `id` = 'a6f80ca8-516a-11dd-a89a-000e0c431b58', `itemName` = 'Краска ВД акриловая фасадная особопрочная База А DALI 5л (Рогнеда)', `group` = 'a6f80c91-516a-11dd-a89a-000e0c431b58', `action` = '0', `amount` = '169', `minAmount` = '34', `description` = 'Применяется внутри и снаружи помещений по минеральным поверхностям (бетон, кирпич, гипс, цемент, гипсокартон, шпатлевка, штукатурка и др.) ', `shown` = '1' WHERE `id` = 'a6f80ca8-516a-11dd-a89a-000e0c431b58';
UPDATE `ShopItems` SET `id` = '56f519d0-4f2c-11de-8f53-000e0c431b58', `itemName` = 'Краска ВД акриловая фасадная особопрочная База А DALI 9л (Рогнеда)', `group` = 'a6f80c91-516a-11dd-a89a-000e0c431b58', `action` = '0', `amount` = '372', `minAmount` = '31', `description` = 'Применяется внутри и снаружи помещений по минеральным поверхностям (бетон, кирпич, гипс, цемент, гипсокартон, шпатлевка, штукатурка и др.) ', `shown` = '1' WHERE `id` = '56f519d0-4f2c-11de-8f53-000e0c431b58';
UPDATE `ShopItems` SET `id` = '7a3c5db7-777c-11de-9531-000e0c431b58', `itemName` = 'Краска ВД акриловая фасадная особопрочная База С DALI 5л (Рогнеда)', `group` = 'a6f80c91-516a-11dd-a89a-000e0c431b58', `action` = '0', `amount` = '27', `minAmount` = '14', `description` = 'Применяется внутри и снаружи помещений по минеральным поверхностям (бетон, кирпич, гипс, цемент, гипсокартон, шпатлевка, штукатурка и др.) ', `shown` = '1' WHERE `id` = '7a3c5db7-777c-11de-9531-000e0c431b58';
UPDATE `ShopItems` SET `id` = '7a3c5db5-777c-11de-9531-000e0c431b58', `itemName` = 'Краска ВД акриловая фасадная особопрочная База С DALI 9л (Рогнеда)', `group` = 'a6f80c91-516a-11dd-a89a-000e0c431b58', `action` = '0', `amount` = '33', `minAmount` = '9', `description` = 'Применяется внутри и снаружи помещений по минеральным поверхностям (бетон, кирпич, гипс, цемент, гипсокартон, шпатлевка, штукатурка и др.) ', `shown` = '1' WHERE `id` = '7a3c5db5-777c-11de-9531-000e0c431b58';
UPDATE `ShopItems` SET `id` = 'a6f80cac-516a-11dd-a89a-000e0c431b58', `itemName` = 'Краска ВД латексная д/кухни и ванной DALI 2,5л (Рогнеда)', `group` = 'a6f80c91-516a-11dd-a89a-000e0c431b58', `action` = '0', `amount` = '197', `minAmount` = '35', `description` = 'Латексная акриловая краска для декоративного окрашивания стен и потолков в жилых и общественных помещениях с повышенной влажностью воздуха и эксплуатационной нагрузкой. Применяется внутри помещений по минеральным поверхностям (бетон, кирпич, гипс, цемент, гипсокартон, шпатлевка, штукатурка и др.).', `shown` = '1' WHERE `id` = 'a6f80cac-516a-11dd-a89a-000e0c431b58';
UPDATE `ShopItems` SET `id` = 'a6f80cae-516a-11dd-a89a-000e0c431b58', `itemName` = 'Краска ВД латексная д/кухни и ванной DALI 5л (Рогнеда)', `group` = 'a6f80c91-516a-11dd-a89a-000e0c431b58', `action` = '0', `amount` = '145', `minAmount` = '26', `description` = 'Латексная акриловая краска для декоративного окрашивания стен и потолков в жилых и общественных помещениях с повышенной влажностью воздуха и эксплуатационной нагрузкой. Применяется внутри помещений по минеральным поверхностям (бетон, кирпич, гипс, цемент, гипсокартон, шпатлевка, штукатурка и др.).', `shown` = '1' WHERE `id` = 'a6f80cae-516a-11dd-a89a-000e0c431b58';
UPDATE `ShopItems` SET `id` = '992163dd-a731-11de-90d4-000e0c431b58', `itemName` = 'Краска ВД латексная д/кухни и ванной DALI 9л БАЗА А (Рогнеда)', `group` = 'a6f80c91-516a-11dd-a89a-000e0c431b58', `action` = '0', `amount` = '96', `minAmount` = '26', `description` = 'Латексная акриловая краска для декоративного окрашивания стен и потолков в жилых и общественных помещениях с повышенной влажностью воздуха и эксплуатационной нагрузкой. Применяется внутри помещений по минеральным поверхностям (бетон, кирпич, гипс, цемент, гипсокартон, шпатлевка, штукатурка и др.).', `shown` = '1' WHERE `id` = '992163dd-a731-11de-90d4-000e0c431b58';
UPDATE `ShopItems` SET `id` = 'e4020814-4598-11e1-8212-001cc494be80', `itemName` = 'Краска ВД латексная д/кухни и ванной DALI 9л БАЗА С (Рогнеда)', `group` = 'a6f80c91-516a-11dd-a89a-000e0c431b58', `action` = '0', `amount` = '0', `minAmount` = '0', `description` = 'Латексная акриловая краска для декоративного окрашивания стен и потолков в жилых и общественных помещениях с повышенной влажностью воздуха и эксплуатационной нагрузкой. Применяется внутри помещений по минеральным поверхностям (бетон, кирпич, гипс, цемент, гипсокартон, шпатлевка, штукатурка и др.).', `shown` = '1' WHERE `id` = 'e4020814-4598-11e1-8212-001cc494be80';
UPDATE `ShopItems` SET `id` = 'b7e2864b-21de-11df-860d-000e0c431b58', `itemName` = 'Краска фактурная Белый 18 кг ("Лакра")', `group` = '27566c6a-9ed8-11e3-96ad-005056be1f7b', `action` = '0', `amount` = '507', `minAmount` = '21', `description` = 'Краска представляет собой белую вязкую однородную массу. Удобна в нанесении, легка в обработке, имеет высокую адгезию к основанию. После высыхания краска образует декоративное рельефное покрытие, скрывающие мелкие дефекты стен. Отличается высокой твердостью и атмосферостойкостью. Возможно последующее нанесение воднодисперсионной краски другого цвета на высохшее фактурное покрытие. Готова к применению.', `shown` = '1' WHERE `id` = 'b7e2864b-21de-11df-860d-000e0c431b58';
UPDATE `ShopItems` SET `id` = 'b7e28649-21de-11df-860d-000e0c431b58', `itemName` = 'Краска фактурная Белый 9 кг ("Лакра")', `group` = '27566c6a-9ed8-11e3-96ad-005056be1f7b', `action` = '0', `amount` = '11', `minAmount` = '21', `description` = 'Краска представляет собой белую вязкую однородную массу. Удобна в нанесении, легка в обработке, имеет высокую адгезию к основанию. После высыхания краска образует декоративное рельефное покрытие, скрывающие мелкие дефекты стен. Отличается высокой твердостью и атмосферостойкостью. Возможно последующее нанесение воднодисперсионной краски другого цвета на высохшее фактурное покрытие. Готова к применению.', `shown` = '1' WHERE `id` = 'b7e28649-21de-11df-860d-000e0c431b58';
UPDATE `ShopItems` SET `id` = '963b6b0a-04a8-11e3-94de-005056be3574', `itemName` = 'Штукатурка роллерная декоративная с эффектом "короеда" Белый 15кг', `group` = '27566c6a-9ed8-11e3-96ad-005056be1f7b', `action` = '0', `amount` = '68', `minAmount` = '14', `description` = 'Штукатурка фактурная ЛАКРА с эффект "короеда", готовая к применению декоративная штукатурка повышенной белизны на основе водной акриловой дисперсии. Легко наносится валиком. Создает прочное влагостойкое, паропроницаемое покрытие, стойкое к атмосферным воздействиям и эксплуатационным нагрузкам. Обладает отличной адгезией к поверхностям из бетона, камня, гипса, цемента, кирпича, ДСП, ДВП. Не содержит растворителей, без запаха. Допускает мытье окрашенной поверхности. Колеруется в светлые оттенки.', `shown` = '1' WHERE `id` = '963b6b0a-04a8-11e3-94de-005056be3574';
UPDATE `ShopItems` SET `id` = 'f5f1fcd6-d1c2-11e3-8b7a-005056be1f7b', `itemName` = 'Штукатурка структурная декоративная с эффектом "зернистости" размер "зерна" 1,5мм Белый 15кг', `group` = '27566c6a-9ed8-11e3-96ad-005056be1f7b', `action` = '0', `amount` = '39', `minAmount` = '0', `description` = 'Для декоративной отделки поверхностей внутри и снаружи помещений. Готовая к применению декоративная штукатурка повышенной белизны на основе водной акриловой дисперсии с равномерно зернистой структурой. Скрывает небольшие неровности основания. Легко наносится. Образуемый рельеф получается плавным и приятным на ощупь. Создает прочное влагостойкое, паропроницаемое покрытие, стойкое к атмосферным воздействиям и эксплуатационным нагрузкам. Обладает отличной адгезией к поверхностям из бетона, камня, гипса, цемента, кирпича, ДСП, ДВП. Не содержит растворителей, без запаха. Размер зерна ~ 1,5 мм. Допускает мытье окрашенной поверхности.', `shown` = '1' WHERE `id` = 'f5f1fcd6-d1c2-11e3-8b7a-005056be1f7b';
UPDATE `ShopItems` SET `id` = '0916172c-947c-11e3-8d88-005056be1f7b', `itemName` = 'Штукатурка структурная декоративная с эффектом "зернистости" размер "зерна" 2мм Белый 15кг', `group` = '27566c6a-9ed8-11e3-96ad-005056be1f7b', `action` = '0', `amount` = '46', `minAmount` = '14', `description` = 'Для декоративной отделки поверхностей внутри и снаружи помещений. Готовая к применению декоративная штукатурка повышенной белизны на основе водной акриловой дисперсии с равномерно зернистой структурой. Скрывает небольшие неровности основания. Легко наносится. Образуемый рельеф получается плавным и приятным на ощупь. Создает прочное влагостойкое, паропроницаемое покрытие, стойкое к атмосферным воздействиям и эксплуатационным нагрузкам. Обладает отличной адгезией к поверхностям из бетона, камня, гипса, цемента, кирпича, ДСП, ДВП. Не содержит растворителей, без запаха. Размер зерна ~ 1,5 мм. Допускает мытье окрашенной поверхности.', `shown` = '1' WHERE `id` = '0916172c-947c-11e3-8d88-005056be1f7b';
UPDATE `ShopItems` SET `id` = 'fded4984-d1c2-11e3-8b7a-005056be1f7b', `itemName` = 'Штукатурка структурная декоративная с эффектом "зернистости" размер "зерна" 13мм Белый 15кг', `group` = '27566c6a-9ed8-11e3-96ad-005056be1f7b', `action` = '0', `amount` = '19', `minAmount` = '0', `description` = 'Для декоративной отделки поверхностей внутри и снаружи помещений. Готовая к применению декоративная штукатурка повышенной белизны на основе водной акриловой дисперсии с равномерно зернистой структурой. Скрывает небольшие неровности основания. Легко наносится. Образуемый рельеф получается плавным и приятным на ощупь. Создает прочное влагостойкое, паропроницаемое покрытие, стойкое к атмосферным воздействиям и эксплуатационным нагрузкам. Обладает отличной адгезией к поверхностям из бетона, камня, гипса, цемента, кирпича, ДСП, ДВП. Не содержит растворителей, без запаха. Размер зерна ~ 1,5 мм. Допускает мытье окрашенной поверхности.', `shown` = '1' WHERE `id` = 'fded4984-d1c2-11e3-8b7a-005056be1f7b';
UPDATE `ShopItems` SET `id` = 'd5823752-947b-11e3-8d88-005056be1f7b', `itemName` = 'Штукатурка фактурная декоративная с эффектом "шубы" Белый 15кг', `group` = '27566c6a-9ed8-11e3-96ad-005056be1f7b', `action` = '0', `amount` = '44', `minAmount` = '14', `description` = 'Готовая к применению декоративная штукатурка повышенной белизны на основе водной акриловой дисперсии. Образует на поверхности рельеф в виде «шубы». Скрывает небольшие неровности основания. Легко наносится валиком. Создает прочное влагостойкое, паропроницаемое покрытие, стойкое к атмосферным воздействиям и эксплуатационным нагрузкам. Обладает отличной адгезией к поверхностям из бетона, камня, гипса, цемента, кирпича, ДСП, ДВП. Не содержит растворителей, без запаха. Допускает мытье окрашенной поверхности.', `shown` = '1' WHERE `id` = 'd5823752-947b-11e3-8d88-005056be1f7b';
UPDATE `ShopItems` SET `id` = '076d216b-4380-11de-8f53-000e0c431b58', `itemName` = 'Колер Лакра №  1  Темно-корич. 100 мл', `group` = '076d216a-4380-11de-8f53-000e0c431b58', `action` = '0', `amount` = '136', `minAmount` = '90', `description` = 'Колер позволяет получать светлые оттенки, не оказывая влияния на глянец лакокрасочного покрытия. Предназначен для тонирования красок, штукатурок и шпатлевок на водной основе. Для декорирования фасадных поверхностей возможно использовать в концентрированном виде.', `shown` = '1' WHERE `id` = '076d216b-4380-11de-8f53-000e0c431b58';
UPDATE `ShopItems` SET `id` = '35c08333-4386-11de-8f53-000e0c431b58', `itemName` = 'Колер Лакра №  2  Зол-желт. 100 мл', `group` = '076d216a-4380-11de-8f53-000e0c431b58', `action` = '0', `amount` = '166', `minAmount` = '90', `description` = 'Колер позволяет получать светлые оттенки, не оказывая влияния на глянец лакокрасочного покрытия. Предназначен для тонирования красок, штукатурок и шпатлевок на водной основе. Для декорирования фасадных поверхностей возможно использовать в концентрированном виде.', `shown` = '1' WHERE `id` = '35c08333-4386-11de-8f53-000e0c431b58';
UPDATE `ShopItems` SET `id` = '35c08337-4386-11de-8f53-000e0c431b58', `itemName` = 'Колер Лакра №  3  Бежевый 100 мл', `group` = '076d216a-4380-11de-8f53-000e0c431b58', `action` = '0', `amount` = '42', `minAmount` = '90', `description` = 'Колер позволяет получать светлые оттенки, не оказывая влияния на глянец лакокрасочного покрытия. Предназначен для тонирования красок, штукатурок и шпатлевок на водной основе. Для декорирования фасадных поверхностей возможно использовать в концентрированном виде.', `shown` = '1' WHERE `id` = '35c08337-4386-11de-8f53-000e0c431b58';
UPDATE `ShopItems` SET `id` = '35c08339-4386-11de-8f53-000e0c431b58', `itemName` = 'Колер Лакра №  4  Кофейный 100 мл', `group` = '076d216a-4380-11de-8f53-000e0c431b58', `action` = '0', `amount` = '122', `minAmount` = '90', `description` = 'Колер позволяет получать светлые оттенки, не оказывая влияния на глянец лакокрасочного покрытия. Предназначен для тонирования красок, штукатурок и шпатлевок на водной основе. Для декорирования фасадных поверхностей возможно использовать в концентрированном виде.', `shown` = '1' WHERE `id` = '35c08339-4386-11de-8f53-000e0c431b58';
UPDATE `ShopItems` SET `id` = '35c0833b-4386-11de-8f53-000e0c431b58', `itemName` = 'Колер Лакра №  5  Коралл 100 мл', `group` = '076d216a-4380-11de-8f53-000e0c431b58', `action` = '0', `amount` = '104', `minAmount` = '83', `description` = 'Колер позволяет получать светлые оттенки, не оказывая влияния на глянец лакокрасочного покрытия. Предназначен для тонирования красок, штукатурок и шпатлевок на водной основе. Для декорирования фасадных поверхностей возможно использовать в концентрированном виде.', `shown` = '1' WHERE `id` = '35c0833b-4386-11de-8f53-000e0c431b58';
UPDATE `ShopItems` SET `id` = '35c0833d-4386-11de-8f53-000e0c431b58', `itemName` = 'Колер Лакра №  6  Апельсиновый 100 мл', `group` = '076d216a-4380-11de-8f53-000e0c431b58', `action` = '0', `amount` = '89', `minAmount` = '90', `description` = 'Колер позволяет получать светлые оттенки, не оказывая влияния на глянец лакокрасочного покрытия. Предназначен для тонирования красок, штукатурок и шпатлевок на водной основе. Для декорирования фасадных поверхностей возможно использовать в концентрированном виде.', `shown` = '1' WHERE `id` = '35c0833d-4386-11de-8f53-000e0c431b58';
UPDATE `ShopItems` SET `id` = '35c0833f-4386-11de-8f53-000e0c431b58', `itemName` = 'Колер Лакра №  7  Красный 100 мл', `group` = '076d216a-4380-11de-8f53-000e0c431b58', `action` = '0', `amount` = '153', `minAmount` = '90', `description` = 'Колер позволяет получать светлые оттенки, не оказывая влияния на глянец лакокрасочного покрытия. Предназначен для тонирования красок, штукатурок и шпатлевок на водной основе. Для декорирования фасадных поверхностей возможно использовать в концентрированном виде.', `shown` = '1' WHERE `id` = '35c0833f-4386-11de-8f53-000e0c431b58';
UPDATE `ShopItems` SET `id` = '35c08341-4386-11de-8f53-000e0c431b58', `itemName` = 'Колер Лакра №  8  Красно-кор. 100 мл', `group` = '076d216a-4380-11de-8f53-000e0c431b58', `action` = '0', `amount` = '112', `minAmount` = '90', `description` = 'Колер позволяет получать светлые оттенки, не оказывая влияния на глянец лакокрасочного покрытия. Предназначен для тонирования красок, штукатурок и шпатлевок на водной основе. Для декорирования фасадных поверхностей возможно использовать в концентрированном виде.', `shown` = '1' WHERE `id` = '35c08341-4386-11de-8f53-000e0c431b58';
UPDATE `ShopItems` SET `id` = '35c08343-4386-11de-8f53-000e0c431b58', `itemName` = 'Колер Лакра №  9  Св-корич. 100 мл', `group` = '076d216a-4380-11de-8f53-000e0c431b58', `action` = '0', `amount` = '108', `minAmount` = '90', `description` = 'Колер позволяет получать светлые оттенки, не оказывая влияния на глянец лакокрасочного покрытия. Предназначен для тонирования красок, штукатурок и шпатлевок на водной основе. Для декорирования фасадных поверхностей возможно использовать в концентрированном виде.', `shown` = '1' WHERE `id` = '35c08343-4386-11de-8f53-000e0c431b58';
UPDATE `ShopItems` SET `id` = '076d216d-4380-11de-8f53-000e0c431b58', `itemName` = 'Колер Лакра № 10  Ярко-желтый 100 мл', `group` = '076d216a-4380-11de-8f53-000e0c431b58', `action` = '0', `amount` = '194', `minAmount` = '90', `description` = 'Колер позволяет получать светлые оттенки, не оказывая влияния на глянец лакокрасочного покрытия. Предназначен для тонирования красок, штукатурок и шпатлевок на водной основе. Для декорирования фасадных поверхностей возможно использовать в концентрированном виде.', `shown` = '1' WHERE `id` = '076d216d-4380-11de-8f53-000e0c431b58';
UPDATE `ShopItems` SET `id` = '076d216f-4380-11de-8f53-000e0c431b58', `itemName` = 'Колер Лакра № 11  Желто-кор. 100 мл', `group` = '076d216a-4380-11de-8f53-000e0c431b58', `action` = '0', `amount` = '157', `minAmount` = '90', `description` = 'Колер позволяет получать светлые оттенки, не оказывая влияния на глянец лакокрасочного покрытия. Предназначен для тонирования красок, штукатурок и шпатлевок на водной основе. Для декорирования фасадных поверхностей возможно использовать в концентрированном виде.', `shown` = '1' WHERE `id` = '076d216f-4380-11de-8f53-000e0c431b58';
UPDATE `ShopItems` SET `id` = '076d2173-4380-11de-8f53-000e0c431b58', `itemName` = 'Колер Лакра № 12  Фиалка 100 мл', `group` = '076d216a-4380-11de-8f53-000e0c431b58', `action` = '0', `amount` = '122', `minAmount` = '90', `description` = 'Колер позволяет получать светлые оттенки, не оказывая влияния на глянец лакокрасочного покрытия. Предназначен для тонирования красок, штукатурок и шпатлевок на водной основе. Для декорирования фасадных поверхностей возможно использовать в концентрированном виде.', `shown` = '1' WHERE `id` = '076d2173-4380-11de-8f53-000e0c431b58';
UPDATE `ShopItems` SET `id` = '35c08325-4386-11de-8f53-000e0c431b58', `itemName` = 'Колер Лакра № 13  Салатовый 100 мл', `group` = '076d216a-4380-11de-8f53-000e0c431b58', `action` = '0', `amount` = '112', `minAmount` = '90', `description` = 'Колер позволяет получать светлые оттенки, не оказывая влияния на глянец лакокрасочного покрытия. Предназначен для тонирования красок, штукатурок и шпатлевок на водной основе. Для декорирования фасадных поверхностей возможно использовать в концентрированном виде.', `shown` = '1' WHERE `id` = '35c08325-4386-11de-8f53-000e0c431b58';
UPDATE `ShopItems` SET `id` = '35c08327-4386-11de-8f53-000e0c431b58', `itemName` = 'Колер Лакра № 14  Фисташковый 100 мл', `group` = '076d216a-4380-11de-8f53-000e0c431b58', `action` = '0', `amount` = '200', `minAmount` = '90', `description` = 'Колер позволяет получать светлые оттенки, не оказывая влияния на глянец лакокрасочного покрытия. Предназначен для тонирования красок, штукатурок и шпатлевок на водной основе. Для декорирования фасадных поверхностей возможно использовать в концентрированном виде.', `shown` = '1' WHERE `id` = '35c08327-4386-11de-8f53-000e0c431b58';
UPDATE `ShopItems` SET `id` = '35c08329-4386-11de-8f53-000e0c431b58', `itemName` = 'Колер Лакра № 15  Морская волна 100 мл', `group` = '076d216a-4380-11de-8f53-000e0c431b58', `action` = '0', `amount` = '82', `minAmount` = '83', `description` = 'Колер позволяет получать светлые оттенки, не оказывая влияния на глянец лакокрасочного покрытия. Предназначен для тонирования красок, штукатурок и шпатлевок на водной основе. Для декорирования фасадных поверхностей возможно использовать в концентрированном виде.', `shown` = '1' WHERE `id` = '35c08329-4386-11de-8f53-000e0c431b58';
UPDATE `ShopItems` SET `id` = '35c0832b-4386-11de-8f53-000e0c431b58', `itemName` = 'Колер Лакра № 16  Изумрудный 100 мл', `group` = '076d216a-4380-11de-8f53-000e0c431b58', `action` = '0', `amount` = '70', `minAmount` = '90', `description` = 'Колер позволяет получать светлые оттенки, не оказывая влияния на глянец лакокрасочного покрытия. Предназначен для тонирования красок, штукатурок и шпатлевок на водной основе. Для декорирования фасадных поверхностей возможно использовать в концентрированном виде.', `shown` = '1' WHERE `id` = '35c0832b-4386-11de-8f53-000e0c431b58';
UPDATE `ShopItems` SET `id` = '35c0832d-4386-11de-8f53-000e0c431b58', `itemName` = 'Колер Лакра № 17  Синий 100 мл', `group` = '076d216a-4380-11de-8f53-000e0c431b58', `action` = '0', `amount` = '92', `minAmount` = '90', `description` = 'Колер позволяет получать светлые оттенки, не оказывая влияния на глянец лакокрасочного покрытия. Предназначен для тонирования красок, штукатурок и шпатлевок на водной основе. Для декорирования фасадных поверхностей возможно использовать в концентрированном виде.', `shown` = '1' WHERE `id` = '35c0832d-4386-11de-8f53-000e0c431b58';
UPDATE `ShopItems` SET `id` = '35c0832f-4386-11de-8f53-000e0c431b58', `itemName` = 'Колер Лакра № 18  Черный 100 мл', `group` = '076d216a-4380-11de-8f53-000e0c431b58', `action` = '0', `amount` = '291', `minAmount` = '90', `description` = 'Колер позволяет получать светлые оттенки, не оказывая влияния на глянец лакокрасочного покрытия. Предназначен для тонирования красок, штукатурок и шпатлевок на водной основе. Для декорирования фасадных поверхностей возможно использовать в концентрированном виде.', `shown` = '1' WHERE `id` = '35c0832f-4386-11de-8f53-000e0c431b58';
UPDATE `ShopItems` SET `id` = '35c08331-4386-11de-8f53-000e0c431b58', `itemName` = 'Колер Лакра № 19  Розовый 100 мл', `group` = '076d216a-4380-11de-8f53-000e0c431b58', `action` = '0', `amount` = '102', `minAmount` = '83', `description` = 'Колер позволяет получать светлые оттенки, не оказывая влияния на глянец лакокрасочного покрытия. Предназначен для тонирования красок, штукатурок и шпатлевок на водной основе. Для декорирования фасадных поверхностей возможно использовать в концентрированном виде.', `shown` = '1' WHERE `id` = '35c08331-4386-11de-8f53-000e0c431b58';
UPDATE `ShopItems` SET `id` = '35c08335-4386-11de-8f53-000e0c431b58', `itemName` = 'Колер Лакра № 20  Сиреневый 100 мл', `group` = '076d216a-4380-11de-8f53-000e0c431b58', `action` = '0', `amount` = '94', `minAmount` = '90', `description` = 'Колер позволяет получать светлые оттенки, не оказывая влияния на глянец лакокрасочного покрытия. Предназначен для тонирования красок, штукатурок и шпатлевок на водной основе. Для декорирования фасадных поверхностей возможно использовать в концентрированном виде.', `shown` = '1' WHERE `id` = '35c08335-4386-11de-8f53-000e0c431b58';
UPDATE `ShopPricesTypes` SET `id` = '4dc0750a-691d-11e0-adb9-001cc494be80', `typeName` = 'VIP', `default` = '0' WHERE `id` = '4dc0750a-691d-11e0-adb9-001cc494be80';
UPDATE `ShopPricesTypes` SET `id` = '288427e0-9732-11db-bbb4-0017315894a1', `typeName` = 'Розничная', `default` = '1' WHERE `id` = '288427e0-9732-11db-bbb4-0017315894a1';
UPDATE `ShopPricesTypes` SET `id` = 'feff0694-99ab-11db-937f-000e0c431b59', `typeName` = 'Оптовая', `default` = '0' WHERE `id` = 'feff0694-99ab-11db-937f-000e0c431b59';

--
-- AddData
--


--
-- AddDataLinks
--

INSERT INTO `ShopGroupsHierarchy` (`group`, `parentGroup`) VALUES ('9291c606-5ab3-11dc-be42-000e0c431b58', '75d66d1b-99a5-11db-937f-000e0c431b59'), ('9291c607-5ab3-11dc-be42-000e0c431b58', '9291c606-5ab3-11dc-be42-000e0c431b58'), ('01f691f1-87cd-11de-8f0e-000e0c431b58', '75d66d1b-99a5-11db-937f-000e0c431b59'), ('01f691f2-87cd-11de-8f0e-000e0c431b58', '01f691f1-87cd-11de-8f0e-000e0c431b58'), ('f8e15f34-b217-11dd-8051-000e0c431b58', '75d66d1b-99a5-11db-937f-000e0c431b59'), ('a6f80c91-516a-11dd-a89a-000e0c431b58', 'f8e15f34-b217-11dd-8051-000e0c431b58'), ('75d66d49-99a5-11db-937f-000e0c431b59', '75d66d1b-99a5-11db-937f-000e0c431b59'), ('27566c6a-9ed8-11e3-96ad-005056be1f7b', '75d66d49-99a5-11db-937f-000e0c431b59'), ('076d216a-4380-11de-8f53-000e0c431b58', '75d66d49-99a5-11db-937f-000e0c431b59');
INSERT INTO `ShopPropertiesInGroups` (`group`, `property`, `sequence`) VALUES ('f8e15f34-b217-11dd-8051-000e0c431b58', 'e8287600-ad96-11e3-b114-005056be1f7c', '1'), ('f8e15f34-b217-11dd-8051-000e0c431b58', 'cce0ab91-6a67-11e4-8945-005056be1f7a', '2'), ('01f691f1-87cd-11de-8f0e-000e0c431b58', '27c97b3a-3bc1-11e3-80e1-005056be1f7a', '1'), ('01f691f1-87cd-11de-8f0e-000e0c431b58', '27c97b3a-3bc1-11e3-80e1-005056be1f7a', '2'), ('01f691f1-87cd-11de-8f0e-000e0c431b58', '6cd386f1-3a4b-11e3-88c8-005056be1f7a', '3'), ('01f691f1-87cd-11de-8f0e-000e0c431b58', 'bbea9c1a-3a4b-11e3-88c8-005056be1f7a', '4'), ('01f691f1-87cd-11de-8f0e-000e0c431b58', 'bbea9c1a-3a4b-11e3-88c8-005056be1f7a', '5'), ('01f691f2-87cd-11de-8f0e-000e0c431b58', '0a552a3f-3bb7-11e3-80e1-005056be1f7a', '1'), ('01f691f2-87cd-11de-8f0e-000e0c431b58', '618eeb90-3bc1-11e3-80e1-005056be1f7a', '2'), ('01f691f2-87cd-11de-8f0e-000e0c431b58', 'e8287600-ad96-11e3-b114-005056be1f7c', '3'), ('01f691f2-87cd-11de-8f0e-000e0c431b58', 'cce0ab91-6a67-11e4-8945-005056be1f7a', '4'), ('01f691f2-87cd-11de-8f0e-000e0c431b58', '42d0b52f-970f-11e4-9be0-005056be1f7c', '5'), ('076d216a-4380-11de-8f53-000e0c431b58', '0a552a3f-3bb7-11e3-80e1-005056be1f7a', '1'), ('076d216a-4380-11de-8f53-000e0c431b58', '42d0b52f-970f-11e4-9be0-005056be1f7c', '2'), ('076d216a-4380-11de-8f53-000e0c431b58', 'd17cb785-d20b-11e4-9be0-005056be1f7c', '3'), ('75d66d49-99a5-11db-937f-000e0c431b59', 'e8287600-ad96-11e3-b114-005056be1f7c', '1'), ('75d66d49-99a5-11db-937f-000e0c431b59', 'cce0ab91-6a67-11e4-8945-005056be1f7a', '2'), ('27566c6a-9ed8-11e3-96ad-005056be1f7b', '0a552a3f-3bb7-11e3-80e1-005056be1f7a', '1'), ('27566c6a-9ed8-11e3-96ad-005056be1f7b', '27c97b3a-3bc1-11e3-80e1-005056be1f7a', '2'), ('27566c6a-9ed8-11e3-96ad-005056be1f7b', '27c97b3a-3bc1-11e3-80e1-005056be1f7a', '3'), ('27566c6a-9ed8-11e3-96ad-005056be1f7b', '618eeb90-3bc1-11e3-80e1-005056be1f7a', '4'), ('27566c6a-9ed8-11e3-96ad-005056be1f7b', 'e765ba75-107d-11e3-8a5d-0050569a1080', '5'), ('27566c6a-9ed8-11e3-96ad-005056be1f7b', 'bbea9c1a-3a4b-11e3-88c8-005056be1f7a', '6'), ('27566c6a-9ed8-11e3-96ad-005056be1f7b', 'bbea9c1a-3a4b-11e3-88c8-005056be1f7a', '7'), ('27566c6a-9ed8-11e3-96ad-005056be1f7b', '42d0b52f-970f-11e4-9be0-005056be1f7c', '8'), ('27566c6a-9ed8-11e3-96ad-005056be1f7b', '1ea6fcc4-d206-11e4-9be0-005056be1f7c', '9'), ('a6f80c91-516a-11dd-a89a-000e0c431b58', 'd624040a-3bb6-11e3-80e1-005056be1f7a', '1'), ('a6f80c91-516a-11dd-a89a-000e0c431b58', 'e765ba72-107d-11e3-8a5d-0050569a1080', '2'), ('a6f80c91-516a-11dd-a89a-000e0c431b58', '0a552a3f-3bb7-11e3-80e1-005056be1f7a', '3'), ('a6f80c91-516a-11dd-a89a-000e0c431b58', '27c97b3a-3bc1-11e3-80e1-005056be1f7a', '4'), ('a6f80c91-516a-11dd-a89a-000e0c431b58', '27c97b3a-3bc1-11e3-80e1-005056be1f7a', '5'), ('a6f80c91-516a-11dd-a89a-000e0c431b58', '618eeb90-3bc1-11e3-80e1-005056be1f7a', '6'), ('a6f80c91-516a-11dd-a89a-000e0c431b58', '6cd386f1-3a4b-11e3-88c8-005056be1f7a', '7'), ('a6f80c91-516a-11dd-a89a-000e0c431b58', 'bbea9c1a-3a4b-11e3-88c8-005056be1f7a', '8'), ('a6f80c91-516a-11dd-a89a-000e0c431b58', 'bbea9c1a-3a4b-11e3-88c8-005056be1f7a', '9'), ('a6f80c91-516a-11dd-a89a-000e0c431b58', '42d0b52f-970f-11e4-9be0-005056be1f7c', '10'), ('9291c606-5ab3-11dc-be42-000e0c431b58', '27c97b3a-3bc1-11e3-80e1-005056be1f7a', '1'), ('9291c606-5ab3-11dc-be42-000e0c431b58', '27c97b3a-3bc1-11e3-80e1-005056be1f7a', '2'), ('9291c606-5ab3-11dc-be42-000e0c431b58', 'e8287600-ad96-11e3-b114-005056be1f7c', '3'), ('9291c606-5ab3-11dc-be42-000e0c431b58', 'cce0ab91-6a67-11e4-8945-005056be1f7a', '4'), ('9291c606-5ab3-11dc-be42-000e0c431b58', 'bbea9c1a-3a4b-11e3-88c8-005056be1f7a', '5'), ('9291c606-5ab3-11dc-be42-000e0c431b58', 'bbea9c1a-3a4b-11e3-88c8-005056be1f7a', '6'), ('9291c606-5ab3-11dc-be42-000e0c431b58', 'd17cb785-d20b-11e4-9be0-005056be1f7c', '7'), ('9291c607-5ab3-11dc-be42-000e0c431b58', '0a552a3f-3bb7-11e3-80e1-005056be1f7a', '1'), ('9291c607-5ab3-11dc-be42-000e0c431b58', '618eeb90-3bc1-11e3-80e1-005056be1f7a', '2'), ('9291c607-5ab3-11dc-be42-000e0c431b58', '42d0b52f-970f-11e4-9be0-005056be1f7c', '3');
INSERT INTO `ShopItemsPropertiesValues` (`id`, `item`, `property`, `value`, `measure`) VALUES ('fea6c187-5ab6-11dc-be42-000e0c431b58-BHUe-FnjP-AxI1-Da26-CXRI-Gkmg', 'fea6c187-5ab6-11dc-be42-000e0c431b58', 'd17cb785-d20b-11e4-9be0-005056be1f7c', '520', 'мл'), ('fea6c16d-5ab6-11dc-be42-000e0c431b58-BdRI-FrXI-A0e0-DsBf-Cv03-GXZN', 'fea6c16d-5ab6-11dc-be42-000e0c431b58', 'd17cb785-d20b-11e4-9be0-005056be1f7c', '520', 'мл'), ('9291c63a-5ab3-11dc-be42-000e0c431b58-BT6O-F1pF-AFHT-D2Bb-CA2Y-Go03', '9291c63a-5ab3-11dc-be42-000e0c431b58', 'd17cb785-d20b-11e4-9be0-005056be1f7c', '520', 'мл'), ('fea6c18f-5ab6-11dc-be42-000e0c431b58-BOhZ-FiKP-Aapa-DJwa-CRai-G0nO', 'fea6c18f-5ab6-11dc-be42-000e0c431b58', 'd17cb785-d20b-11e4-9be0-005056be1f7c', '520', 'мл'), ('fea6c17d-5ab6-11dc-be42-000e0c431b58-Bmer-FrUF-APRR-DaGZ-C50M-GdPt', 'fea6c17d-5ab6-11dc-be42-000e0c431b58', 'd17cb785-d20b-11e4-9be0-005056be1f7c', '520', 'мл'), ('cf6aa526-48b8-11dd-9342-000e0c431b58-B8gz-FsCp-AD2p-D3PC-CThy-Gc00', 'cf6aa526-48b8-11dd-9342-000e0c431b58', 'd17cb785-d20b-11e4-9be0-005056be1f7c', '520', 'мл'), ('9291c640-5ab3-11dc-be42-000e0c431b58-Bwcv-FwXH-ATfl-DRAi-CcHr-Gc9h', '9291c640-5ab3-11dc-be42-000e0c431b58', 'd17cb785-d20b-11e4-9be0-005056be1f7c', '520', 'мл'), ('fea6c16f-5ab6-11dc-be42-000e0c431b58-B2br-FqlB-AEU2-Dcmq-Cxcm-GVzs', 'fea6c16f-5ab6-11dc-be42-000e0c431b58', 'd17cb785-d20b-11e4-9be0-005056be1f7c', '520', 'мл'), ('fea6c175-5ab6-11dc-be42-000e0c431b58-BnvL-FWyL-A0js-DQ1J-CG6C-GsPf', 'fea6c175-5ab6-11dc-be42-000e0c431b58', 'd17cb785-d20b-11e4-9be0-005056be1f7c', '520', 'мл'), ('fea6c18b-5ab6-11dc-be42-000e0c431b58-B7lL-Ftqx-ARFw-DOtX-CPcD-G87P', 'fea6c18b-5ab6-11dc-be42-000e0c431b58', 'd17cb785-d20b-11e4-9be0-005056be1f7c', '520', 'мл'), ('fea6c183-5ab6-11dc-be42-000e0c431b58-Bqfb-FqCO-Ar1J-DbnW-CjqX-GLr4', 'fea6c183-5ab6-11dc-be42-000e0c431b58', 'd17cb785-d20b-11e4-9be0-005056be1f7c', '520', 'мл'), ('fea6c173-5ab6-11dc-be42-000e0c431b58-BpFb-FyCd-AKZf-DBGd-Cr8u-G9QE', 'fea6c173-5ab6-11dc-be42-000e0c431b58', 'd17cb785-d20b-11e4-9be0-005056be1f7c', '520', 'мл'), ('9291c63e-5ab3-11dc-be42-000e0c431b58-BgXK-FUsZ-AqaC-D3NJ-Crx0-GQf2', '9291c63e-5ab3-11dc-be42-000e0c431b58', 'd17cb785-d20b-11e4-9be0-005056be1f7c', '520', 'мл'), ('fea6c185-5ab6-11dc-be42-000e0c431b58-B5uR-FN06-Atjc-DOiz-C2kw-GS58', 'fea6c185-5ab6-11dc-be42-000e0c431b58', 'd17cb785-d20b-11e4-9be0-005056be1f7c', '520', 'мл'), ('fea6c18d-5ab6-11dc-be42-000e0c431b58-BNyx-FGf3-AAtk-DzuQ-Cnev-GxFM', 'fea6c18d-5ab6-11dc-be42-000e0c431b58', 'd17cb785-d20b-11e4-9be0-005056be1f7c', '520', 'мл'), ('fea6c17b-5ab6-11dc-be42-000e0c431b58-Bt40-Fn5V-AEhc-DW7i-CMP8-Gra8', 'fea6c17b-5ab6-11dc-be42-000e0c431b58', 'd17cb785-d20b-11e4-9be0-005056be1f7c', '520', 'мл'), ('fea6c181-5ab6-11dc-be42-000e0c431b58-B8Lf-FZh2-A09m-DNyf-CscT-GiFH', 'fea6c181-5ab6-11dc-be42-000e0c431b58', 'd17cb785-d20b-11e4-9be0-005056be1f7c', '520', 'мл'), ('fea6c167-5ab6-11dc-be42-000e0c431b58-BAwR-F4CI-A4dR-DfnU-C1rU-GbBp', 'fea6c167-5ab6-11dc-be42-000e0c431b58', 'd17cb785-d20b-11e4-9be0-005056be1f7c', '520', 'мл'), ('fea6c177-5ab6-11dc-be42-000e0c431b58-BXQC-FgNd-AUhj-DZ6j-Czzp-GdNa', 'fea6c177-5ab6-11dc-be42-000e0c431b58', 'd17cb785-d20b-11e4-9be0-005056be1f7c', '520', 'мл'), ('fea6c179-5ab6-11dc-be42-000e0c431b58-BKLv-FBYM-AVhv-DDD8-C55O-GOsW', 'fea6c179-5ab6-11dc-be42-000e0c431b58', 'd17cb785-d20b-11e4-9be0-005056be1f7c', '520', 'мл'), ('fea6c171-5ab6-11dc-be42-000e0c431b58-B5Px-FbFx-AV6I-Dxyz-CQKN-GGKj', 'fea6c171-5ab6-11dc-be42-000e0c431b58', 'd17cb785-d20b-11e4-9be0-005056be1f7c', '520', 'мл'), ('fea6c17f-5ab6-11dc-be42-000e0c431b58-B9KJ-FGzz-AG5Z-DKJf-CQCX-G2X1', 'fea6c17f-5ab6-11dc-be42-000e0c431b58', 'd17cb785-d20b-11e4-9be0-005056be1f7c', '520', 'мл'), ('fea6c169-5ab6-11dc-be42-000e0c431b58-BYY4-FdB5-APtX-DP5V-CJOA-GP3z', 'fea6c169-5ab6-11dc-be42-000e0c431b58', 'd17cb785-d20b-11e4-9be0-005056be1f7c', '520', 'мл'), ('fea6c16b-5ab6-11dc-be42-000e0c431b58-BTGh-FPhY-ASSA-DvTw-CTG7-GS06', 'fea6c16b-5ab6-11dc-be42-000e0c431b58', 'd17cb785-d20b-11e4-9be0-005056be1f7c', '520', 'мл'), ('fea6c165-5ab6-11dc-be42-000e0c431b58-B0aO-FYPk-ARIP-DSqJ-CUxt-GYz7', 'fea6c165-5ab6-11dc-be42-000e0c431b58', 'd17cb785-d20b-11e4-9be0-005056be1f7c', '520', 'мл'), ('fea6c189-5ab6-11dc-be42-000e0c431b58-Bcis-FzeK-AOMT-DVYe-Cknj-GxKc', 'fea6c189-5ab6-11dc-be42-000e0c431b58', 'd17cb785-d20b-11e4-9be0-005056be1f7c', '520', 'мл'), ('9291c63c-5ab3-11dc-be42-000e0c431b58-BWzj-Fo2D-A7kf-DcIE-C7Gx-Gcuk', '9291c63c-5ab3-11dc-be42-000e0c431b58', 'd17cb785-d20b-11e4-9be0-005056be1f7c', '520', 'мл'), ('fea6c191-5ab6-11dc-be42-000e0c431b58-BnZZ-FwUN-AY5V-DaWu-CkWE-GkgI', 'fea6c191-5ab6-11dc-be42-000e0c431b58', 'd17cb785-d20b-11e4-9be0-005056be1f7c', '520', 'мл'), ('076d213b-4380-11de-8f53-000e0c431b58-BOkp-FpHa-A3z6-DESp-Ctaf-GnWD', '076d213b-4380-11de-8f53-000e0c431b58', '42d0b52f-970f-11e4-9be0-005056be1f7c', 'эмаль-грунт', ''), ('da49edc1-58f9-11e0-894e-000e0c431b58-BdQ4-F4iA-AYbt-Dwaa-CQOm-GWju', 'da49edc1-58f9-11e0-894e-000e0c431b58', '42d0b52f-970f-11e4-9be0-005056be1f7c', 'эмаль-грунт', ''), ('076d213d-4380-11de-8f53-000e0c431b58-BDp6-FzKU-AoRE-Dbev-CxtB-Gqwe', '076d213d-4380-11de-8f53-000e0c431b58', '42d0b52f-970f-11e4-9be0-005056be1f7c', 'эмаль-грунт', ''), ('df210450-93af-11e3-82a4-005056be1f7b-Bgn2-FoKd-A4uf-D3bQ-C2yP-GemT', 'df210450-93af-11e3-82a4-005056be1f7b', '42d0b52f-970f-11e4-9be0-005056be1f7c', 'эмаль-грунт', ''), ('f0ad1dd1-1f91-11e4-9591-005056be1f7b-BRNv-FIHN-Aweh-DEuG-Cim7-GqFN', 'f0ad1dd1-1f91-11e4-9591-005056be1f7b', '42d0b52f-970f-11e4-9be0-005056be1f7c', 'эмаль-грунт', ''), ('e8976171-93af-11e3-82a4-005056be1f7b-BKeO-Fuzu-AeIY-DY8w-C2Fa-GvoQ', 'e8976171-93af-11e3-82a4-005056be1f7b', '42d0b52f-970f-11e4-9be0-005056be1f7c', 'эмаль-грунт', ''), ('076d214b-4380-11de-8f53-000e0c431b58-Bp3T-FwGJ-AOeK-D5By-Cz3E-Gj6i', '076d214b-4380-11de-8f53-000e0c431b58', '42d0b52f-970f-11e4-9be0-005056be1f7c', 'эмаль-грунт', ''), ('da49edc3-58f9-11e0-894e-000e0c431b58-BJTE-FPTi-A86e-Dnop-CfGp-GeTX', 'da49edc3-58f9-11e0-894e-000e0c431b58', '42d0b52f-970f-11e4-9be0-005056be1f7c', 'эмаль-грунт', ''), ('076d214d-4380-11de-8f53-000e0c431b58-B0ua-FT9b-AWt0-DBIQ-Cqj3-Ggx6', '076d214d-4380-11de-8f53-000e0c431b58', '42d0b52f-970f-11e4-9be0-005056be1f7c', 'эмаль-грунт', ''), ('076d213f-4380-11de-8f53-000e0c431b58-BlhW-Fojq-APGY-DZb0-C4Zo-GUY7', '076d213f-4380-11de-8f53-000e0c431b58', '42d0b52f-970f-11e4-9be0-005056be1f7c', 'эмаль-грунт', ''), ('da49edc5-58f9-11e0-894e-000e0c431b58-B3aQ-Fo5g-A7yg-DSrK-C1LK-GO98', 'da49edc5-58f9-11e0-894e-000e0c431b58', '42d0b52f-970f-11e4-9be0-005056be1f7c', 'эмаль-грунт', ''), ('076d2141-4380-11de-8f53-000e0c431b58-BsTj-FtYH-A2Ag-Dbl1-CUcD-GjjF', '076d2141-4380-11de-8f53-000e0c431b58', '42d0b52f-970f-11e4-9be0-005056be1f7c', 'эмаль-грунт', ''), ('076d2143-4380-11de-8f53-000e0c431b58-BIwP-FZmV-AJV1-DHmK-C6q0-Gom9', '076d2143-4380-11de-8f53-000e0c431b58', '42d0b52f-970f-11e4-9be0-005056be1f7c', 'эмаль-грунт', ''), ('da49edc7-58f9-11e0-894e-000e0c431b58-B6HV-F4zO-APN8-DyuT-CAsM-GM4d', 'da49edc7-58f9-11e0-894e-000e0c431b58', '42d0b52f-970f-11e4-9be0-005056be1f7c', 'эмаль-грунт', ''), ('076d2145-4380-11de-8f53-000e0c431b58-BrSC-FkrN-AFBn-DH6Q-CbdE-GZ1x', '076d2145-4380-11de-8f53-000e0c431b58', '42d0b52f-970f-11e4-9be0-005056be1f7c', 'эмаль-грунт', ''), ('fbb89466-93af-11e3-82a4-005056be1f7b-ByYQ-FDVE-AzNf-D2V1-CaAV-GUca', 'fbb89466-93af-11e3-82a4-005056be1f7b', '42d0b52f-970f-11e4-9be0-005056be1f7c', 'эмаль-грунт', ''), ('04834f06-93b0-11e3-82a4-005056be1f7b-BjKV-FRbj-AYge-DurV-CjBE-GkR1', '04834f06-93b0-11e3-82a4-005056be1f7b', '42d0b52f-970f-11e4-9be0-005056be1f7c', 'эмаль-грунт', ''), ('076d2147-4380-11de-8f53-000e0c431b58-B8CC-FKhw-AgqA-D6Tx-CVLv-Gv4e', '076d2147-4380-11de-8f53-000e0c431b58', '42d0b52f-970f-11e4-9be0-005056be1f7c', 'эмаль-грунт', ''), ('da49edc9-58f9-11e0-894e-000e0c431b58-BlDN-FuE8-A2dp-DYEH-C8kg-G9S8', 'da49edc9-58f9-11e0-894e-000e0c431b58', '42d0b52f-970f-11e4-9be0-005056be1f7c', 'эмаль-грунт', ''), ('076d2149-4380-11de-8f53-000e0c431b58-BYu4-F0eA-AeyU-DLJu-CHRt-Gnc7', '076d2149-4380-11de-8f53-000e0c431b58', '42d0b52f-970f-11e4-9be0-005056be1f7c', 'эмаль-грунт', ''), ('1bd57597-93b0-11e3-82a4-005056be1f7b-BirI-Fnew-At8y-DuNs-Cwtw-GNe7', '1bd57597-93b0-11e3-82a4-005056be1f7b', '42d0b52f-970f-11e4-9be0-005056be1f7c', 'эмаль-грунт', ''), ('13ce3df2-93b0-11e3-82a4-005056be1f7b-BzV8-FQ8A-AU7T-DnKE-CZ3l-GFAb', '13ce3df2-93b0-11e3-82a4-005056be1f7b', '42d0b52f-970f-11e4-9be0-005056be1f7c', 'эмаль-грунт', '');
INSERT INTO `ShopItemsPropertiesValues` (`id`, `item`, `property`, `value`, `measure`) VALUES ('076d2137-4380-11de-8f53-000e0c431b58-BzmH-FrxW-A5aX-Dspr-CYHd-GQ40', '076d2137-4380-11de-8f53-000e0c431b58', '42d0b52f-970f-11e4-9be0-005056be1f7c', 'эмаль-грунт', ''), ('da49edcb-58f9-11e0-894e-000e0c431b58-BqB5-F5Ex-Azia-DZx9-C2kG-GRJE', 'da49edcb-58f9-11e0-894e-000e0c431b58', '42d0b52f-970f-11e4-9be0-005056be1f7c', 'эмаль-грунт', ''), ('076d2139-4380-11de-8f53-000e0c431b58-Bx9Y-F1jF-ALlr-DxrE-CiL8-GACI', '076d2139-4380-11de-8f53-000e0c431b58', '42d0b52f-970f-11e4-9be0-005056be1f7c', 'эмаль-грунт', ''), ('b182dc51-f994-11e2-98ef-005056be3574-Bzsx-FaxZ-AA9e-DDjt-CN3g-GWK0', 'b182dc51-f994-11e2-98ef-005056be3574', '42d0b52f-970f-11e4-9be0-005056be1f7c', 'молотковая эмаль-грунт', ''), ('c4df9e0d-00c0-11e2-a554-005056be3bd8-BnKe-Fmdi-AJ2s-DzZ0-CsRn-GkW1', 'c4df9e0d-00c0-11e2-a554-005056be3bd8', '42d0b52f-970f-11e4-9be0-005056be1f7c', 'молотковая эмаль-грунт', ''), ('c4df9e0f-00c0-11e2-a554-005056be3bd8-BrmM-FXjG-Ac5D-DIwg-CSpj-Gb1O', 'c4df9e0f-00c0-11e2-a554-005056be3bd8', '42d0b52f-970f-11e4-9be0-005056be1f7c', 'молотковая эмаль-грунт', ''), ('c4df9e13-00c0-11e2-a554-005056be3bd8-Bhya-Fq43-ANan-DAQE-Ct1K-G8H6', 'c4df9e13-00c0-11e2-a554-005056be3bd8', '42d0b52f-970f-11e4-9be0-005056be1f7c', 'молотковая эмаль-грунт', ''), ('c4df9e11-00c0-11e2-a554-005056be3bd8-BaDu-FF9d-Ak6F-DTXa-CIkR-Gjea', 'c4df9e11-00c0-11e2-a554-005056be3bd8', '42d0b52f-970f-11e4-9be0-005056be1f7c', 'молотковая эмаль-грунт', ''), ('82ebcce8-bce7-11e4-a1f3-005056be1f7b-BmoF-FU39-AI1Q-DBx0-CWax-Gb3e', '82ebcce8-bce7-11e4-a1f3-005056be1f7b', '42d0b52f-970f-11e4-9be0-005056be1f7c', 'молотковая эмаль-грунт', ''), ('3479e733-bce7-11e4-a1f3-005056be1f7b-BHr7-FdWO-Ayi6-DxZ1-C3hf-Gy1Z', '3479e733-bce7-11e4-a1f3-005056be1f7b', '42d0b52f-970f-11e4-9be0-005056be1f7c', 'молотковая эмаль-грунт', ''), ('b182dc4f-f994-11e2-98ef-005056be3574-Bqlc-FNb4-ArlZ-Dj7d-Crzw-G5hn', 'b182dc4f-f994-11e2-98ef-005056be3574', '42d0b52f-970f-11e4-9be0-005056be1f7c', 'молотковая эмаль-грунт', ''), ('a6f80c96-516a-11dd-a89a-000e0c431b58-BNCE-FF6s-AxMJ-DSiF-CySP-GTZ4', 'a6f80c96-516a-11dd-a89a-000e0c431b58', '42d0b52f-970f-11e4-9be0-005056be1f7c', 'краска', ''), ('a6f80c98-516a-11dd-a89a-000e0c431b58-BLeO-Fpby-ApkD-DQrk-CPDj-GQS8', 'a6f80c98-516a-11dd-a89a-000e0c431b58', '42d0b52f-970f-11e4-9be0-005056be1f7c', 'краска', ''), ('56a6f723-ea03-11de-860d-000e0c431b58-BtOh-FRUN-AWYF-DqiM-CBuh-GrQI', '56a6f723-ea03-11de-860d-000e0c431b58', '42d0b52f-970f-11e4-9be0-005056be1f7c', 'краска', ''), ('a6f80c9c-516a-11dd-a89a-000e0c431b58-Bwll-FSNB-AlLO-DMHa-C9nF-GkBT', 'a6f80c9c-516a-11dd-a89a-000e0c431b58', '42d0b52f-970f-11e4-9be0-005056be1f7c', 'краска', ''), ('a6f80c9e-516a-11dd-a89a-000e0c431b58-B7a2-FWuJ-A2nn-DweK-CVUm-GBlj', 'a6f80c9e-516a-11dd-a89a-000e0c431b58', '42d0b52f-970f-11e4-9be0-005056be1f7c', 'краска', ''), ('992163db-a731-11de-90d4-000e0c431b58-BCmu-FAdF-A858-DVqx-Cdpg-GHa7', '992163db-a731-11de-90d4-000e0c431b58', '42d0b52f-970f-11e4-9be0-005056be1f7c', 'краска', ''), ('a6f80ca2-516a-11dd-a89a-000e0c431b58-BNUy-Fhlu-ALds-DSKt-CqbG-G8NU', 'a6f80ca2-516a-11dd-a89a-000e0c431b58', '42d0b52f-970f-11e4-9be0-005056be1f7c', 'краска', ''), ('a6f80ca4-516a-11dd-a89a-000e0c431b58-BuJo-FBQM-AB4V-DWyu-CUSf-GSPl', 'a6f80ca4-516a-11dd-a89a-000e0c431b58', '42d0b52f-970f-11e4-9be0-005056be1f7c', 'краска', ''), ('129c7f4d-5273-11de-8f53-000e0c431b58-BH5j-FsuC-ARBR-DM54-Cs4m-Gckm', '129c7f4d-5273-11de-8f53-000e0c431b58', '42d0b52f-970f-11e4-9be0-005056be1f7c', 'краска', ''), ('047805a5-fe8c-11e3-bbdb-005056be1f7b-B2Rz-F1NL-AFpq-DNgm-CBaW-GrQf', '047805a5-fe8c-11e3-bbdb-005056be1f7b', '42d0b52f-970f-11e4-9be0-005056be1f7c', 'краска', ''), ('7a3c5db3-777c-11de-9531-000e0c431b58-Btvv-Fto6-AQZN-D97Y-CSsG-GoXk', '7a3c5db3-777c-11de-9531-000e0c431b58', '42d0b52f-970f-11e4-9be0-005056be1f7c', 'краска', ''), ('7a3c5db1-777c-11de-9531-000e0c431b58-B82z-F1HH-AVRW-DpIX-Ch6e-GRxT', '7a3c5db1-777c-11de-9531-000e0c431b58', '42d0b52f-970f-11e4-9be0-005056be1f7c', 'краска', ''), ('e242e97f-f29b-11dd-9439-000e0c431b58-BXfw-Fa4E-ADcm-DlKI-CsvF-GMOo', 'e242e97f-f29b-11dd-9439-000e0c431b58', '42d0b52f-970f-11e4-9be0-005056be1f7c', 'краска', ''), ('a6f80ca8-516a-11dd-a89a-000e0c431b58-BSTy-FHez-AR2O-DHUv-Cviq-GpKw', 'a6f80ca8-516a-11dd-a89a-000e0c431b58', '42d0b52f-970f-11e4-9be0-005056be1f7c', 'краска', ''), ('56f519d0-4f2c-11de-8f53-000e0c431b58-BV99-F3jD-AGTU-DJn9-CZG4-Geur', '56f519d0-4f2c-11de-8f53-000e0c431b58', '42d0b52f-970f-11e4-9be0-005056be1f7c', 'краска', ''), ('7a3c5db7-777c-11de-9531-000e0c431b58-BzX2-FwBF-AvnA-DJYI-Ca86-GSOM', '7a3c5db7-777c-11de-9531-000e0c431b58', '42d0b52f-970f-11e4-9be0-005056be1f7c', 'краска', ''), ('7a3c5db5-777c-11de-9531-000e0c431b58-BFqI-FlhC-ASHg-D2l1-Cp2Q-G8XA', '7a3c5db5-777c-11de-9531-000e0c431b58', '42d0b52f-970f-11e4-9be0-005056be1f7c', 'краска', ''), ('a6f80cac-516a-11dd-a89a-000e0c431b58-BUAX-FuXw-ARds-D1CT-CeB9-Gz8F', 'a6f80cac-516a-11dd-a89a-000e0c431b58', '42d0b52f-970f-11e4-9be0-005056be1f7c', 'краска', ''), ('a6f80cae-516a-11dd-a89a-000e0c431b58-BEuY-FfvE-AorB-DiHf-CLpS-Gq89', 'a6f80cae-516a-11dd-a89a-000e0c431b58', '42d0b52f-970f-11e4-9be0-005056be1f7c', 'краска', ''), ('992163dd-a731-11de-90d4-000e0c431b58-ByaG-Fe2n-AlKr-DQfG-C9HD-G71L', '992163dd-a731-11de-90d4-000e0c431b58', '42d0b52f-970f-11e4-9be0-005056be1f7c', 'краска', ''), ('e4020814-4598-11e1-8212-001cc494be80-BLfZ-FYyK-AHmG-DyF6-CjfI-GcXW', 'e4020814-4598-11e1-8212-001cc494be80', '42d0b52f-970f-11e4-9be0-005056be1f7c', 'краска', ''), ('b7e2864b-21de-11df-860d-000e0c431b58-B8AT-F4sf-AGwY-DYPg-CYhf-G3Br', 'b7e2864b-21de-11df-860d-000e0c431b58', 'd17cb785-d20b-11e4-9be0-005056be1f7c', '', 'мл'), ('b7e28649-21de-11df-860d-000e0c431b58-BmII-Fbqs-A9fC-DZ6j-C6QJ-GJR9', 'b7e28649-21de-11df-860d-000e0c431b58', 'd17cb785-d20b-11e4-9be0-005056be1f7c', '', 'мл'), ('963b6b0a-04a8-11e3-94de-005056be3574-B97v-F2bu-AcHK-DuZe-CFmu-GbCD', '963b6b0a-04a8-11e3-94de-005056be3574', 'd17cb785-d20b-11e4-9be0-005056be1f7c', '', 'мл'), ('f5f1fcd6-d1c2-11e3-8b7a-005056be1f7b-B6nj-Ficd-AevQ-D2zn-CjRY-GvCq', 'f5f1fcd6-d1c2-11e3-8b7a-005056be1f7b', 'd17cb785-d20b-11e4-9be0-005056be1f7c', '', 'мл'), ('0916172c-947c-11e3-8d88-005056be1f7b-BkeJ-FlWW-AnWz-DVwh-CXw3-G4fs', '0916172c-947c-11e3-8d88-005056be1f7b', 'd17cb785-d20b-11e4-9be0-005056be1f7c', '', 'мл'), ('fded4984-d1c2-11e3-8b7a-005056be1f7b-BjSJ-F5M9-AGhk-DRae-CD1b-G9th', 'fded4984-d1c2-11e3-8b7a-005056be1f7b', 'd17cb785-d20b-11e4-9be0-005056be1f7c', '', 'мл'), ('d5823752-947b-11e3-8d88-005056be1f7b-B5ea-Fudv-AP4H-Dwz7-CXrk-GiTZ', 'd5823752-947b-11e3-8d88-005056be1f7b', 'd17cb785-d20b-11e4-9be0-005056be1f7c', '', 'мл'), ('076d216b-4380-11de-8f53-000e0c431b58-BN73-FnYA-A8xW-DaDE-C10F-GiUA', '076d216b-4380-11de-8f53-000e0c431b58', 'd17cb785-d20b-11e4-9be0-005056be1f7c', '100', 'мл'), ('35c08333-4386-11de-8f53-000e0c431b58-BwZC-FKYA-A64k-DArI-Cz2u-GPYg', '35c08333-4386-11de-8f53-000e0c431b58', 'd17cb785-d20b-11e4-9be0-005056be1f7c', '100', 'мл'), ('35c08337-4386-11de-8f53-000e0c431b58-BhMS-FSOQ-A7Nx-DYDd-Coab-GhMc', '35c08337-4386-11de-8f53-000e0c431b58', 'd17cb785-d20b-11e4-9be0-005056be1f7c', '100', 'мл'), ('35c08339-4386-11de-8f53-000e0c431b58-BVOw-F6wQ-A8fv-DXnE-CkMp-GPnA', '35c08339-4386-11de-8f53-000e0c431b58', 'd17cb785-d20b-11e4-9be0-005056be1f7c', '100', 'мл'), ('35c0833b-4386-11de-8f53-000e0c431b58-BXd6-FyDA-AEQt-DGn2-CSwd-GO6O', '35c0833b-4386-11de-8f53-000e0c431b58', 'd17cb785-d20b-11e4-9be0-005056be1f7c', '100', 'мл'), ('35c0833d-4386-11de-8f53-000e0c431b58-BdLu-FBns-Arze-DiCx-Cs4e-GcMD', '35c0833d-4386-11de-8f53-000e0c431b58', 'd17cb785-d20b-11e4-9be0-005056be1f7c', '100', 'мл'), ('35c0833f-4386-11de-8f53-000e0c431b58-Bylo-FXEm-AIVK-DyRv-C74O-GQFD', '35c0833f-4386-11de-8f53-000e0c431b58', 'd17cb785-d20b-11e4-9be0-005056be1f7c', '100', 'мл'), ('35c08341-4386-11de-8f53-000e0c431b58-BBrt-FFWO-AMwu-DgRd-CzKI-GFW0', '35c08341-4386-11de-8f53-000e0c431b58', 'd17cb785-d20b-11e4-9be0-005056be1f7c', '100', 'мл'), ('35c08343-4386-11de-8f53-000e0c431b58-BpGV-FzkT-AwZ1-DrTr-CIlW-G4b7', '35c08343-4386-11de-8f53-000e0c431b58', 'd17cb785-d20b-11e4-9be0-005056be1f7c', '100', 'мл'), ('076d216d-4380-11de-8f53-000e0c431b58-B3jz-F17l-As5P-DP3m-CIIZ-GiS9', '076d216d-4380-11de-8f53-000e0c431b58', 'd17cb785-d20b-11e4-9be0-005056be1f7c', '100', 'мл'), ('076d216f-4380-11de-8f53-000e0c431b58-BmBw-FY3J-AK23-Do4N-CG1v-Go27', '076d216f-4380-11de-8f53-000e0c431b58', 'd17cb785-d20b-11e4-9be0-005056be1f7c', '100', 'мл');
INSERT INTO `ShopItemsPropertiesValues` (`id`, `item`, `property`, `value`, `measure`) VALUES ('076d2173-4380-11de-8f53-000e0c431b58-BjpP-F22r-Aj0r-D23G-CYbJ-GRfk', '076d2173-4380-11de-8f53-000e0c431b58', 'd17cb785-d20b-11e4-9be0-005056be1f7c', '100', 'мл'), ('35c08325-4386-11de-8f53-000e0c431b58-BDAJ-FKLj-AgAZ-DpeW-Cefg-GXfC', '35c08325-4386-11de-8f53-000e0c431b58', 'd17cb785-d20b-11e4-9be0-005056be1f7c', '100', 'мл'), ('35c08327-4386-11de-8f53-000e0c431b58-BUhf-F4zi-ASpW-DDDT-Czdx-GHcT', '35c08327-4386-11de-8f53-000e0c431b58', 'd17cb785-d20b-11e4-9be0-005056be1f7c', '100', 'мл'), ('35c08329-4386-11de-8f53-000e0c431b58-BQMa-FoBQ-Ab60-D9l9-CRFg-GL3a', '35c08329-4386-11de-8f53-000e0c431b58', 'd17cb785-d20b-11e4-9be0-005056be1f7c', '100', 'мл'), ('35c0832b-4386-11de-8f53-000e0c431b58-B3FC-F1Gm-AEFT-DA9F-CmX7-GLXX', '35c0832b-4386-11de-8f53-000e0c431b58', 'd17cb785-d20b-11e4-9be0-005056be1f7c', '100', 'мл'), ('35c0832d-4386-11de-8f53-000e0c431b58-BDoC-FFWE-ABR2-D7ht-C2Fv-GZT5', '35c0832d-4386-11de-8f53-000e0c431b58', 'd17cb785-d20b-11e4-9be0-005056be1f7c', '100', 'мл'), ('35c0832f-4386-11de-8f53-000e0c431b58-B1GW-Fzq7-AEQJ-DnL3-Cb71-GWo1', '35c0832f-4386-11de-8f53-000e0c431b58', 'd17cb785-d20b-11e4-9be0-005056be1f7c', '100', 'мл'), ('35c08331-4386-11de-8f53-000e0c431b58-BQH8-FKhF-Amd0-DpJ1-C9wg-G8T3', '35c08331-4386-11de-8f53-000e0c431b58', 'd17cb785-d20b-11e4-9be0-005056be1f7c', '100', 'мл'), ('35c08335-4386-11de-8f53-000e0c431b58-BApr-Fh4L-A2tc-Dlpe-CZ2K-GRFA', '35c08335-4386-11de-8f53-000e0c431b58', 'd17cb785-d20b-11e4-9be0-005056be1f7c', '100', 'мл');
INSERT INTO `ShopItemsPrices` (`item`, `price`, `value`) VALUES ('fea6c187-5ab6-11dc-be42-000e0c431b58', 'feff0694-99ab-11db-937f-000e0c431b59', '160.08'), ('fea6c187-5ab6-11dc-be42-000e0c431b58', '4dc0750a-691d-11e0-adb9-001cc494be80', '147.9'), ('fea6c187-5ab6-11dc-be42-000e0c431b58', '288427e0-9732-11db-bbb4-0017315894a1', '174'), ('fea6c16d-5ab6-11dc-be42-000e0c431b58', 'feff0694-99ab-11db-937f-000e0c431b59', '140.76'), ('fea6c16d-5ab6-11dc-be42-000e0c431b58', '4dc0750a-691d-11e0-adb9-001cc494be80', '130.05'), ('fea6c16d-5ab6-11dc-be42-000e0c431b58', '288427e0-9732-11db-bbb4-0017315894a1', '153'), ('9291c63a-5ab3-11dc-be42-000e0c431b58', 'feff0694-99ab-11db-937f-000e0c431b59', '140.76'), ('9291c63a-5ab3-11dc-be42-000e0c431b58', '4dc0750a-691d-11e0-adb9-001cc494be80', '130.05'), ('9291c63a-5ab3-11dc-be42-000e0c431b58', '288427e0-9732-11db-bbb4-0017315894a1', '153'), ('fea6c18f-5ab6-11dc-be42-000e0c431b58', 'feff0694-99ab-11db-937f-000e0c431b59', '140.76'), ('fea6c18f-5ab6-11dc-be42-000e0c431b58', '4dc0750a-691d-11e0-adb9-001cc494be80', '130.05'), ('fea6c18f-5ab6-11dc-be42-000e0c431b58', '288427e0-9732-11db-bbb4-0017315894a1', '153'), ('fea6c17d-5ab6-11dc-be42-000e0c431b58', 'feff0694-99ab-11db-937f-000e0c431b59', '140.76'), ('fea6c17d-5ab6-11dc-be42-000e0c431b58', '4dc0750a-691d-11e0-adb9-001cc494be80', '130.05'), ('fea6c17d-5ab6-11dc-be42-000e0c431b58', '288427e0-9732-11db-bbb4-0017315894a1', '153'), ('cf6aa526-48b8-11dd-9342-000e0c431b58', 'feff0694-99ab-11db-937f-000e0c431b59', '160.08'), ('cf6aa526-48b8-11dd-9342-000e0c431b58', '4dc0750a-691d-11e0-adb9-001cc494be80', '147.9'), ('cf6aa526-48b8-11dd-9342-000e0c431b58', '288427e0-9732-11db-bbb4-0017315894a1', '174'), ('9291c640-5ab3-11dc-be42-000e0c431b58', 'feff0694-99ab-11db-937f-000e0c431b59', '140.76'), ('9291c640-5ab3-11dc-be42-000e0c431b58', '4dc0750a-691d-11e0-adb9-001cc494be80', '130.05'), ('9291c640-5ab3-11dc-be42-000e0c431b58', '288427e0-9732-11db-bbb4-0017315894a1', '153'), ('fea6c16f-5ab6-11dc-be42-000e0c431b58', 'feff0694-99ab-11db-937f-000e0c431b59', '140.76'), ('fea6c16f-5ab6-11dc-be42-000e0c431b58', '4dc0750a-691d-11e0-adb9-001cc494be80', '130.05'), ('fea6c16f-5ab6-11dc-be42-000e0c431b58', '288427e0-9732-11db-bbb4-0017315894a1', '153'), ('fea6c175-5ab6-11dc-be42-000e0c431b58', 'feff0694-99ab-11db-937f-000e0c431b59', '140.76'), ('fea6c175-5ab6-11dc-be42-000e0c431b58', '4dc0750a-691d-11e0-adb9-001cc494be80', '130.05'), ('fea6c175-5ab6-11dc-be42-000e0c431b58', '288427e0-9732-11db-bbb4-0017315894a1', '153'), ('fea6c18b-5ab6-11dc-be42-000e0c431b58', 'feff0694-99ab-11db-937f-000e0c431b59', '160.08'), ('fea6c18b-5ab6-11dc-be42-000e0c431b58', '4dc0750a-691d-11e0-adb9-001cc494be80', '147.9'), ('fea6c18b-5ab6-11dc-be42-000e0c431b58', '288427e0-9732-11db-bbb4-0017315894a1', '174'), ('fea6c183-5ab6-11dc-be42-000e0c431b58', 'feff0694-99ab-11db-937f-000e0c431b59', '140.76'), ('fea6c183-5ab6-11dc-be42-000e0c431b58', '4dc0750a-691d-11e0-adb9-001cc494be80', '130.05'), ('fea6c183-5ab6-11dc-be42-000e0c431b58', '288427e0-9732-11db-bbb4-0017315894a1', '153'), ('fea6c173-5ab6-11dc-be42-000e0c431b58', 'feff0694-99ab-11db-937f-000e0c431b59', '140.76'), ('fea6c173-5ab6-11dc-be42-000e0c431b58', '4dc0750a-691d-11e0-adb9-001cc494be80', '130.05'), ('fea6c173-5ab6-11dc-be42-000e0c431b58', '288427e0-9732-11db-bbb4-0017315894a1', '153'), ('9291c63e-5ab3-11dc-be42-000e0c431b58', 'feff0694-99ab-11db-937f-000e0c431b59', '140.76'), ('9291c63e-5ab3-11dc-be42-000e0c431b58', '4dc0750a-691d-11e0-adb9-001cc494be80', '130.05'), ('9291c63e-5ab3-11dc-be42-000e0c431b58', '288427e0-9732-11db-bbb4-0017315894a1', '153'), ('fea6c185-5ab6-11dc-be42-000e0c431b58', 'feff0694-99ab-11db-937f-000e0c431b59', '140.76'), ('fea6c185-5ab6-11dc-be42-000e0c431b58', '4dc0750a-691d-11e0-adb9-001cc494be80', '130.05'), ('fea6c185-5ab6-11dc-be42-000e0c431b58', '288427e0-9732-11db-bbb4-0017315894a1', '153'), ('fea6c18d-5ab6-11dc-be42-000e0c431b58', 'feff0694-99ab-11db-937f-000e0c431b59', '160.08'), ('fea6c18d-5ab6-11dc-be42-000e0c431b58', '4dc0750a-691d-11e0-adb9-001cc494be80', '147.9'), ('fea6c18d-5ab6-11dc-be42-000e0c431b58', '288427e0-9732-11db-bbb4-0017315894a1', '174'), ('fea6c17b-5ab6-11dc-be42-000e0c431b58', 'feff0694-99ab-11db-937f-000e0c431b59', '140.76'), ('fea6c17b-5ab6-11dc-be42-000e0c431b58', '4dc0750a-691d-11e0-adb9-001cc494be80', '130.05'), ('fea6c17b-5ab6-11dc-be42-000e0c431b58', '288427e0-9732-11db-bbb4-0017315894a1', '153'), ('fea6c181-5ab6-11dc-be42-000e0c431b58', 'feff0694-99ab-11db-937f-000e0c431b59', '140.76'), ('fea6c181-5ab6-11dc-be42-000e0c431b58', '4dc0750a-691d-11e0-adb9-001cc494be80', '130.05');
INSERT INTO `ShopItemsPrices` (`item`, `price`, `value`) VALUES ('fea6c181-5ab6-11dc-be42-000e0c431b58', '288427e0-9732-11db-bbb4-0017315894a1', '153'), ('fea6c167-5ab6-11dc-be42-000e0c431b58', 'feff0694-99ab-11db-937f-000e0c431b59', '140.76'), ('fea6c167-5ab6-11dc-be42-000e0c431b58', '4dc0750a-691d-11e0-adb9-001cc494be80', '130.05'), ('fea6c167-5ab6-11dc-be42-000e0c431b58', '288427e0-9732-11db-bbb4-0017315894a1', '153'), ('fea6c177-5ab6-11dc-be42-000e0c431b58', 'feff0694-99ab-11db-937f-000e0c431b59', '140.76'), ('fea6c177-5ab6-11dc-be42-000e0c431b58', '4dc0750a-691d-11e0-adb9-001cc494be80', '130.05'), ('fea6c177-5ab6-11dc-be42-000e0c431b58', '288427e0-9732-11db-bbb4-0017315894a1', '153'), ('fea6c179-5ab6-11dc-be42-000e0c431b58', 'feff0694-99ab-11db-937f-000e0c431b59', '140.76'), ('fea6c179-5ab6-11dc-be42-000e0c431b58', '4dc0750a-691d-11e0-adb9-001cc494be80', '130.05'), ('fea6c179-5ab6-11dc-be42-000e0c431b58', '288427e0-9732-11db-bbb4-0017315894a1', '153'), ('fea6c171-5ab6-11dc-be42-000e0c431b58', 'feff0694-99ab-11db-937f-000e0c431b59', '140.76'), ('fea6c171-5ab6-11dc-be42-000e0c431b58', '4dc0750a-691d-11e0-adb9-001cc494be80', '130.05'), ('fea6c171-5ab6-11dc-be42-000e0c431b58', '288427e0-9732-11db-bbb4-0017315894a1', '153'), ('fea6c17f-5ab6-11dc-be42-000e0c431b58', 'feff0694-99ab-11db-937f-000e0c431b59', '140.76'), ('fea6c17f-5ab6-11dc-be42-000e0c431b58', '4dc0750a-691d-11e0-adb9-001cc494be80', '130.05'), ('fea6c17f-5ab6-11dc-be42-000e0c431b58', '288427e0-9732-11db-bbb4-0017315894a1', '153'), ('fea6c169-5ab6-11dc-be42-000e0c431b58', 'feff0694-99ab-11db-937f-000e0c431b59', '140.76'), ('fea6c169-5ab6-11dc-be42-000e0c431b58', '4dc0750a-691d-11e0-adb9-001cc494be80', '130.05'), ('fea6c169-5ab6-11dc-be42-000e0c431b58', '288427e0-9732-11db-bbb4-0017315894a1', '153'), ('fea6c16b-5ab6-11dc-be42-000e0c431b58', 'feff0694-99ab-11db-937f-000e0c431b59', '140.76'), ('fea6c16b-5ab6-11dc-be42-000e0c431b58', '4dc0750a-691d-11e0-adb9-001cc494be80', '130.05'), ('fea6c16b-5ab6-11dc-be42-000e0c431b58', '288427e0-9732-11db-bbb4-0017315894a1', '153'), ('fea6c165-5ab6-11dc-be42-000e0c431b58', 'feff0694-99ab-11db-937f-000e0c431b59', '140.76'), ('fea6c165-5ab6-11dc-be42-000e0c431b58', '4dc0750a-691d-11e0-adb9-001cc494be80', '130.05'), ('fea6c165-5ab6-11dc-be42-000e0c431b58', '288427e0-9732-11db-bbb4-0017315894a1', '153'), ('fea6c189-5ab6-11dc-be42-000e0c431b58', 'feff0694-99ab-11db-937f-000e0c431b59', '160.08'), ('fea6c189-5ab6-11dc-be42-000e0c431b58', '4dc0750a-691d-11e0-adb9-001cc494be80', '147.9'), ('fea6c189-5ab6-11dc-be42-000e0c431b58', '288427e0-9732-11db-bbb4-0017315894a1', '174'), ('9291c63c-5ab3-11dc-be42-000e0c431b58', 'feff0694-99ab-11db-937f-000e0c431b59', '140.76'), ('9291c63c-5ab3-11dc-be42-000e0c431b58', '4dc0750a-691d-11e0-adb9-001cc494be80', '130.05'), ('9291c63c-5ab3-11dc-be42-000e0c431b58', '288427e0-9732-11db-bbb4-0017315894a1', '153'), ('fea6c191-5ab6-11dc-be42-000e0c431b58', 'feff0694-99ab-11db-937f-000e0c431b59', '140.76'), ('fea6c191-5ab6-11dc-be42-000e0c431b58', '4dc0750a-691d-11e0-adb9-001cc494be80', '130.05'), ('fea6c191-5ab6-11dc-be42-000e0c431b58', '288427e0-9732-11db-bbb4-0017315894a1', '153'), ('076d213b-4380-11de-8f53-000e0c431b58', 'feff0694-99ab-11db-937f-000e0c431b59', '339.48'), ('076d213b-4380-11de-8f53-000e0c431b58', '4dc0750a-691d-11e0-adb9-001cc494be80', '313.65'), ('076d213b-4380-11de-8f53-000e0c431b58', '288427e0-9732-11db-bbb4-0017315894a1', '369'), ('da49edc1-58f9-11e0-894e-000e0c431b58', 'feff0694-99ab-11db-937f-000e0c431b59', '4047.08'), ('da49edc1-58f9-11e0-894e-000e0c431b58', '4dc0750a-691d-11e0-adb9-001cc494be80', '3739.15'), ('da49edc1-58f9-11e0-894e-000e0c431b58', '288427e0-9732-11db-bbb4-0017315894a1', '4399'), ('076d213d-4380-11de-8f53-000e0c431b58', 'feff0694-99ab-11db-937f-000e0c431b59', '854.68'), ('076d213d-4380-11de-8f53-000e0c431b58', '4dc0750a-691d-11e0-adb9-001cc494be80', '789.65'), ('076d213d-4380-11de-8f53-000e0c431b58', '288427e0-9732-11db-bbb4-0017315894a1', '929'), ('df210450-93af-11e3-82a4-005056be1f7b', 'feff0694-99ab-11db-937f-000e0c431b59', '339.48'), ('df210450-93af-11e3-82a4-005056be1f7b', '4dc0750a-691d-11e0-adb9-001cc494be80', '313.65'), ('df210450-93af-11e3-82a4-005056be1f7b', '288427e0-9732-11db-bbb4-0017315894a1', '369'), ('f0ad1dd1-1f91-11e4-9591-005056be1f7b', 'feff0694-99ab-11db-937f-000e0c431b59', '4047.08'), ('f0ad1dd1-1f91-11e4-9591-005056be1f7b', '4dc0750a-691d-11e0-adb9-001cc494be80', '3739.15'), ('f0ad1dd1-1f91-11e4-9591-005056be1f7b', '288427e0-9732-11db-bbb4-0017315894a1', '4399'), ('e8976171-93af-11e3-82a4-005056be1f7b', 'feff0694-99ab-11db-937f-000e0c431b59', '854.68');
INSERT INTO `ShopItemsPrices` (`item`, `price`, `value`) VALUES ('e8976171-93af-11e3-82a4-005056be1f7b', '4dc0750a-691d-11e0-adb9-001cc494be80', '789.65'), ('e8976171-93af-11e3-82a4-005056be1f7b', '288427e0-9732-11db-bbb4-0017315894a1', '929'), ('076d214b-4380-11de-8f53-000e0c431b58', 'feff0694-99ab-11db-937f-000e0c431b59', '339.48'), ('076d214b-4380-11de-8f53-000e0c431b58', '4dc0750a-691d-11e0-adb9-001cc494be80', '313.65'), ('076d214b-4380-11de-8f53-000e0c431b58', '288427e0-9732-11db-bbb4-0017315894a1', '369'), ('da49edc3-58f9-11e0-894e-000e0c431b58', 'feff0694-99ab-11db-937f-000e0c431b59', '4047.08'), ('da49edc3-58f9-11e0-894e-000e0c431b58', '4dc0750a-691d-11e0-adb9-001cc494be80', '3739.15'), ('da49edc3-58f9-11e0-894e-000e0c431b58', '288427e0-9732-11db-bbb4-0017315894a1', '4399'), ('076d214d-4380-11de-8f53-000e0c431b58', 'feff0694-99ab-11db-937f-000e0c431b59', '854.68'), ('076d214d-4380-11de-8f53-000e0c431b58', '4dc0750a-691d-11e0-adb9-001cc494be80', '789.65'), ('076d214d-4380-11de-8f53-000e0c431b58', '288427e0-9732-11db-bbb4-0017315894a1', '929'), ('076d213f-4380-11de-8f53-000e0c431b58', 'feff0694-99ab-11db-937f-000e0c431b59', '339.48'), ('076d213f-4380-11de-8f53-000e0c431b58', '4dc0750a-691d-11e0-adb9-001cc494be80', '313.65'), ('076d213f-4380-11de-8f53-000e0c431b58', '288427e0-9732-11db-bbb4-0017315894a1', '369'), ('da49edc5-58f9-11e0-894e-000e0c431b58', 'feff0694-99ab-11db-937f-000e0c431b59', '4047.08'), ('da49edc5-58f9-11e0-894e-000e0c431b58', '4dc0750a-691d-11e0-adb9-001cc494be80', '3739.15'), ('da49edc5-58f9-11e0-894e-000e0c431b58', '288427e0-9732-11db-bbb4-0017315894a1', '4399'), ('076d2141-4380-11de-8f53-000e0c431b58', 'feff0694-99ab-11db-937f-000e0c431b59', '854.68'), ('076d2141-4380-11de-8f53-000e0c431b58', '4dc0750a-691d-11e0-adb9-001cc494be80', '789.65'), ('076d2141-4380-11de-8f53-000e0c431b58', '288427e0-9732-11db-bbb4-0017315894a1', '929'), ('076d2143-4380-11de-8f53-000e0c431b58', 'feff0694-99ab-11db-937f-000e0c431b59', '339.48'), ('076d2143-4380-11de-8f53-000e0c431b58', '4dc0750a-691d-11e0-adb9-001cc494be80', '313.65'), ('076d2143-4380-11de-8f53-000e0c431b58', '288427e0-9732-11db-bbb4-0017315894a1', '369'), ('da49edc7-58f9-11e0-894e-000e0c431b58', 'feff0694-99ab-11db-937f-000e0c431b59', '4047.08'), ('da49edc7-58f9-11e0-894e-000e0c431b58', '4dc0750a-691d-11e0-adb9-001cc494be80', '3739.15'), ('da49edc7-58f9-11e0-894e-000e0c431b58', '288427e0-9732-11db-bbb4-0017315894a1', '4399'), ('076d2145-4380-11de-8f53-000e0c431b58', 'feff0694-99ab-11db-937f-000e0c431b59', '854.68'), ('076d2145-4380-11de-8f53-000e0c431b58', '4dc0750a-691d-11e0-adb9-001cc494be80', '789.65'), ('076d2145-4380-11de-8f53-000e0c431b58', '288427e0-9732-11db-bbb4-0017315894a1', '929'), ('fbb89466-93af-11e3-82a4-005056be1f7b', 'feff0694-99ab-11db-937f-000e0c431b59', '339.48'), ('fbb89466-93af-11e3-82a4-005056be1f7b', '4dc0750a-691d-11e0-adb9-001cc494be80', '313.65'), ('fbb89466-93af-11e3-82a4-005056be1f7b', '288427e0-9732-11db-bbb4-0017315894a1', '369'), ('04834f06-93b0-11e3-82a4-005056be1f7b', 'feff0694-99ab-11db-937f-000e0c431b59', '854.68'), ('04834f06-93b0-11e3-82a4-005056be1f7b', '4dc0750a-691d-11e0-adb9-001cc494be80', '789.65'), ('04834f06-93b0-11e3-82a4-005056be1f7b', '288427e0-9732-11db-bbb4-0017315894a1', '929'), ('076d2147-4380-11de-8f53-000e0c431b58', 'feff0694-99ab-11db-937f-000e0c431b59', '339.48'), ('076d2147-4380-11de-8f53-000e0c431b58', '4dc0750a-691d-11e0-adb9-001cc494be80', '313.65'), ('076d2147-4380-11de-8f53-000e0c431b58', '288427e0-9732-11db-bbb4-0017315894a1', '369'), ('da49edc9-58f9-11e0-894e-000e0c431b58', 'feff0694-99ab-11db-937f-000e0c431b59', '4047.08'), ('da49edc9-58f9-11e0-894e-000e0c431b58', '4dc0750a-691d-11e0-adb9-001cc494be80', '3739.15'), ('da49edc9-58f9-11e0-894e-000e0c431b58', '288427e0-9732-11db-bbb4-0017315894a1', '4399'), ('076d2149-4380-11de-8f53-000e0c431b58', 'feff0694-99ab-11db-937f-000e0c431b59', '854.68'), ('076d2149-4380-11de-8f53-000e0c431b58', '4dc0750a-691d-11e0-adb9-001cc494be80', '789.65'), ('076d2149-4380-11de-8f53-000e0c431b58', '288427e0-9732-11db-bbb4-0017315894a1', '929'), ('1bd57597-93b0-11e3-82a4-005056be1f7b', 'feff0694-99ab-11db-937f-000e0c431b59', '339.48'), ('1bd57597-93b0-11e3-82a4-005056be1f7b', '4dc0750a-691d-11e0-adb9-001cc494be80', '313.65'), ('1bd57597-93b0-11e3-82a4-005056be1f7b', '288427e0-9732-11db-bbb4-0017315894a1', '369'), ('13ce3df2-93b0-11e3-82a4-005056be1f7b', 'feff0694-99ab-11db-937f-000e0c431b59', '854.68'), ('13ce3df2-93b0-11e3-82a4-005056be1f7b', '4dc0750a-691d-11e0-adb9-001cc494be80', '789.65'), ('13ce3df2-93b0-11e3-82a4-005056be1f7b', '288427e0-9732-11db-bbb4-0017315894a1', '929');
INSERT INTO `ShopItemsPrices` (`item`, `price`, `value`) VALUES ('076d2137-4380-11de-8f53-000e0c431b58', 'feff0694-99ab-11db-937f-000e0c431b59', '339.48'), ('076d2137-4380-11de-8f53-000e0c431b58', '4dc0750a-691d-11e0-adb9-001cc494be80', '313.65'), ('076d2137-4380-11de-8f53-000e0c431b58', '288427e0-9732-11db-bbb4-0017315894a1', '369'), ('da49edcb-58f9-11e0-894e-000e0c431b58', 'feff0694-99ab-11db-937f-000e0c431b59', '4047.08'), ('da49edcb-58f9-11e0-894e-000e0c431b58', '4dc0750a-691d-11e0-adb9-001cc494be80', '3739.15'), ('da49edcb-58f9-11e0-894e-000e0c431b58', '288427e0-9732-11db-bbb4-0017315894a1', '4399'), ('076d2139-4380-11de-8f53-000e0c431b58', 'feff0694-99ab-11db-937f-000e0c431b59', '854.68'), ('076d2139-4380-11de-8f53-000e0c431b58', '4dc0750a-691d-11e0-adb9-001cc494be80', '789.65'), ('076d2139-4380-11de-8f53-000e0c431b58', '288427e0-9732-11db-bbb4-0017315894a1', '929'), ('b182dc51-f994-11e2-98ef-005056be3574', 'feff0694-99ab-11db-937f-000e0c431b59', '495.88'), ('b182dc51-f994-11e2-98ef-005056be3574', '4dc0750a-691d-11e0-adb9-001cc494be80', '458.15'), ('b182dc51-f994-11e2-98ef-005056be3574', '288427e0-9732-11db-bbb4-0017315894a1', '539'), ('c4df9e0d-00c0-11e2-a554-005056be3bd8', 'feff0694-99ab-11db-937f-000e0c431b59', '495.88'), ('c4df9e0d-00c0-11e2-a554-005056be3bd8', '4dc0750a-691d-11e0-adb9-001cc494be80', '458.15'), ('c4df9e0d-00c0-11e2-a554-005056be3bd8', '288427e0-9732-11db-bbb4-0017315894a1', '539'), ('c4df9e0f-00c0-11e2-a554-005056be3bd8', 'feff0694-99ab-11db-937f-000e0c431b59', '495.88'), ('c4df9e0f-00c0-11e2-a554-005056be3bd8', '4dc0750a-691d-11e0-adb9-001cc494be80', '458.15'), ('c4df9e0f-00c0-11e2-a554-005056be3bd8', '288427e0-9732-11db-bbb4-0017315894a1', '539'), ('c4df9e13-00c0-11e2-a554-005056be3bd8', 'feff0694-99ab-11db-937f-000e0c431b59', '495.88'), ('c4df9e13-00c0-11e2-a554-005056be3bd8', '4dc0750a-691d-11e0-adb9-001cc494be80', '458.15'), ('c4df9e13-00c0-11e2-a554-005056be3bd8', '288427e0-9732-11db-bbb4-0017315894a1', '539'), ('c4df9e11-00c0-11e2-a554-005056be3bd8', 'feff0694-99ab-11db-937f-000e0c431b59', '495.88'), ('c4df9e11-00c0-11e2-a554-005056be3bd8', '4dc0750a-691d-11e0-adb9-001cc494be80', '458.15'), ('c4df9e11-00c0-11e2-a554-005056be3bd8', '288427e0-9732-11db-bbb4-0017315894a1', '539'), ('82ebcce8-bce7-11e4-a1f3-005056be1f7b', 'feff0694-99ab-11db-937f-000e0c431b59', '5198'), ('82ebcce8-bce7-11e4-a1f3-005056be1f7b', '4dc0750a-691d-11e0-adb9-001cc494be80', '4802.5'), ('82ebcce8-bce7-11e4-a1f3-005056be1f7b', '288427e0-9732-11db-bbb4-0017315894a1', '5650'), ('3479e733-bce7-11e4-a1f3-005056be1f7b', 'feff0694-99ab-11db-937f-000e0c431b59', '1076.4'), ('3479e733-bce7-11e4-a1f3-005056be1f7b', '4dc0750a-691d-11e0-adb9-001cc494be80', '994.5'), ('3479e733-bce7-11e4-a1f3-005056be1f7b', '288427e0-9732-11db-bbb4-0017315894a1', '1170'), ('b182dc4f-f994-11e2-98ef-005056be3574', 'feff0694-99ab-11db-937f-000e0c431b59', '495.88'), ('b182dc4f-f994-11e2-98ef-005056be3574', '4dc0750a-691d-11e0-adb9-001cc494be80', '458.15'), ('b182dc4f-f994-11e2-98ef-005056be3574', '288427e0-9732-11db-bbb4-0017315894a1', '539'), ('a6f80c96-516a-11dd-a89a-000e0c431b58', 'feff0694-99ab-11db-937f-000e0c431b59', '486.68'), ('a6f80c96-516a-11dd-a89a-000e0c431b58', '4dc0750a-691d-11e0-adb9-001cc494be80', '449.65'), ('a6f80c96-516a-11dd-a89a-000e0c431b58', '288427e0-9732-11db-bbb4-0017315894a1', '529'), ('a6f80c98-516a-11dd-a89a-000e0c431b58', 'feff0694-99ab-11db-937f-000e0c431b59', '891.48'), ('a6f80c98-516a-11dd-a89a-000e0c431b58', '4dc0750a-691d-11e0-adb9-001cc494be80', '823.65'), ('a6f80c98-516a-11dd-a89a-000e0c431b58', '288427e0-9732-11db-bbb4-0017315894a1', '969'), ('56a6f723-ea03-11de-860d-000e0c431b58', 'feff0694-99ab-11db-937f-000e0c431b59', '1581.48'), ('56a6f723-ea03-11de-860d-000e0c431b58', '4dc0750a-691d-11e0-adb9-001cc494be80', '1461.15'), ('56a6f723-ea03-11de-860d-000e0c431b58', '288427e0-9732-11db-bbb4-0017315894a1', '1719'), ('a6f80c9c-516a-11dd-a89a-000e0c431b58', 'feff0694-99ab-11db-937f-000e0c431b59', '275.08'), ('a6f80c9c-516a-11dd-a89a-000e0c431b58', '4dc0750a-691d-11e0-adb9-001cc494be80', '254.15'), ('a6f80c9c-516a-11dd-a89a-000e0c431b58', '288427e0-9732-11db-bbb4-0017315894a1', '299'), ('a6f80c9e-516a-11dd-a89a-000e0c431b58', 'feff0694-99ab-11db-937f-000e0c431b59', '514.28'), ('a6f80c9e-516a-11dd-a89a-000e0c431b58', '4dc0750a-691d-11e0-adb9-001cc494be80', '475.15'), ('a6f80c9e-516a-11dd-a89a-000e0c431b58', '288427e0-9732-11db-bbb4-0017315894a1', '559'), ('992163db-a731-11de-90d4-000e0c431b58', 'feff0694-99ab-11db-937f-000e0c431b59', '909.88'), ('992163db-a731-11de-90d4-000e0c431b58', '4dc0750a-691d-11e0-adb9-001cc494be80', '840.65');
INSERT INTO `ShopItemsPrices` (`item`, `price`, `value`) VALUES ('992163db-a731-11de-90d4-000e0c431b58', '288427e0-9732-11db-bbb4-0017315894a1', '989'), ('a6f80ca2-516a-11dd-a89a-000e0c431b58', 'feff0694-99ab-11db-937f-000e0c431b59', '495.88'), ('a6f80ca2-516a-11dd-a89a-000e0c431b58', '4dc0750a-691d-11e0-adb9-001cc494be80', '458.15'), ('a6f80ca2-516a-11dd-a89a-000e0c431b58', '288427e0-9732-11db-bbb4-0017315894a1', '539'), ('a6f80ca4-516a-11dd-a89a-000e0c431b58', 'feff0694-99ab-11db-937f-000e0c431b59', '965.08'), ('a6f80ca4-516a-11dd-a89a-000e0c431b58', '4dc0750a-691d-11e0-adb9-001cc494be80', '891.65'), ('a6f80ca4-516a-11dd-a89a-000e0c431b58', '288427e0-9732-11db-bbb4-0017315894a1', '1049'), ('129c7f4d-5273-11de-8f53-000e0c431b58', 'feff0694-99ab-11db-937f-000e0c431b59', '1618.28'), ('129c7f4d-5273-11de-8f53-000e0c431b58', '4dc0750a-691d-11e0-adb9-001cc494be80', '1495.15'), ('129c7f4d-5273-11de-8f53-000e0c431b58', '288427e0-9732-11db-bbb4-0017315894a1', '1759'), ('047805a5-fe8c-11e3-bbdb-005056be1f7b', 'feff0694-99ab-11db-937f-000e0c431b59', '385.48'), ('047805a5-fe8c-11e3-bbdb-005056be1f7b', '4dc0750a-691d-11e0-adb9-001cc494be80', '356.15'), ('047805a5-fe8c-11e3-bbdb-005056be1f7b', '288427e0-9732-11db-bbb4-0017315894a1', '419'), ('7a3c5db3-777c-11de-9531-000e0c431b58', 'feff0694-99ab-11db-937f-000e0c431b59', '725.88'), ('7a3c5db3-777c-11de-9531-000e0c431b58', '4dc0750a-691d-11e0-adb9-001cc494be80', '670.65'), ('7a3c5db3-777c-11de-9531-000e0c431b58', '288427e0-9732-11db-bbb4-0017315894a1', '789'), ('7a3c5db1-777c-11de-9531-000e0c431b58', 'feff0694-99ab-11db-937f-000e0c431b59', '1287.08'), ('7a3c5db1-777c-11de-9531-000e0c431b58', '4dc0750a-691d-11e0-adb9-001cc494be80', '1189.15'), ('7a3c5db1-777c-11de-9531-000e0c431b58', '288427e0-9732-11db-bbb4-0017315894a1', '1399'), ('e242e97f-f29b-11dd-9439-000e0c431b58', 'feff0694-99ab-11db-937f-000e0c431b59', '3025.88'), ('e242e97f-f29b-11dd-9439-000e0c431b58', '4dc0750a-691d-11e0-adb9-001cc494be80', '2795.65'), ('e242e97f-f29b-11dd-9439-000e0c431b58', '288427e0-9732-11db-bbb4-0017315894a1', '3289'), ('a6f80ca8-516a-11dd-a89a-000e0c431b58', 'feff0694-99ab-11db-937f-000e0c431b59', '1029.48'), ('a6f80ca8-516a-11dd-a89a-000e0c431b58', '4dc0750a-691d-11e0-adb9-001cc494be80', '951.15'), ('a6f80ca8-516a-11dd-a89a-000e0c431b58', '288427e0-9732-11db-bbb4-0017315894a1', '1119'), ('56f519d0-4f2c-11de-8f53-000e0c431b58', 'feff0694-99ab-11db-937f-000e0c431b59', '1829.88'), ('56f519d0-4f2c-11de-8f53-000e0c431b58', '4dc0750a-691d-11e0-adb9-001cc494be80', '1690.65'), ('56f519d0-4f2c-11de-8f53-000e0c431b58', '288427e0-9732-11db-bbb4-0017315894a1', '1989'), ('7a3c5db7-777c-11de-9531-000e0c431b58', 'feff0694-99ab-11db-937f-000e0c431b59', '790.28'), ('7a3c5db7-777c-11de-9531-000e0c431b58', '4dc0750a-691d-11e0-adb9-001cc494be80', '730.15'), ('7a3c5db7-777c-11de-9531-000e0c431b58', '288427e0-9732-11db-bbb4-0017315894a1', '859'), ('7a3c5db5-777c-11de-9531-000e0c431b58', 'feff0694-99ab-11db-937f-000e0c431b59', '1323.88'), ('7a3c5db5-777c-11de-9531-000e0c431b58', '4dc0750a-691d-11e0-adb9-001cc494be80', '1223.15'), ('7a3c5db5-777c-11de-9531-000e0c431b58', '288427e0-9732-11db-bbb4-0017315894a1', '1439'), ('a6f80cac-516a-11dd-a89a-000e0c431b58', 'feff0694-99ab-11db-937f-000e0c431b59', '514.28'), ('a6f80cac-516a-11dd-a89a-000e0c431b58', '4dc0750a-691d-11e0-adb9-001cc494be80', '475.15'), ('a6f80cac-516a-11dd-a89a-000e0c431b58', '288427e0-9732-11db-bbb4-0017315894a1', '559'), ('a6f80cae-516a-11dd-a89a-000e0c431b58', 'feff0694-99ab-11db-937f-000e0c431b59', '992.68'), ('a6f80cae-516a-11dd-a89a-000e0c431b58', '4dc0750a-691d-11e0-adb9-001cc494be80', '917.15'), ('a6f80cae-516a-11dd-a89a-000e0c431b58', '288427e0-9732-11db-bbb4-0017315894a1', '1079'), ('992163dd-a731-11de-90d4-000e0c431b58', 'feff0694-99ab-11db-937f-000e0c431b59', '1701.08'), ('992163dd-a731-11de-90d4-000e0c431b58', '4dc0750a-691d-11e0-adb9-001cc494be80', '1571.65'), ('992163dd-a731-11de-90d4-000e0c431b58', '288427e0-9732-11db-bbb4-0017315894a1', '1849'), ('e4020814-4598-11e1-8212-001cc494be80', 'feff0694-99ab-11db-937f-000e0c431b59', '1333.08'), ('e4020814-4598-11e1-8212-001cc494be80', '4dc0750a-691d-11e0-adb9-001cc494be80', '1231.65'), ('e4020814-4598-11e1-8212-001cc494be80', '288427e0-9732-11db-bbb4-0017315894a1', '1449'), ('b7e2864b-21de-11df-860d-000e0c431b58', 'feff0694-99ab-11db-937f-000e0c431b59', '1526.28'), ('b7e2864b-21de-11df-860d-000e0c431b58', '4dc0750a-691d-11e0-adb9-001cc494be80', '1410.15'), ('b7e2864b-21de-11df-860d-000e0c431b58', '288427e0-9732-11db-bbb4-0017315894a1', '1659'), ('b7e28649-21de-11df-860d-000e0c431b58', 'feff0694-99ab-11db-937f-000e0c431b59', '786.6');
INSERT INTO `ShopItemsPrices` (`item`, `price`, `value`) VALUES ('b7e28649-21de-11df-860d-000e0c431b58', '4dc0750a-691d-11e0-adb9-001cc494be80', '726.75'), ('b7e28649-21de-11df-860d-000e0c431b58', '288427e0-9732-11db-bbb4-0017315894a1', '855'), ('963b6b0a-04a8-11e3-94de-005056be3574', 'feff0694-99ab-11db-937f-000e0c431b59', '976.12'), ('963b6b0a-04a8-11e3-94de-005056be3574', '4dc0750a-691d-11e0-adb9-001cc494be80', '901.85'), ('963b6b0a-04a8-11e3-94de-005056be3574', '288427e0-9732-11db-bbb4-0017315894a1', '1065'), ('f5f1fcd6-d1c2-11e3-8b7a-005056be1f7b', 'feff0694-99ab-11db-937f-000e0c431b59', '901.6'), ('f5f1fcd6-d1c2-11e3-8b7a-005056be1f7b', '4dc0750a-691d-11e0-adb9-001cc494be80', '833'), ('f5f1fcd6-d1c2-11e3-8b7a-005056be1f7b', '288427e0-9732-11db-bbb4-0017315894a1', '979'), ('0916172c-947c-11e3-8d88-005056be1f7b', 'feff0694-99ab-11db-937f-000e0c431b59', '901.6'), ('0916172c-947c-11e3-8d88-005056be1f7b', '4dc0750a-691d-11e0-adb9-001cc494be80', '833'), ('0916172c-947c-11e3-8d88-005056be1f7b', '288427e0-9732-11db-bbb4-0017315894a1', '979'), ('fded4984-d1c2-11e3-8b7a-005056be1f7b', 'feff0694-99ab-11db-937f-000e0c431b59', '901.6'), ('fded4984-d1c2-11e3-8b7a-005056be1f7b', '4dc0750a-691d-11e0-adb9-001cc494be80', '833'), ('fded4984-d1c2-11e3-8b7a-005056be1f7b', '288427e0-9732-11db-bbb4-0017315894a1', '979'), ('d5823752-947b-11e3-8d88-005056be1f7b', 'feff0694-99ab-11db-937f-000e0c431b59', '897'), ('d5823752-947b-11e3-8d88-005056be1f7b', '4dc0750a-691d-11e0-adb9-001cc494be80', '828.75'), ('d5823752-947b-11e3-8d88-005056be1f7b', '288427e0-9732-11db-bbb4-0017315894a1', '975'), ('076d216b-4380-11de-8f53-000e0c431b58', 'feff0694-99ab-11db-937f-000e0c431b59', '41.4'), ('076d216b-4380-11de-8f53-000e0c431b58', '4dc0750a-691d-11e0-adb9-001cc494be80', '38.25'), ('076d216b-4380-11de-8f53-000e0c431b58', '288427e0-9732-11db-bbb4-0017315894a1', '45'), ('35c08333-4386-11de-8f53-000e0c431b58', 'feff0694-99ab-11db-937f-000e0c431b59', '41.4'), ('35c08333-4386-11de-8f53-000e0c431b58', '4dc0750a-691d-11e0-adb9-001cc494be80', '38.25'), ('35c08333-4386-11de-8f53-000e0c431b58', '288427e0-9732-11db-bbb4-0017315894a1', '45'), ('35c08337-4386-11de-8f53-000e0c431b58', 'feff0694-99ab-11db-937f-000e0c431b59', '41.4'), ('35c08337-4386-11de-8f53-000e0c431b58', '4dc0750a-691d-11e0-adb9-001cc494be80', '38.25'), ('35c08337-4386-11de-8f53-000e0c431b58', '288427e0-9732-11db-bbb4-0017315894a1', '45'), ('35c08339-4386-11de-8f53-000e0c431b58', 'feff0694-99ab-11db-937f-000e0c431b59', '41.4'), ('35c08339-4386-11de-8f53-000e0c431b58', '4dc0750a-691d-11e0-adb9-001cc494be80', '38.25'), ('35c08339-4386-11de-8f53-000e0c431b58', '288427e0-9732-11db-bbb4-0017315894a1', '45'), ('35c0833b-4386-11de-8f53-000e0c431b58', 'feff0694-99ab-11db-937f-000e0c431b59', '41.4'), ('35c0833b-4386-11de-8f53-000e0c431b58', '4dc0750a-691d-11e0-adb9-001cc494be80', '38.25'), ('35c0833b-4386-11de-8f53-000e0c431b58', '288427e0-9732-11db-bbb4-0017315894a1', '45'), ('35c0833d-4386-11de-8f53-000e0c431b58', 'feff0694-99ab-11db-937f-000e0c431b59', '41.4'), ('35c0833d-4386-11de-8f53-000e0c431b58', '4dc0750a-691d-11e0-adb9-001cc494be80', '38.25'), ('35c0833d-4386-11de-8f53-000e0c431b58', '288427e0-9732-11db-bbb4-0017315894a1', '45'), ('35c0833f-4386-11de-8f53-000e0c431b58', 'feff0694-99ab-11db-937f-000e0c431b59', '41.4'), ('35c0833f-4386-11de-8f53-000e0c431b58', '4dc0750a-691d-11e0-adb9-001cc494be80', '38.25'), ('35c0833f-4386-11de-8f53-000e0c431b58', '288427e0-9732-11db-bbb4-0017315894a1', '45'), ('35c08341-4386-11de-8f53-000e0c431b58', 'feff0694-99ab-11db-937f-000e0c431b59', '41.4'), ('35c08341-4386-11de-8f53-000e0c431b58', '4dc0750a-691d-11e0-adb9-001cc494be80', '38.25'), ('35c08341-4386-11de-8f53-000e0c431b58', '288427e0-9732-11db-bbb4-0017315894a1', '45'), ('35c08343-4386-11de-8f53-000e0c431b58', 'feff0694-99ab-11db-937f-000e0c431b59', '41.4'), ('35c08343-4386-11de-8f53-000e0c431b58', '4dc0750a-691d-11e0-adb9-001cc494be80', '38.25'), ('35c08343-4386-11de-8f53-000e0c431b58', '288427e0-9732-11db-bbb4-0017315894a1', '45'), ('076d216d-4380-11de-8f53-000e0c431b58', 'feff0694-99ab-11db-937f-000e0c431b59', '41.4'), ('076d216d-4380-11de-8f53-000e0c431b58', '4dc0750a-691d-11e0-adb9-001cc494be80', '38.25'), ('076d216d-4380-11de-8f53-000e0c431b58', '288427e0-9732-11db-bbb4-0017315894a1', '45'), ('076d216f-4380-11de-8f53-000e0c431b58', 'feff0694-99ab-11db-937f-000e0c431b59', '41.4'), ('076d216f-4380-11de-8f53-000e0c431b58', '4dc0750a-691d-11e0-adb9-001cc494be80', '38.25'), ('076d216f-4380-11de-8f53-000e0c431b58', '288427e0-9732-11db-bbb4-0017315894a1', '45');
INSERT INTO `ShopItemsPrices` (`item`, `price`, `value`) VALUES ('076d2173-4380-11de-8f53-000e0c431b58', 'feff0694-99ab-11db-937f-000e0c431b59', '41.4'), ('076d2173-4380-11de-8f53-000e0c431b58', '4dc0750a-691d-11e0-adb9-001cc494be80', '38.25'), ('076d2173-4380-11de-8f53-000e0c431b58', '288427e0-9732-11db-bbb4-0017315894a1', '45'), ('35c08325-4386-11de-8f53-000e0c431b58', 'feff0694-99ab-11db-937f-000e0c431b59', '41.4'), ('35c08325-4386-11de-8f53-000e0c431b58', '4dc0750a-691d-11e0-adb9-001cc494be80', '38.25'), ('35c08325-4386-11de-8f53-000e0c431b58', '288427e0-9732-11db-bbb4-0017315894a1', '45'), ('35c08327-4386-11de-8f53-000e0c431b58', 'feff0694-99ab-11db-937f-000e0c431b59', '41.4'), ('35c08327-4386-11de-8f53-000e0c431b58', '4dc0750a-691d-11e0-adb9-001cc494be80', '38.25'), ('35c08327-4386-11de-8f53-000e0c431b58', '288427e0-9732-11db-bbb4-0017315894a1', '45'), ('35c08329-4386-11de-8f53-000e0c431b58', 'feff0694-99ab-11db-937f-000e0c431b59', '41.4'), ('35c08329-4386-11de-8f53-000e0c431b58', '4dc0750a-691d-11e0-adb9-001cc494be80', '38.25'), ('35c08329-4386-11de-8f53-000e0c431b58', '288427e0-9732-11db-bbb4-0017315894a1', '45'), ('35c0832b-4386-11de-8f53-000e0c431b58', 'feff0694-99ab-11db-937f-000e0c431b59', '41.4'), ('35c0832b-4386-11de-8f53-000e0c431b58', '4dc0750a-691d-11e0-adb9-001cc494be80', '38.25'), ('35c0832b-4386-11de-8f53-000e0c431b58', '288427e0-9732-11db-bbb4-0017315894a1', '45'), ('35c0832d-4386-11de-8f53-000e0c431b58', 'feff0694-99ab-11db-937f-000e0c431b59', '41.4'), ('35c0832d-4386-11de-8f53-000e0c431b58', '4dc0750a-691d-11e0-adb9-001cc494be80', '38.25'), ('35c0832d-4386-11de-8f53-000e0c431b58', '288427e0-9732-11db-bbb4-0017315894a1', '45'), ('35c0832f-4386-11de-8f53-000e0c431b58', 'feff0694-99ab-11db-937f-000e0c431b59', '41.4'), ('35c0832f-4386-11de-8f53-000e0c431b58', '4dc0750a-691d-11e0-adb9-001cc494be80', '38.25'), ('35c0832f-4386-11de-8f53-000e0c431b58', '288427e0-9732-11db-bbb4-0017315894a1', '45'), ('35c08331-4386-11de-8f53-000e0c431b58', 'feff0694-99ab-11db-937f-000e0c431b59', '41.4'), ('35c08331-4386-11de-8f53-000e0c431b58', '4dc0750a-691d-11e0-adb9-001cc494be80', '38.25'), ('35c08331-4386-11de-8f53-000e0c431b58', '288427e0-9732-11db-bbb4-0017315894a1', '45'), ('35c08335-4386-11de-8f53-000e0c431b58', 'feff0694-99ab-11db-937f-000e0c431b59', '41.4'), ('35c08335-4386-11de-8f53-000e0c431b58', '4dc0750a-691d-11e0-adb9-001cc494be80', '38.25'), ('35c08335-4386-11de-8f53-000e0c431b58', '288427e0-9732-11db-bbb4-0017315894a1', '45');

--
-- Success
--

UPDATE `ShopImportLogs` SET `success`='1', `errors`='0', `warnings`='0' WHERE `importDate` = '2015-03-26 11:31:31' AND `exportDate` = '2015-03-26 12:11:33' AND `user` = 'raymefise';